
INSERT INTO Ticket VALUES(X'e0aa4e9d6ef1bb378838858d47969e985254f3a50c3fd1927127fce8f5d792dd', 'a62141', 1, 0);
INSERT INTO Transaction VALUES('4566731454UY445982', 'a62141', X'e0aa4e9d6ef1bb378838858d47969e985254f3a50c3fd1927127fce8f5d792dd', 2.05, '2020-05-22 03:27:10');
INSERT INTO Ticket VALUES(X'8d28ee7fa1de6a314fb13dfa27a418f602c5b1524be2b29911c3f4b3889ba72e', 'a16297', 1, 0);
INSERT INTO Transaction VALUES('87272594R009898378', 'a16297', X'8d28ee7fa1de6a314fb13dfa27a418f602c5b1524be2b29911c3f4b3889ba72e', 2.05, '2020-05-29 18:42:29');
INSERT INTO Ticket VALUES(X'6b6346e94db41d4ae1fe250c16a6f8aa44e7654dc9640448a2bf6801843daf09', 'a08585', 1, 0);
INSERT INTO Transaction VALUES('133056527K03961518', 'a08585', X'6b6346e94db41d4ae1fe250c16a6f8aa44e7654dc9640448a2bf6801843daf09', 2.05, '2020-06-30 07:55:34');
INSERT INTO Ticket VALUES(X'4200ddf1d56a1e3ba6ed25bb0191f4062a3cfb748ff9c210ff2c2c9182ec11ad', 'a58814', 1, 0);
INSERT INTO Transaction VALUES('6383005024222486L0', 'a58814', X'4200ddf1d56a1e3ba6ed25bb0191f4062a3cfb748ff9c210ff2c2c9182ec11ad', 2.05, '2020-06-20 02:48:02');
INSERT INTO Ticket VALUES(X'c893362612dd72239c76287cf3d56cede28dc931ed251f07b89e913bf83e1b8e', 'a53258', 2, 0);
INSERT INTO Transaction VALUES('99399521173707K955', 'a53258', X'c893362612dd72239c76287cf3d56cede28dc931ed251f07b89e913bf83e1b8e', 2.7, '2020-06-12 15:54:32');
INSERT INTO Ticket VALUES(X'123030813d0be8d7c18c205b97ed012aaa4e49b76ab5fa139ab2a82a53c2df10', 'a18700', 2, 0);
INSERT INTO Transaction VALUES('OA452337Z590838459', 'a18700', X'123030813d0be8d7c18c205b97ed012aaa4e49b76ab5fa139ab2a82a53c2df10', 2.7, '2020-05-03 19:39:41');
INSERT INTO Ticket VALUES(X'7ebb2f64c7cef844dbf510ccbe7744005aecd899626affd6562c0b5bb66f101d', 'a20044', 2, 0);
INSERT INTO Transaction VALUES('3192590Z271W717999', 'a20044', X'7ebb2f64c7cef844dbf510ccbe7744005aecd899626affd6562c0b5bb66f101d', 2.7, '2020-05-30 15:16:20');
INSERT INTO Ticket VALUES(X'2be803344939182c9043db7a7c986603ba48fac34ba285dd7d4238758a4eb1a7', 'a67857', 2, 0);
INSERT INTO Transaction VALUES('C97177586190600970', 'a67857', X'2be803344939182c9043db7a7c986603ba48fac34ba285dd7d4238758a4eb1a7', 2.7, '2020-05-28 22:31:10');
INSERT INTO Ticket VALUES(X'794158293705ac4c4f37a5c6ec68e18b0d84c3ba6c55d7ed80ec28abca075094', 'a00759', 1, 0);
INSERT INTO Transaction VALUES('79A04M455173726188', 'a00759', X'794158293705ac4c4f37a5c6ec68e18b0d84c3ba6c55d7ed80ec28abca075094', 2.05, '2020-04-24 16:08:15');
INSERT INTO Ticket VALUES(X'6bb447c559d4c67b04e4bf03e51c292e20b0ce26acc86f67115f31dcd083eb79', 'a90730', 1, 0);
INSERT INTO Transaction VALUES('6516445V5872Q3674W', 'a90730', X'6bb447c559d4c67b04e4bf03e51c292e20b0ce26acc86f67115f31dcd083eb79', 2.05, '2020-04-13 10:05:11');
INSERT INTO Ticket VALUES(X'bdda56ddacb21361af973de07d0db89709dd723cb1a05329cd93da2732395975', 'a52516', 2, 0);
INSERT INTO Transaction VALUES('0G7163551063C04744', 'a52516', X'bdda56ddacb21361af973de07d0db89709dd723cb1a05329cd93da2732395975', 2.7, '2020-06-10 03:09:15');
INSERT INTO Ticket VALUES(X'cd2b2eb413f9f3431c353668dcbb8fb03e6f2c6922fed4f2e7ddb835864fee38', 'a12867', 2, 0);
INSERT INTO Transaction VALUES('605086174678657225', 'a12867', X'cd2b2eb413f9f3431c353668dcbb8fb03e6f2c6922fed4f2e7ddb835864fee38', 2.7, '2020-06-27 12:32:11');
INSERT INTO Ticket VALUES(X'a2bf6766acb6dc5ba8f860aa31da9893c5c952d7140199a75b7ccfbceae6b599', 'a25353', 1, 0);
INSERT INTO Transaction VALUES('D987682107280Z749L', 'a25353', X'a2bf6766acb6dc5ba8f860aa31da9893c5c952d7140199a75b7ccfbceae6b599', 2.05, '2020-05-01 01:20:25');
INSERT INTO Ticket VALUES(X'a8a5c260e15dafd39e62c1be07d6eabd8be1b32934f774229775174cf61f51f1', 'a08220', 1, 0);
INSERT INTO Transaction VALUES('932152368928063A59', 'a08220', X'a8a5c260e15dafd39e62c1be07d6eabd8be1b32934f774229775174cf61f51f1', 2.05, '2020-07-03 16:51:10');
INSERT INTO Ticket VALUES(X'59071a29c574482402eec6a7d97b2567c4a9dae4c63d5c352518f42306b85470', 'a08585', 2, 0);
INSERT INTO Transaction VALUES('783333324138503C75', 'a08585', X'59071a29c574482402eec6a7d97b2567c4a9dae4c63d5c352518f42306b85470', 2.7, '2020-04-10 05:52:44');
INSERT INTO Ticket VALUES(X'b58c6f3beff0700ae5f797acd754285ef0b374ea40c0d302b8edd9a036e49d0b', 'a79790', 1, 0);
INSERT INTO Transaction VALUES('770617906968913382', 'a79790', X'b58c6f3beff0700ae5f797acd754285ef0b374ea40c0d302b8edd9a036e49d0b', 2.05, '2020-06-07 17:29:21');
INSERT INTO Ticket VALUES(X'c74269ee0d1c9807d995bb3fca6c9e84915a889ed285df1a706d5529901c7492', 'a79863', 2, 0);
INSERT INTO Transaction VALUES('8087181338347519K6', 'a79863', X'c74269ee0d1c9807d995bb3fca6c9e84915a889ed285df1a706d5529901c7492', 2.7, '2020-06-08 16:54:50');
INSERT INTO Ticket VALUES(X'f6a209ec190d6a44d1292b2853a0690996c8851fb450419094aa587a3e703061', 'a90978', 1, 0);
INSERT INTO Transaction VALUES('66874B904958679385', 'a90978', X'f6a209ec190d6a44d1292b2853a0690996c8851fb450419094aa587a3e703061', 2.05, '2020-06-11 00:39:21');
INSERT INTO Ticket VALUES(X'2c216489cc67ae02d2adb90b24cee07630b99414bba08f08917f35d28bb81a2a', 'a67736', 1, 0);
INSERT INTO Transaction VALUES('R005W3111855538746', 'a67736', X'2c216489cc67ae02d2adb90b24cee07630b99414bba08f08917f35d28bb81a2a', 2.05, '2020-05-26 19:22:40');
INSERT INTO Ticket VALUES(X'705806031772cdcf30f40740ae6908d92dc5f4fff29f328721c8c802c302d5ec', 'a25353', 1, 0);
INSERT INTO Transaction VALUES('145093497300467789', 'a25353', X'705806031772cdcf30f40740ae6908d92dc5f4fff29f328721c8c802c302d5ec', 2.05, '2020-03-30 23:48:55');
INSERT INTO Ticket VALUES(X'd3e5d6a237f57527a2152098152d26270c3286c0a514be9f81ee7054590e8bbe', 'a37326', 1, 0);
INSERT INTO Transaction VALUES('665841018847847724', 'a37326', X'd3e5d6a237f57527a2152098152d26270c3286c0a514be9f81ee7054590e8bbe', 2.05, '2020-05-25 08:50:25');
INSERT INTO Ticket VALUES(X'f59cb4ff0444cd21d510a4c5165c92a5c6b1a59950f2b8789eb238232590b457', 'a58814', 1, 0);
INSERT INTO Transaction VALUES('801004622510635356', 'a58814', X'f59cb4ff0444cd21d510a4c5165c92a5c6b1a59950f2b8789eb238232590b457', 2.05, '2020-06-08 20:21:33');
INSERT INTO Ticket VALUES(X'933b7089d0e34fb887f3dc676ed286d3c4af20e0ca4d093bb4e7595568c33aaf', 'a55528', 2, 0);
INSERT INTO Transaction VALUES('C51234188084972630', 'a55528', X'933b7089d0e34fb887f3dc676ed286d3c4af20e0ca4d093bb4e7595568c33aaf', 2.7, '2020-04-23 15:29:37');
INSERT INTO Ticket VALUES(X'8ad1bf500b69e24f69ba70550c2944c3ae976f79a3f9205d8c593a03769983f0', 'a50692', 1, 0);
INSERT INTO Transaction VALUES('510616R73782865940', 'a50692', X'8ad1bf500b69e24f69ba70550c2944c3ae976f79a3f9205d8c593a03769983f0', 2.05, '2020-05-23 22:10:46');
INSERT INTO Ticket VALUES(X'eb765df5f869d91ad8e2b3a810666b595713bbe0a9b1e463090f5065dd400554', 'a17359', 2, 0);
INSERT INTO Transaction VALUES('F91183910701889286', 'a17359', X'eb765df5f869d91ad8e2b3a810666b595713bbe0a9b1e463090f5065dd400554', 2.7, '2020-04-16 05:29:45');
INSERT INTO Ticket VALUES(X'08a9797f34c4cdc53a31ddcaab02b9c3bdd97cceb4161df839dd0cfa3f13a893', 'a79863', 1, 0);
INSERT INTO Transaction VALUES('556096678329324982', 'a79863', X'08a9797f34c4cdc53a31ddcaab02b9c3bdd97cceb4161df839dd0cfa3f13a893', 2.05, '2020-06-19 01:39:28');
INSERT INTO Ticket VALUES(X'3911a07de329e47c3ead3e074d184d7d4f272386968022cafc970a97305eca3c', 'a04094', 1, 0);
INSERT INTO Transaction VALUES('C585422562I852UQ47', 'a04094', X'3911a07de329e47c3ead3e074d184d7d4f272386968022cafc970a97305eca3c', 2.05, '2020-06-25 13:23:44');
INSERT INTO Ticket VALUES(X'a73f379f3f82016a811e4984f4cf44a2baf44ed74e5bfc6b594a6373b55348cc', 'a80899', 1, 0);
INSERT INTO Transaction VALUES('6852646203661G0218', 'a80899', X'a73f379f3f82016a811e4984f4cf44a2baf44ed74e5bfc6b594a6373b55348cc', 2.05, '2020-07-03 13:11:36');
INSERT INTO Ticket VALUES(X'91cc55a4d58a49ce0655a0538b11a716fd2f8c030c7fedbc86c839506194bdac', 'a73073', 2, 0);
INSERT INTO Transaction VALUES('9796782100U9039377', 'a73073', X'91cc55a4d58a49ce0655a0538b11a716fd2f8c030c7fedbc86c839506194bdac', 2.7, '2020-03-27 11:33:20');
INSERT INTO Ticket VALUES(X'e601e518781fdda91a2b4624c46e6cbbc50662d423731caa6f26c782e319415f', 'a39615', 1, 0);
INSERT INTO Transaction VALUES('10216D94588I488F7K', 'a39615', X'e601e518781fdda91a2b4624c46e6cbbc50662d423731caa6f26c782e319415f', 2.05, '2020-06-15 08:19:06');
INSERT INTO Ticket VALUES(X'c2e893d5848f197e2a358dfee210dbd44dc7a85d1e01d3ccf2b8cb61c8947eaa', 'a90978', 1, 0);
INSERT INTO Transaction VALUES('22561237R890958336', 'a90978', X'c2e893d5848f197e2a358dfee210dbd44dc7a85d1e01d3ccf2b8cb61c8947eaa', 2.05, '2020-05-27 01:58:06');
INSERT INTO Ticket VALUES(X'9d1c1f8be3cb0c79cdddb5a196fb19fbeca5cc8c44687a5269a9f12464f9cfae', 'a07408', 1, 0);
INSERT INTO Transaction VALUES('363041330168253839', 'a07408', X'9d1c1f8be3cb0c79cdddb5a196fb19fbeca5cc8c44687a5269a9f12464f9cfae', 2.05, '2020-05-31 01:38:11');
INSERT INTO Ticket VALUES(X'b861c47caf0e475213502772940743842cedc1ea241be63a44f0cc45bd6309af', 'a67736', 2, 0);
INSERT INTO Transaction VALUES('98255L539897618714', 'a67736', X'b861c47caf0e475213502772940743842cedc1ea241be63a44f0cc45bd6309af', 2.7, '2020-05-05 02:04:41');
INSERT INTO Ticket VALUES(X'2584df2ac7f67b19039240f4343aad21527250287ac43f11fec5957b7ad8115b', 'a46982', 1, 0);
INSERT INTO Transaction VALUES('8E5225562O33221446', 'a46982', X'2584df2ac7f67b19039240f4343aad21527250287ac43f11fec5957b7ad8115b', 2.05, '2020-05-27 23:20:23');
INSERT INTO Ticket VALUES(X'7f821e2d1ad30b389cae60139d48720eedde12dd67e3848a2387b57e8f1d8784', 'a86517', 2, 0);
INSERT INTO Transaction VALUES('250399443549025220', 'a86517', X'7f821e2d1ad30b389cae60139d48720eedde12dd67e3848a2387b57e8f1d8784', 2.7, '2020-05-30 22:04:02');
INSERT INTO Ticket VALUES(X'e4e891b612559e2b2dff99fbb78b9e775cbee3c901449200b4f0760efccaf392', 'a98435', 2, 0);
INSERT INTO Transaction VALUES('894370839V73483635', 'a98435', X'e4e891b612559e2b2dff99fbb78b9e775cbee3c901449200b4f0760efccaf392', 2.7, '2020-06-16 02:40:31');
INSERT INTO Ticket VALUES(X'd4537fc10567b7b3b9cce98a95f674cd83d877faf9d7fb360521ae9fca83fbb7', 'a61312', 1, 0);
INSERT INTO Transaction VALUES('50345X035567291865', 'a61312', X'd4537fc10567b7b3b9cce98a95f674cd83d877faf9d7fb360521ae9fca83fbb7', 2.05, '2020-04-04 06:15:14');
INSERT INTO Ticket VALUES(X'db28dffe5d376198898b8d47aad71e80eac92143f8dcc2c52b693dcd4ca5b7f2', 'a62910', 1, 0);
INSERT INTO Transaction VALUES('1727005B7290024017', 'a62910', X'db28dffe5d376198898b8d47aad71e80eac92143f8dcc2c52b693dcd4ca5b7f2', 2.05, '2020-04-13 20:03:21');
INSERT INTO Ticket VALUES(X'86d344dc079b9758e1ceb416f9bf40a89f44b30add4d30933c6e5b4d9aec2a9b', 'a04176', 1, 0);
INSERT INTO Transaction VALUES('22X083A547T22649J0', 'a04176', X'86d344dc079b9758e1ceb416f9bf40a89f44b30add4d30933c6e5b4d9aec2a9b', 2.05, '2020-04-08 04:08:14');
INSERT INTO Ticket VALUES(X'a4fdf1f327e717a2ec983d7cfa5c005b7a76eb390bb551d1f321c11273bf638f', 'a61832', 2, 0);
INSERT INTO Transaction VALUES('E24843Y8330J536131', 'a61832', X'a4fdf1f327e717a2ec983d7cfa5c005b7a76eb390bb551d1f321c11273bf638f', 2.7, '2020-04-05 17:07:27');
INSERT INTO Ticket VALUES(X'18b4849d5529ee0867b569a299f59f898ec18e1add38148cec41db3810914fbf', 'a61832', 2, 0);
INSERT INTO Transaction VALUES('223308148V724D5T09', 'a61832', X'18b4849d5529ee0867b569a299f59f898ec18e1add38148cec41db3810914fbf', 2.7, '2020-07-01 08:06:02');
INSERT INTO Ticket VALUES(X'61828795973ee98f77d6fbcde052229005c7630b7b79fee1f9b0d8c99dc958e9', 'a81593', 1, 0);
INSERT INTO Transaction VALUES('96241323675C285396', 'a81593', X'61828795973ee98f77d6fbcde052229005c7630b7b79fee1f9b0d8c99dc958e9', 2.05, '2020-04-25 22:22:47');
INSERT INTO Ticket VALUES(X'0f3ff14e425121c618fa38f32745aac631c3b507ed8ba0f1ed716209f56a08fc', 'a18700', 2, 0);
INSERT INTO Transaction VALUES('69509719444290045Y', 'a18700', X'0f3ff14e425121c618fa38f32745aac631c3b507ed8ba0f1ed716209f56a08fc', 2.7, '2020-04-30 07:39:56');
INSERT INTO Ticket VALUES(X'818773a9d305b51f6a32a4b60f042470301262fcd20d122e17000d5f04072d96', 'a46471', 2, 0);
INSERT INTO Transaction VALUES('D8D91N04S05370977W', 'a46471', X'818773a9d305b51f6a32a4b60f042470301262fcd20d122e17000d5f04072d96', 2.7, '2020-06-06 02:23:04');
INSERT INTO Ticket VALUES(X'aefbf94fa4a663948b7096ec53e0d649cde04eba7572dcb2a715a67bb9e91874', 'a29258', 2, 0);
INSERT INTO Transaction VALUES('671827666172637400', 'a29258', X'aefbf94fa4a663948b7096ec53e0d649cde04eba7572dcb2a715a67bb9e91874', 2.7, '2020-05-07 06:34:55');
INSERT INTO Ticket VALUES(X'f86dbb09f92ba41e282e84bc05a852dcb4cd7e8bceb886cc167fbdebdac993d1', 'a08158', 1, 0);
INSERT INTO Transaction VALUES('544711216726662614', 'a08158', X'f86dbb09f92ba41e282e84bc05a852dcb4cd7e8bceb886cc167fbdebdac993d1', 2.05, '2020-06-18 05:17:45');
INSERT INTO Ticket VALUES(X'e1786ae59f81888fb508e66a4080349d1c4e7c603b829ddb60fa119f6e0c86ea', 'a79863', 2, 0);
INSERT INTO Transaction VALUES('7551W525I356524796', 'a79863', X'e1786ae59f81888fb508e66a4080349d1c4e7c603b829ddb60fa119f6e0c86ea', 2.7, '2020-04-19 08:17:09');
INSERT INTO Ticket VALUES(X'4f1e1cc4ddd46ef342ff6d8e43a742c1306915368733966c1e23977655445c4c', 'a08585', 1, 0);
INSERT INTO Transaction VALUES('85496687381F5328T5', 'a08585', X'4f1e1cc4ddd46ef342ff6d8e43a742c1306915368733966c1e23977655445c4c', 2.05, '2020-06-04 08:53:49');
INSERT INTO Ticket VALUES(X'ba2a1b4abdfbabdc8f2e9c8adec73cdce41f67b92e9cc0a86735c7295c66b2f6', 'a27668', 2, 0);
INSERT INTO Transaction VALUES('675106928449745553', 'a27668', X'ba2a1b4abdfbabdc8f2e9c8adec73cdce41f67b92e9cc0a86735c7295c66b2f6', 2.7, '2020-06-19 12:28:47');
INSERT INTO Ticket VALUES(X'4f35f5a677baf56b38e8170a441f19d9dda7069ad7bee648f06d730c6590fef0', 'a50692', 1, 0);
INSERT INTO Transaction VALUES('968791384605Y00010', 'a50692', X'4f35f5a677baf56b38e8170a441f19d9dda7069ad7bee648f06d730c6590fef0', 2.05, '2020-04-14 02:52:06');
INSERT INTO Ticket VALUES(X'af43c853f8a3b5859a6b8f91393008a3fd25129fe2c76e0664741c47cc635417', 'a53258', 2, 0);
INSERT INTO Transaction VALUES('438791A96A0450U9U7', 'a53258', X'af43c853f8a3b5859a6b8f91393008a3fd25129fe2c76e0664741c47cc635417', 2.7, '2020-05-05 00:35:23');
INSERT INTO Ticket VALUES(X'3609455c6813dd902e241628cceb484b404ad596cae35c37552da8b0ba9f6d81', 'a46982', 1, 0);
INSERT INTO Transaction VALUES('9966F8223332040118', 'a46982', X'3609455c6813dd902e241628cceb484b404ad596cae35c37552da8b0ba9f6d81', 2.05, '2020-04-01 05:08:03');
INSERT INTO Ticket VALUES(X'61613b72f55a868abf0ac5cf824f5331399a5c9ef9216b3693de43881bf907e2', 'a91123', 2, 0);
INSERT INTO Transaction VALUES('916007640496478210', 'a91123', X'61613b72f55a868abf0ac5cf824f5331399a5c9ef9216b3693de43881bf907e2', 2.7, '2020-05-04 22:45:39');
INSERT INTO Ticket VALUES(X'0aef2d782a714351532f8b96ae340209ec5cda9955143e520bee880b3973c61c', 'a66484', 2, 0);
INSERT INTO Transaction VALUES('676L489162A884V259', 'a66484', X'0aef2d782a714351532f8b96ae340209ec5cda9955143e520bee880b3973c61c', 2.7, '2020-04-25 19:59:56');
INSERT INTO Ticket VALUES(X'09c37090be89777e8a7781d1757299fb35accf91a52b0f4d573974ab068ea2c9', 'a69149', 1, 0);
INSERT INTO Transaction VALUES('1990504475527361I6', 'a69149', X'09c37090be89777e8a7781d1757299fb35accf91a52b0f4d573974ab068ea2c9', 2.05, '2020-06-20 18:28:05');
INSERT INTO Ticket VALUES(X'a1cc1f6efafbb5187e1682fb853d81da5122432800d919e759f4d76cc3d96b58', 'a86788', 1, 0);
INSERT INTO Transaction VALUES('3E200794A37G246R64', 'a86788', X'a1cc1f6efafbb5187e1682fb853d81da5122432800d919e759f4d76cc3d96b58', 2.05, '2020-04-01 00:23:33');
INSERT INTO Ticket VALUES(X'd51ff4b10195e868aca901f016142496a3825c6c999f26c139bc7a528ad4d427', 'a79863', 2, 0);
INSERT INTO Transaction VALUES('96S8335188R3442242', 'a79863', X'd51ff4b10195e868aca901f016142496a3825c6c999f26c139bc7a528ad4d427', 2.7, '2020-04-26 23:37:04');
INSERT INTO Ticket VALUES(X'99a2115dd63c4b64a10b09f3a9cc16404b657b37bf8dddc0999f1c5bc58eed1c', 'a80247', 1, 0);
INSERT INTO Transaction VALUES('26592894T240898612', 'a80247', X'99a2115dd63c4b64a10b09f3a9cc16404b657b37bf8dddc0999f1c5bc58eed1c', 2.05, '2020-05-19 20:27:37');
INSERT INTO Ticket VALUES(X'637ec135d54f80fdbb43a6534ab97436b2f9ea35d2f11a285a5f6693cea39751', 'a96704', 2, 0);
INSERT INTO Transaction VALUES('91IS51304535628498', 'a96704', X'637ec135d54f80fdbb43a6534ab97436b2f9ea35d2f11a285a5f6693cea39751', 2.7, '2020-05-16 09:42:17');
INSERT INTO Ticket VALUES(X'd00fcca7208914db87eb23e91a1e51d30a464a1797c2c5c1674a5a89777bcb54', 'a80899', 2, 0);
INSERT INTO Transaction VALUES('52616G828337919348', 'a80899', X'd00fcca7208914db87eb23e91a1e51d30a464a1797c2c5c1674a5a89777bcb54', 2.7, '2020-04-05 19:38:48');
INSERT INTO Ticket VALUES(X'daeaaa9f15d4d1d532778d274a98213e97d981ba9fdc780cbaa3a3982fc430b3', 'a33876', 1, 0);
INSERT INTO Transaction VALUES('1Z2021Z8113627491D', 'a33876', X'daeaaa9f15d4d1d532778d274a98213e97d981ba9fdc780cbaa3a3982fc430b3', 2.05, '2020-05-04 20:33:15');
INSERT INTO Ticket VALUES(X'bfb9c7de5c2df23aca2af6d76786a68070e78371d2796f294a15abe45311f2d9', 'a27668', 2, 0);
INSERT INTO Transaction VALUES('887950J1287N42N770', 'a27668', X'bfb9c7de5c2df23aca2af6d76786a68070e78371d2796f294a15abe45311f2d9', 2.7, '2020-04-29 19:27:18');
INSERT INTO Ticket VALUES(X'cd15c0d66400bac695e1fa460ed3da98345f72f0675bdfa0cf6732abf68b0c8c', 'a92215', 1, 0);
INSERT INTO Transaction VALUES('761391E64777411317', 'a92215', X'cd15c0d66400bac695e1fa460ed3da98345f72f0675bdfa0cf6732abf68b0c8c', 2.05, '2020-04-03 02:19:27');
INSERT INTO Ticket VALUES(X'22b6eeb6ae4593aad7b7edabf4559852a1363e9acde91143501ed317e12180d3', 'a12248', 1, 0);
INSERT INTO Transaction VALUES('L61411464H97756309', 'a12248', X'22b6eeb6ae4593aad7b7edabf4559852a1363e9acde91143501ed317e12180d3', 2.05, '2020-03-26 15:01:40');
INSERT INTO Ticket VALUES(X'd9d8b9f0c60625d654c9d6d31b2d6dcba47cca6d8525cbf3a07cfa75d996566c', 'a22705', 2, 0);
INSERT INTO Transaction VALUES('60Z792125572A15T78', 'a22705', X'd9d8b9f0c60625d654c9d6d31b2d6dcba47cca6d8525cbf3a07cfa75d996566c', 2.7, '2020-06-03 13:33:17');
INSERT INTO Ticket VALUES(X'76adb988822a9fbb22ab2efbdd686650b138f833b4b92c16e2d2be43107b5132', 'a79863', 1, 0);
INSERT INTO Transaction VALUES('3D929C302051193863', 'a79863', X'76adb988822a9fbb22ab2efbdd686650b138f833b4b92c16e2d2be43107b5132', 2.05, '2020-05-11 03:49:29');
INSERT INTO Ticket VALUES(X'3f166289548bb624592c62baed174dded65ceadf017c85bdb3838ae3f563b732', 'a92215', 2, 0);
INSERT INTO Transaction VALUES('OI0711502496957988', 'a92215', X'3f166289548bb624592c62baed174dded65ceadf017c85bdb3838ae3f563b732', 2.7, '2020-04-06 17:09:27');
INSERT INTO Ticket VALUES(X'd087f5a78677ca2fd7f183e0425c4b519331129edacd588ae43bdf3ecc859b02', 'a12248', 1, 0);
INSERT INTO Transaction VALUES('N7K66296250ON21711', 'a12248', X'd087f5a78677ca2fd7f183e0425c4b519331129edacd588ae43bdf3ecc859b02', 2.05, '2020-03-31 01:52:16');
INSERT INTO Ticket VALUES(X'faa0d6dd6aef4233de590017c174eafdd575ce028073a8fa9aada7287be92697', 'a75258', 2, 0);
INSERT INTO Transaction VALUES('3736317662892741S8', 'a75258', X'faa0d6dd6aef4233de590017c174eafdd575ce028073a8fa9aada7287be92697', 2.7, '2020-04-15 07:14:10');
INSERT INTO Ticket VALUES(X'c64284fcece4d612861c8a7e3ee44a184bdb19875998084d489262f9ab615580', 'a16297', 1, 0);
INSERT INTO Transaction VALUES('663030074284295335', 'a16297', X'c64284fcece4d612861c8a7e3ee44a184bdb19875998084d489262f9ab615580', 2.05, '2020-06-29 21:02:41');
INSERT INTO Ticket VALUES(X'88b5ec0d3aa80305818799b2e3238d02c8d75d980a5520fab12364bca350e10b', 'a15225', 1, 0);
INSERT INTO Transaction VALUES('69649786JK03U18583', 'a15225', X'88b5ec0d3aa80305818799b2e3238d02c8d75d980a5520fab12364bca350e10b', 2.05, '2020-07-03 09:04:43');
INSERT INTO Ticket VALUES(X'36964882180b007ab5e39eb99064986c27fee5aa60b94d6a5537f509f8bed41c', 'a26053', 1, 0);
INSERT INTO Transaction VALUES('8144556N35485963W1', 'a26053', X'36964882180b007ab5e39eb99064986c27fee5aa60b94d6a5537f509f8bed41c', 2.05, '2020-04-20 22:14:02');
INSERT INTO Ticket VALUES(X'425fb8d65b101ff14a65ed8d21fbba160ed9b9ec4240fa7d04513faa3cea6ad9', 'a79863', 2, 0);
INSERT INTO Transaction VALUES('68I61268AF048935J7', 'a79863', X'425fb8d65b101ff14a65ed8d21fbba160ed9b9ec4240fa7d04513faa3cea6ad9', 2.7, '2020-05-16 16:42:21');
INSERT INTO Ticket VALUES(X'7d1b2c30a72e453be48094189d406ef863336f262939565f275802d104594f82', 'a61887', 1, 0);
INSERT INTO Transaction VALUES('3830DC658407040363', 'a61887', X'7d1b2c30a72e453be48094189d406ef863336f262939565f275802d104594f82', 2.05, '2020-06-18 04:06:57');
INSERT INTO Ticket VALUES(X'aada5e83548fccfe1dcbc3ca42d73c68ab1a66e82a09a31c5db0ad748d4f7497', 'a54354', 1, 0);
INSERT INTO Transaction VALUES('043096Y91420586591', 'a54354', X'aada5e83548fccfe1dcbc3ca42d73c68ab1a66e82a09a31c5db0ad748d4f7497', 2.05, '2020-03-29 07:37:44');
INSERT INTO Ticket VALUES(X'21b4a590d3634b1304af6d1f12260d2874c87eeeca673b0e309c519764268025', 'a49426', 1, 0);
INSERT INTO Transaction VALUES('8597919885829JJ823', 'a49426', X'21b4a590d3634b1304af6d1f12260d2874c87eeeca673b0e309c519764268025', 2.05, '2020-06-10 20:07:35');
INSERT INTO Ticket VALUES(X'8303b28854b93f45b5e8a2e49cf46deea5eb3903df92c516092ccb97110c4883', 'a00286', 1, 0);
INSERT INTO Transaction VALUES('3311B20518F7Q64904', 'a00286', X'8303b28854b93f45b5e8a2e49cf46deea5eb3903df92c516092ccb97110c4883', 2.05, '2020-04-26 13:13:21');
INSERT INTO Ticket VALUES(X'069904c1cad0efd6c0fb97a9e35b45d514a14d8b7e9094a2bf92a2eb1ac41554', 'a62910', 2, 0);
INSERT INTO Transaction VALUES('400385C67Y245A3737', 'a62910', X'069904c1cad0efd6c0fb97a9e35b45d514a14d8b7e9094a2bf92a2eb1ac41554', 2.7, '2020-03-30 18:08:17');
INSERT INTO Ticket VALUES(X'4fbee594d60c904cdb1f05b9ec3bae7e070407f89a7855b352767b4933e4efd2', 'a35004', 1, 0);
INSERT INTO Transaction VALUES('99064B2W80903G93U7', 'a35004', X'4fbee594d60c904cdb1f05b9ec3bae7e070407f89a7855b352767b4933e4efd2', 2.05, '2020-05-25 13:43:02');
INSERT INTO Ticket VALUES(X'20d8eece6723ef2e1beaa47159ab520263760d8e8b2a8b7d19317521a997cda2', 'a53258', 1, 0);
INSERT INTO Transaction VALUES('2105E148P333711128', 'a53258', X'20d8eece6723ef2e1beaa47159ab520263760d8e8b2a8b7d19317521a997cda2', 2.05, '2020-06-13 23:04:12');
INSERT INTO Ticket VALUES(X'ea0d8fad8a106814ce247207b40f12b6993fbe3b9406d771a798daa9c29d62ce', 'a86025', 2, 0);
INSERT INTO Transaction VALUES('404855169F92810V64', 'a86025', X'ea0d8fad8a106814ce247207b40f12b6993fbe3b9406d771a798daa9c29d62ce', 2.7, '2020-06-19 00:16:14');
INSERT INTO Ticket VALUES(X'78fcbc5b6ae277dc9190b5c74d2abb50963b6a11981f48786b72b6dbf1fba8a8', 'a72926', 2, 0);
INSERT INTO Transaction VALUES('193819538449960V41', 'a72926', X'78fcbc5b6ae277dc9190b5c74d2abb50963b6a11981f48786b72b6dbf1fba8a8', 2.7, '2020-05-21 15:18:30');
INSERT INTO Ticket VALUES(X'be0fa6c390a9bdee629e1f68305a2ae5ca198aa510b047ddefdda70f6e184b7f', 'a52516', 2, 0);
INSERT INTO Transaction VALUES('3534471789277G2S89', 'a52516', X'be0fa6c390a9bdee629e1f68305a2ae5ca198aa510b047ddefdda70f6e184b7f', 2.7, '2020-04-05 12:13:44');
INSERT INTO Ticket VALUES(X'03177be76152ff5dcb2b932fcc8b0a0df0895fe133210c484500de91df70504f', 'a39615', 1, 0);
INSERT INTO Transaction VALUES('87725399851057F575', 'a39615', X'03177be76152ff5dcb2b932fcc8b0a0df0895fe133210c484500de91df70504f', 2.05, '2020-03-28 01:07:05');
INSERT INTO Ticket VALUES(X'd6c93b09273ae701f9230b2569bab1cc142c2e782b5e0ed4ac81d87625dbf6ea', 'a04176', 2, 0);
INSERT INTO Transaction VALUES('289188784580601878', 'a04176', X'd6c93b09273ae701f9230b2569bab1cc142c2e782b5e0ed4ac81d87625dbf6ea', 2.7, '2020-04-22 19:32:17');
INSERT INTO Ticket VALUES(X'373248e22257489e3f37436625fd6c4864e32eb2b47ab9a089f81ec451bf8273', 'a27668', 1, 0);
INSERT INTO Transaction VALUES('78270Y437672792614', 'a27668', X'373248e22257489e3f37436625fd6c4864e32eb2b47ab9a089f81ec451bf8273', 2.05, '2020-06-22 19:17:06');
INSERT INTO Ticket VALUES(X'39359dcab719cb6776ef6f9445e88394b1c2d4ffc265dd341f4c0ae5b4b5bfea', 'a61832', 2, 0);
INSERT INTO Transaction VALUES('601271349404974747', 'a61832', X'39359dcab719cb6776ef6f9445e88394b1c2d4ffc265dd341f4c0ae5b4b5bfea', 2.7, '2020-05-19 09:31:20');
INSERT INTO Ticket VALUES(X'b995b723a9489c567b100038a21fe9211d3dc9519f96751ecfd7a8805b24912e', 'a86968', 2, 0);
INSERT INTO Transaction VALUES('0359G0386271650905', 'a86968', X'b995b723a9489c567b100038a21fe9211d3dc9519f96751ecfd7a8805b24912e', 2.7, '2020-04-28 09:56:05');
INSERT INTO Ticket VALUES(X'7d277797f90450bbddf1d55bec964943181fb829f168d6614ed82839f7dfc5bf', 'a26273', 1, 0);
INSERT INTO Transaction VALUES('931944215OAP567F98', 'a26273', X'7d277797f90450bbddf1d55bec964943181fb829f168d6614ed82839f7dfc5bf', 2.05, '2020-05-13 23:38:32');
INSERT INTO Ticket VALUES(X'e7e6d4f3f619d660da97526f719f9e3a9e2b97d4d38e1830a56247702b989116', 'a66484', 1, 0);
INSERT INTO Transaction VALUES('831047922040911069', 'a66484', X'e7e6d4f3f619d660da97526f719f9e3a9e2b97d4d38e1830a56247702b989116', 2.05, '2020-04-25 16:47:34');
INSERT INTO Ticket VALUES(X'c64fa961380d439ca5d02a6b74c05167c19422f63c36e13310b001c09ae7be39', 'a87120', 1, 0);
INSERT INTO Transaction VALUES('900369747450148U45', 'a87120', X'c64fa961380d439ca5d02a6b74c05167c19422f63c36e13310b001c09ae7be39', 2.05, '2020-04-28 15:02:13');
INSERT INTO Ticket VALUES(X'a01382c1949f0f34ab06ec261965c563f49e48d3e5a123d4e2998a38d873c08d', 'a17359', 2, 0);
INSERT INTO Transaction VALUES('856871W05IZ961681P', 'a17359', X'a01382c1949f0f34ab06ec261965c563f49e48d3e5a123d4e2998a38d873c08d', 2.7, '2020-05-24 07:19:36');
INSERT INTO Ticket VALUES(X'b89d14241d09473de91811f6c331a65d017d0e4be7774dd8fa941cec6ee96506', 'a96704', 2, 0);
INSERT INTO Transaction VALUES('0572338232R1854032', 'a96704', X'b89d14241d09473de91811f6c331a65d017d0e4be7774dd8fa941cec6ee96506', 2.7, '2020-07-01 08:46:47');
INSERT INTO Ticket VALUES(X'84a39090dbd3dfb7f5ebbf0524b5c493636f4c41550daf3dea93e6d9ea88643a', 'a20044', 2, 0);
INSERT INTO Transaction VALUES('8C1S840621B5485X50', 'a20044', X'84a39090dbd3dfb7f5ebbf0524b5c493636f4c41550daf3dea93e6d9ea88643a', 2.7, '2020-06-11 02:01:45');
INSERT INTO Ticket VALUES(X'aa12fd80155f0bb2fe78a1224b43cd2581a91afe455c375655c3fe715fd70d26', 'a12867', 2, 0);
INSERT INTO Transaction VALUES('120X114X3349458075', 'a12867', X'aa12fd80155f0bb2fe78a1224b43cd2581a91afe455c375655c3fe715fd70d26', 2.7, '2020-05-01 04:37:36');
INSERT INTO Ticket VALUES(X'f4d376e630728d3bbf7e8692455140cfaa10a9411586354b8535616d928d0a43', 'a23468', 2, 0);
INSERT INTO Transaction VALUES('L35627631717347588', 'a23468', X'f4d376e630728d3bbf7e8692455140cfaa10a9411586354b8535616d928d0a43', 2.7, '2020-04-02 16:15:46');
INSERT INTO Ticket VALUES(X'1e8dd9c8f8aab989c22fbe5dd66a48912515a8c08f31376cc234a6f055fc3971', 'a46883', 2, 0);
INSERT INTO Transaction VALUES('01X6806601370K3840', 'a46883', X'1e8dd9c8f8aab989c22fbe5dd66a48912515a8c08f31376cc234a6f055fc3971', 2.7, '2020-05-29 14:18:31');
INSERT INTO Ticket VALUES(X'14d523c816bc0391cbace5aac4c2dd1c979a1b793bcaa04a72f1de47ffac2d13', 'a86517', 1, 0);
INSERT INTO Transaction VALUES('M609I329454842IU83', 'a86517', X'14d523c816bc0391cbace5aac4c2dd1c979a1b793bcaa04a72f1de47ffac2d13', 2.05, '2020-03-26 16:00:30');
INSERT INTO Ticket VALUES(X'd9ecb3a0a170b9c88944e51ad7612dcff30f026f1b87897d80d5d078fb94639d', 'a15225', 1, 0);
INSERT INTO Transaction VALUES('576Q062A7R1RV53252', 'a15225', X'd9ecb3a0a170b9c88944e51ad7612dcff30f026f1b87897d80d5d078fb94639d', 2.05, '2020-06-24 22:59:24');
INSERT INTO Ticket VALUES(X'b4520d58e961900a9c3f9680b93677bee84f906fa5e65b0939f9a17b2cd6d144', 'a62141', 1, 0);
INSERT INTO Transaction VALUES('938525F05211Y43103', 'a62141', X'b4520d58e961900a9c3f9680b93677bee84f906fa5e65b0939f9a17b2cd6d144', 2.05, '2020-07-02 09:33:16');
INSERT INTO Ticket VALUES(X'f637e955d254fba1ebe05d9df0854fae6da59ee35cb9675c62578320d35a8aea', 'a69149', 2, 0);
INSERT INTO Transaction VALUES('112484L51610A80420', 'a69149', X'f637e955d254fba1ebe05d9df0854fae6da59ee35cb9675c62578320d35a8aea', 2.7, '2020-04-17 06:37:14');
INSERT INTO Ticket VALUES(X'793e128f8df410f7700f9f566e96bf075db3753d071e0aff331fa9dbfa7f7eee', 'a08585', 1, 0);
INSERT INTO Transaction VALUES('355K3T644647858823', 'a08585', X'793e128f8df410f7700f9f566e96bf075db3753d071e0aff331fa9dbfa7f7eee', 2.05, '2020-04-22 06:07:25');
INSERT INTO Ticket VALUES(X'9727f5a3217901f9954e2a80e1e6d22cba88fabbeb255c9714f05c231590605e', 'a96704', 1, 0);
INSERT INTO Transaction VALUES('C5K85UI60006T719C9', 'a96704', X'9727f5a3217901f9954e2a80e1e6d22cba88fabbeb255c9714f05c231590605e', 2.05, '2020-04-10 20:07:41');
INSERT INTO Ticket VALUES(X'5e26869867d83e76d9431bb87a6e6ecaf1515fdd8297eefde50e71157f31bb29', 'a79790', 2, 0);
INSERT INTO Transaction VALUES('271951640715621690', 'a79790', X'5e26869867d83e76d9431bb87a6e6ecaf1515fdd8297eefde50e71157f31bb29', 2.7, '2020-05-31 07:33:21');
INSERT INTO Ticket VALUES(X'3839fdf5f68e43fdc87b06c9f3092a12b650b7c19aebc0c3b1bac1014ab559eb', 'a58814', 1, 0);
INSERT INTO Transaction VALUES('8Q4544518B262E9517', 'a58814', X'3839fdf5f68e43fdc87b06c9f3092a12b650b7c19aebc0c3b1bac1014ab559eb', 2.05, '2020-06-21 09:02:52');
INSERT INTO Ticket VALUES(X'e9f0e0a8fe47cdd2425cfa09cd3f8e8edd0366590710104768ce37d15870ac57', 'a93012', 2, 0);
INSERT INTO Transaction VALUES('559833C79109774593', 'a93012', X'e9f0e0a8fe47cdd2425cfa09cd3f8e8edd0366590710104768ce37d15870ac57', 2.7, '2020-03-28 10:01:47');
INSERT INTO Ticket VALUES(X'e2a30a45b9b22acd6deb1545db7967b5951f54150a22d33e3ccbc3dd68fbb77b', 'a67736', 2, 0);
INSERT INTO Transaction VALUES('5843Y86J3488578M35', 'a67736', X'e2a30a45b9b22acd6deb1545db7967b5951f54150a22d33e3ccbc3dd68fbb77b', 2.7, '2020-03-28 12:10:07');
INSERT INTO Ticket VALUES(X'aa4f67b1728e9b79c00bf71ec0b531df7da73cd0afc2c6ec0ee0adf1348a3509', 'a39615', 2, 0);
INSERT INTO Transaction VALUES('865515645703208087', 'a39615', X'aa4f67b1728e9b79c00bf71ec0b531df7da73cd0afc2c6ec0ee0adf1348a3509', 2.7, '2020-05-12 01:33:40');
INSERT INTO Ticket VALUES(X'50cfef94d682a58ef85406cf7748e05af57f6c9c508e28bee78a01fa4030de25', 'a87514', 2, 0);
INSERT INTO Transaction VALUES('2208775226653182R9', 'a87514', X'50cfef94d682a58ef85406cf7748e05af57f6c9c508e28bee78a01fa4030de25', 2.7, '2020-04-20 03:52:12');
INSERT INTO Ticket VALUES(X'fa3bbce0cba5ced796a562b3c62b5b0f1d3dbaa5945a7cbacffbcb4489fe749a', 'a08158', 1, 0);
INSERT INTO Transaction VALUES('705343442719735040', 'a08158', X'fa3bbce0cba5ced796a562b3c62b5b0f1d3dbaa5945a7cbacffbcb4489fe749a', 2.05, '2020-06-27 10:17:25');
INSERT INTO Ticket VALUES(X'3689fb7aeb5ce6f9305572aa2a03e710f821e0cc0e0142d24422e633341349cb', 'a48917', 2, 0);
INSERT INTO Transaction VALUES('4098952I835950B755', 'a48917', X'3689fb7aeb5ce6f9305572aa2a03e710f821e0cc0e0142d24422e633341349cb', 2.7, '2020-05-09 18:43:31');
INSERT INTO Ticket VALUES(X'48d930b7527ddb0f5b4e7a2e5baf5982cc6c969a66278d90cd2cbee468aa863d', 'a50559', 1, 0);
INSERT INTO Transaction VALUES('95669496503850Z298', 'a50559', X'48d930b7527ddb0f5b4e7a2e5baf5982cc6c969a66278d90cd2cbee468aa863d', 2.05, '2020-06-25 19:02:26');
INSERT INTO Ticket VALUES(X'3961deb6d8d92bf24f632607e6204573cd9648bd27150086e34f2b7b4fed6624', 'a00759', 1, 0);
INSERT INTO Transaction VALUES('L7879720390906J727', 'a00759', X'3961deb6d8d92bf24f632607e6204573cd9648bd27150086e34f2b7b4fed6624', 2.05, '2020-06-18 18:11:22');
INSERT INTO Ticket VALUES(X'4d5efa7cfe073591c2a2bcf5ddcf9f09ab4724eef2c355ac1f89876c9a5080e9', 'a90978', 1, 0);
INSERT INTO Transaction VALUES('0407300149096S2023', 'a90978', X'4d5efa7cfe073591c2a2bcf5ddcf9f09ab4724eef2c355ac1f89876c9a5080e9', 2.05, '2020-06-17 10:48:45');
INSERT INTO Ticket VALUES(X'7540bdf71ff8029e1f70ee388f452b610d673c7be704008613416a16b53c2645', 'a86968', 2, 0);
INSERT INTO Transaction VALUES('3531978T118486F4B2', 'a86968', X'7540bdf71ff8029e1f70ee388f452b610d673c7be704008613416a16b53c2645', 2.7, '2020-05-13 03:21:45');
INSERT INTO Ticket VALUES(X'9253cb2e70c179302cc35620d2fe3819046cdd37c965082e6d9d3a1123ec5fdd', 'a99616', 2, 0);
INSERT INTO Transaction VALUES('46391445451979C641', 'a99616', X'9253cb2e70c179302cc35620d2fe3819046cdd37c965082e6d9d3a1123ec5fdd', 2.7, '2020-04-29 00:18:38');
INSERT INTO Ticket VALUES(X'6a603fb5799b8ffd400fcf7185518472f573c7113d0a5360e816e75958264076', 'a50559', 2, 0);
INSERT INTO Transaction VALUES('X7S864368768118206', 'a50559', X'6a603fb5799b8ffd400fcf7185518472f573c7113d0a5360e816e75958264076', 2.7, '2020-05-16 08:41:24');
INSERT INTO Ticket VALUES(X'61ed67849d3068f2632ea6aef81e12c0c81b677077027a2e50f75a222567c0f7', 'a81593', 2, 0);
INSERT INTO Transaction VALUES('01F245017838375409', 'a81593', X'61ed67849d3068f2632ea6aef81e12c0c81b677077027a2e50f75a222567c0f7', 2.7, '2020-06-04 23:11:26');
INSERT INTO Ticket VALUES(X'0aaec7fc038bd436638568adad3b5b7c9420c3fe66baef7c547534f7a46458e0', 'a52516', 2, 0);
INSERT INTO Transaction VALUES('827Q40043384174G0P', 'a52516', X'0aaec7fc038bd436638568adad3b5b7c9420c3fe66baef7c547534f7a46458e0', 2.7, '2020-06-10 23:20:01');
INSERT INTO Ticket VALUES(X'dd91a15bc8f9ecc8ef47b22d54e69a01fe57ac1eb4f498ddbcde8bc7d9beeccd', 'a93451', 2, 0);
INSERT INTO Transaction VALUES('5480J512G06379J185', 'a93451', X'dd91a15bc8f9ecc8ef47b22d54e69a01fe57ac1eb4f498ddbcde8bc7d9beeccd', 2.7, '2020-05-26 04:02:35');
INSERT INTO Ticket VALUES(X'3f6c40a45d834b509961144dbd98c137663b7ae21b027b6eb30f37a90e57ae9f', 'a73073', 2, 0);
INSERT INTO Transaction VALUES('044A50440369841474', 'a73073', X'3f6c40a45d834b509961144dbd98c137663b7ae21b027b6eb30f37a90e57ae9f', 2.7, '2020-05-25 12:16:43');
INSERT INTO Ticket VALUES(X'2a9c66a9afff74d1cb64c94ba3a7aac90022723a0edfe352ea2f15dadf2372ab', 'a61537', 2, 0);
INSERT INTO Transaction VALUES('5891235811474M2505', 'a61537', X'2a9c66a9afff74d1cb64c94ba3a7aac90022723a0edfe352ea2f15dadf2372ab', 2.7, '2020-06-19 01:02:49');
INSERT INTO Ticket VALUES(X'81783362f75f8b8931d0c3f93551c73bce53fdaa2e7c9ec6671b8dd6ab9cb713', 'a61832', 2, 0);
INSERT INTO Transaction VALUES('S08126138713659014', 'a61832', X'81783362f75f8b8931d0c3f93551c73bce53fdaa2e7c9ec6671b8dd6ab9cb713', 2.7, '2020-03-31 01:41:09');
INSERT INTO Ticket VALUES(X'0e0e65a3eb5ee72acb07eaa76807e9e3e2157c8ba70a7e70a5b34e60ffb1f515', 'a66484', 1, 0);
INSERT INTO Transaction VALUES('6630421724473171L2', 'a66484', X'0e0e65a3eb5ee72acb07eaa76807e9e3e2157c8ba70a7e70a5b34e60ffb1f515', 2.05, '2020-05-09 06:37:23');
INSERT INTO Ticket VALUES(X'8cfd9c0cb42c4fc95a0555c9536fc78b50343ecc1d37ad285a1be35c478e4f28', 'a46982', 1, 0);
INSERT INTO Transaction VALUES('342492688478293908', 'a46982', X'8cfd9c0cb42c4fc95a0555c9536fc78b50343ecc1d37ad285a1be35c478e4f28', 2.05, '2020-06-07 11:28:26');
INSERT INTO Ticket VALUES(X'65dbb7b2a3df04d3275b4c0fe7d9b4bf4bc2dd1ee38326ffa6d02828171799b4', 'a08585', 1, 0);
INSERT INTO Transaction VALUES('72309165007729M113', 'a08585', X'65dbb7b2a3df04d3275b4c0fe7d9b4bf4bc2dd1ee38326ffa6d02828171799b4', 2.05, '2020-06-05 16:31:04');
INSERT INTO Ticket VALUES(X'8829fd1b823ba107d6dcfa8de934642d82497b424e81251ef3b0802704e55e30', 'a37326', 1, 0);
INSERT INTO Transaction VALUES('445265871X251903R9', 'a37326', X'8829fd1b823ba107d6dcfa8de934642d82497b424e81251ef3b0802704e55e30', 2.05, '2020-05-02 16:47:52');
INSERT INTO Ticket VALUES(X'845d2409b1d17f2f1a6812fd066043702e19949c969377644e7e526956878047', 'a50692', 1, 0);
INSERT INTO Transaction VALUES('2529K679392340Z885', 'a50692', X'845d2409b1d17f2f1a6812fd066043702e19949c969377644e7e526956878047', 2.05, '2020-04-20 20:39:25');
INSERT INTO Ticket VALUES(X'2da3b0de9240f8f647fb4aaf487161c0e41aaf21b39310ffbfdbee6b18546bd0', 'a49426', 2, 0);
INSERT INTO Transaction VALUES('H30814676683450700', 'a49426', X'2da3b0de9240f8f647fb4aaf487161c0e41aaf21b39310ffbfdbee6b18546bd0', 2.7, '2020-05-21 01:53:29');
INSERT INTO Ticket VALUES(X'15963ab8bad2c2a79a61aeeb154fc3de16ee43b9aa6b5e3a8dd0863d101d5ffd', 'a35004', 1, 0);
INSERT INTO Transaction VALUES('330347767455103808', 'a35004', X'15963ab8bad2c2a79a61aeeb154fc3de16ee43b9aa6b5e3a8dd0863d101d5ffd', 2.05, '2020-04-09 11:45:55');
INSERT INTO Ticket VALUES(X'd4a8a263474e1ac72961c29a242d429f7c6232e4343fbe3546a2bee2696e9f7a', 'a12154', 1, 0);
INSERT INTO Transaction VALUES('5371495C6536293599', 'a12154', X'd4a8a263474e1ac72961c29a242d429f7c6232e4343fbe3546a2bee2696e9f7a', 2.05, '2020-04-06 21:22:34');
INSERT INTO Ticket VALUES(X'8581032a3b61046ac9904e8fc886835acfa6bc09f089733986204080f317608b', 'a54354', 1, 0);
INSERT INTO Transaction VALUES('0M0120396777925845', 'a54354', X'8581032a3b61046ac9904e8fc886835acfa6bc09f089733986204080f317608b', 2.05, '2020-05-22 13:02:19');
INSERT INTO Ticket VALUES(X'2ec39722ad79e23ea68111cf0882b048004a040f5aa86cd6a98ec3e1c141d181', 'a61887', 1, 0);
INSERT INTO Transaction VALUES('43Q8955791K734V201', 'a61887', X'2ec39722ad79e23ea68111cf0882b048004a040f5aa86cd6a98ec3e1c141d181', 2.05, '2020-04-16 18:51:20');
INSERT INTO Ticket VALUES(X'8d42f0cd12012cf928d9efe1960773182b7a978d3c5437fe4084d1c40dc1e1ff', 'a52516', 2, 0);
INSERT INTO Transaction VALUES('31806X079286A79M35', 'a52516', X'8d42f0cd12012cf928d9efe1960773182b7a978d3c5437fe4084d1c40dc1e1ff', 2.7, '2020-06-19 01:50:48');
INSERT INTO Ticket VALUES(X'cbfc5e26315756cf1ccfff623e39b965a2ad0a560026b0c06eed5bb33bff1752', 'a73073', 1, 0);
INSERT INTO Transaction VALUES('62416944758278398I', 'a73073', X'cbfc5e26315756cf1ccfff623e39b965a2ad0a560026b0c06eed5bb33bff1752', 2.05, '2020-04-11 05:51:41');
INSERT INTO Ticket VALUES(X'91ce551c7ff8f9ede81cf5dffbae62245cb3efe25562e053629488dde93c6ac5', 'a90730', 2, 0);
INSERT INTO Transaction VALUES('3O3304932205502109', 'a90730', X'91ce551c7ff8f9ede81cf5dffbae62245cb3efe25562e053629488dde93c6ac5', 2.7, '2020-03-27 18:26:44');
INSERT INTO Ticket VALUES(X'5e8444a9039b2b4220bba8352f0a1f468f357a4fb9580d2dc873a2542359059a', 'a61887', 2, 0);
INSERT INTO Transaction VALUES('P58G0999084056725T', 'a61887', X'5e8444a9039b2b4220bba8352f0a1f468f357a4fb9580d2dc873a2542359059a', 2.7, '2020-04-05 15:38:58');
INSERT INTO Ticket VALUES(X'434add2fa7b471e8786ea96eb65e6e81e78289f3e683d7f094f991c514fc0070', 'a54354', 1, 0);
INSERT INTO Transaction VALUES('09075406406116D035', 'a54354', X'434add2fa7b471e8786ea96eb65e6e81e78289f3e683d7f094f991c514fc0070', 2.05, '2020-05-29 15:14:40');
INSERT INTO Ticket VALUES(X'13b6bc08245d443a545d3ade8caf75b15ccebaaa83d5397e29ce53abeb49501a', 'a17359', 1, 0);
INSERT INTO Transaction VALUES('939098498477333329', 'a17359', X'13b6bc08245d443a545d3ade8caf75b15ccebaaa83d5397e29ce53abeb49501a', 2.05, '2020-06-24 04:38:54');
INSERT INTO Ticket VALUES(X'd78d84fe31b36ce4a3653745f9373c644ca59b6eadb843ead383425889cd31d1', 'a53258', 1, 0);
INSERT INTO Transaction VALUES('335225057661B18772', 'a53258', X'd78d84fe31b36ce4a3653745f9373c644ca59b6eadb843ead383425889cd31d1', 2.05, '2020-05-30 20:48:34');
INSERT INTO Ticket VALUES(X'34abb31dd5ab70bcbab3dc9d09b6616f4e10eed5def886aeedd2262af5218792', 'a84440', 2, 0);
INSERT INTO Transaction VALUES('620587OU4265735821', 'a84440', X'34abb31dd5ab70bcbab3dc9d09b6616f4e10eed5def886aeedd2262af5218792', 2.7, '2020-04-03 02:34:27');
INSERT INTO Ticket VALUES(X'442bf0642f0ce2d7bdacd3f87c973da6ea3b19b854c1010b70813f4ebba91846', 'a63317', 2, 0);
INSERT INTO Transaction VALUES('2945BC646D02141P73', 'a63317', X'442bf0642f0ce2d7bdacd3f87c973da6ea3b19b854c1010b70813f4ebba91846', 2.7, '2020-04-09 04:19:56');
INSERT INTO Ticket VALUES(X'6dff6cab25ee1cee72c0e7863c46ea289e5a2d0110203178c85cb9f87794fc98', 'a20044', 2, 0);
INSERT INTO Transaction VALUES('168809279933407611', 'a20044', X'6dff6cab25ee1cee72c0e7863c46ea289e5a2d0110203178c85cb9f87794fc98', 2.7, '2020-05-04 07:01:15');
INSERT INTO Ticket VALUES(X'b1d9cb60f5b3f2bc8fea6a6722c0e7f5db2801571587f32e6ccacc2a740b1846', 'a04094', 2, 0);
INSERT INTO Transaction VALUES('86F24464876S139059', 'a04094', X'b1d9cb60f5b3f2bc8fea6a6722c0e7f5db2801571587f32e6ccacc2a740b1846', 2.7, '2020-06-01 22:32:50');
INSERT INTO Ticket VALUES(X'b8c44b3f81ba77c122dfe924cb803ba7bfff514336760938bf295101be2c1d77', 'a85089', 2, 0);
INSERT INTO Transaction VALUES('237042619922914875', 'a85089', X'b8c44b3f81ba77c122dfe924cb803ba7bfff514336760938bf295101be2c1d77', 2.7, '2020-03-28 04:52:11');
INSERT INTO Ticket VALUES(X'bee286fc5da5005032fb9c2f65f355124d945bd56209531ebe51d79f12e14d72', 'a62141', 2, 0);
INSERT INTO Transaction VALUES('69753607T731I49R63', 'a62141', X'bee286fc5da5005032fb9c2f65f355124d945bd56209531ebe51d79f12e14d72', 2.7, '2020-05-24 08:20:45');
INSERT INTO Ticket VALUES(X'c9b84cbdddb66e4ac92e913dd9073b552df57f17f524202f027b3555eebd43cd', 'a00286', 2, 0);
INSERT INTO Transaction VALUES('117474120200387B2S', 'a00286', X'c9b84cbdddb66e4ac92e913dd9073b552df57f17f524202f027b3555eebd43cd', 2.7, '2020-03-29 13:08:46');
INSERT INTO Ticket VALUES(X'48ee6c9ac525a2d1cf9d4b9c90bea3008a7d7320a78d0a44af928f3e3655f395', 'a83006', 2, 0);
INSERT INTO Transaction VALUES('497535782G15396805', 'a83006', X'48ee6c9ac525a2d1cf9d4b9c90bea3008a7d7320a78d0a44af928f3e3655f395', 2.7, '2020-04-28 05:32:31');
INSERT INTO Ticket VALUES(X'd00942da9248802081393f600069bdbf63a0c64d01919294bc67457223259c0b', 'a55528', 1, 0);
INSERT INTO Transaction VALUES('695P438L9283733083', 'a55528', X'd00942da9248802081393f600069bdbf63a0c64d01919294bc67457223259c0b', 2.05, '2020-06-15 15:51:26');
INSERT INTO Ticket VALUES(X'c676051bd622677c1614c6c982d8947c4c85983d8c0b6b874cbb321811cea553', 'a50784', 1, 0);
INSERT INTO Transaction VALUES('Z00096ZE2162531U12', 'a50784', X'c676051bd622677c1614c6c982d8947c4c85983d8c0b6b874cbb321811cea553', 2.05, '2020-04-01 12:36:22');
INSERT INTO Ticket VALUES(X'7489dba5a84a540c8bb8e29a97ef1814eeab8df60c0afcc2c9c986883446fca4', 'a61537', 2, 0);
INSERT INTO Transaction VALUES('484356028363576617', 'a61537', X'7489dba5a84a540c8bb8e29a97ef1814eeab8df60c0afcc2c9c986883446fca4', 2.7, '2020-04-27 10:04:34');
INSERT INTO Ticket VALUES(X'9b48bc374f10cd642a53b9436953a351c4e3663360f7bc5201cf5ba75b0a717c', 'a84440', 1, 0);
INSERT INTO Transaction VALUES('5T99F515742138A835', 'a84440', X'9b48bc374f10cd642a53b9436953a351c4e3663360f7bc5201cf5ba75b0a717c', 2.05, '2020-05-04 05:00:11');
INSERT INTO Ticket VALUES(X'129b3b7ca24e3651beda80b4cad60537050b47158050f1c98af97f40bc126384', 'a83006', 1, 0);
INSERT INTO Transaction VALUES('7H7976393651558759', 'a83006', X'129b3b7ca24e3651beda80b4cad60537050b47158050f1c98af97f40bc126384', 2.05, '2020-04-24 02:29:44');
INSERT INTO Ticket VALUES(X'0b1d2edf75c6918b5f3a1b23a46df207525f858f9d93fab10e6cdfc519948151', 'a50692', 1, 0);
INSERT INTO Transaction VALUES('439033196798J27D97', 'a50692', X'0b1d2edf75c6918b5f3a1b23a46df207525f858f9d93fab10e6cdfc519948151', 2.05, '2020-04-14 17:12:09');
INSERT INTO Ticket VALUES(X'a9d8a8ccfa1c28d7f9fd6e1934ddfdcdc31c00486beebfc713c65589c25cbf55', 'a22705', 2, 0);
INSERT INTO Transaction VALUES('40367731404I010902', 'a22705', X'a9d8a8ccfa1c28d7f9fd6e1934ddfdcdc31c00486beebfc713c65589c25cbf55', 2.7, '2020-04-24 12:20:34');
INSERT INTO Ticket VALUES(X'5a0ffff72b8a6901e7072167b46caf27060989419b4829dce4f0469c82b78878', 'a54437', 2, 0);
INSERT INTO Transaction VALUES('6L32147H73MZ255906', 'a54437', X'5a0ffff72b8a6901e7072167b46caf27060989419b4829dce4f0469c82b78878', 2.7, '2020-04-09 02:08:06');
INSERT INTO Ticket VALUES(X'37fd6968740bc1de883e558a03384e1b6076445a7e4b22e39d88aa32d65d3c35', 'a93451', 2, 0);
INSERT INTO Transaction VALUES('0598A1J820571V6321', 'a93451', X'37fd6968740bc1de883e558a03384e1b6076445a7e4b22e39d88aa32d65d3c35', 2.7, '2020-06-14 23:35:13');
INSERT INTO Ticket VALUES(X'21c5d514444824dc8691e8074ac44be08bd63fbc941de86c2c68f53e85d34d1c', 'a61537', 2, 0);
INSERT INTO Transaction VALUES('760221712741890057', 'a61537', X'21c5d514444824dc8691e8074ac44be08bd63fbc941de86c2c68f53e85d34d1c', 2.7, '2020-06-09 22:50:20');
INSERT INTO Ticket VALUES(X'664c1e5489d04769bc5c18fc44cb404bcee33965235b1f6d4d65935a1409e63f', 'a20044', 1, 0);
INSERT INTO Transaction VALUES('552737201P6302V2O9', 'a20044', X'664c1e5489d04769bc5c18fc44cb404bcee33965235b1f6d4d65935a1409e63f', 2.05, '2020-07-02 09:41:30');
INSERT INTO Ticket VALUES(X'47f151f3a95662f2dbb9fbf9d8b0e3dc13e4cd9333b8712d1f9a8be92c866499', 'a67736', 2, 0);
INSERT INTO Transaction VALUES('49A70519639520P8D1', 'a67736', X'47f151f3a95662f2dbb9fbf9d8b0e3dc13e4cd9333b8712d1f9a8be92c866499', 2.7, '2020-04-10 21:44:43');
INSERT INTO Ticket VALUES(X'09880fbce3b6bb02ed39fdf2fdeb00b21618d4bb0dada72e622b49fabaaac741', 'a61887', 1, 0);
INSERT INTO Transaction VALUES('13928193620Y661563', 'a61887', X'09880fbce3b6bb02ed39fdf2fdeb00b21618d4bb0dada72e622b49fabaaac741', 2.05, '2020-05-02 17:17:31');
INSERT INTO Ticket VALUES(X'57923267ccdf73b17f8b4c4b97e7070479294f233c5c60fde278d00d372742ec', 'a00286', 1, 0);
INSERT INTO Transaction VALUES('927155667519591725', 'a00286', X'57923267ccdf73b17f8b4c4b97e7070479294f233c5c60fde278d00d372742ec', 2.05, '2020-05-03 17:43:19');
INSERT INTO Ticket VALUES(X'fdfba330d4e231ad17961684579d3d425957fac5f7660be1098277a49d5a85c4', 'a95152', 2, 0);
INSERT INTO Transaction VALUES('742082NS197789S567', 'a95152', X'fdfba330d4e231ad17961684579d3d425957fac5f7660be1098277a49d5a85c4', 2.7, '2020-06-18 14:50:40');
INSERT INTO Ticket VALUES(X'5ce5152f2c5f91fa29bddc8cdbfa68d86e4c5b5606080067985ef14e555ae412', 'a08158', 1, 0);
INSERT INTO Transaction VALUES('779910HS019H077504', 'a08158', X'5ce5152f2c5f91fa29bddc8cdbfa68d86e4c5b5606080067985ef14e555ae412', 2.05, '2020-06-05 00:00:45');
INSERT INTO Ticket VALUES(X'f701a18af19384f52174cebaa9eee66640dbd98288895c5aeda83ec5de99dede', 'a57258', 1, 0);
INSERT INTO Transaction VALUES('702006977915001882', 'a57258', X'f701a18af19384f52174cebaa9eee66640dbd98288895c5aeda83ec5de99dede', 2.05, '2020-06-22 12:50:05');
INSERT INTO Ticket VALUES(X'87ff8bd4fc05f70c2d64788ac23afd8e4dc00118fe26a7eba7f1c9364d0c2ca9', 'a18099', 2, 0);
INSERT INTO Transaction VALUES('068397468813301022', 'a18099', X'87ff8bd4fc05f70c2d64788ac23afd8e4dc00118fe26a7eba7f1c9364d0c2ca9', 2.7, '2020-05-20 12:44:57');
INSERT INTO Ticket VALUES(X'3833200568fadec2b1d73a16e3cd1cdaf23b83184ef51045bac2412f37c826f7', 'a49426', 2, 0);
INSERT INTO Transaction VALUES('199Q95G36933065873', 'a49426', X'3833200568fadec2b1d73a16e3cd1cdaf23b83184ef51045bac2412f37c826f7', 2.7, '2020-06-09 03:52:16');
INSERT INTO Ticket VALUES(X'1b9f8939b04fce858ea99e833316e75a94cb1d9155c912812abe2e4cf81c5d14', 'a46471', 2, 0);
INSERT INTO Transaction VALUES('1848085P92330533J0', 'a46471', X'1b9f8939b04fce858ea99e833316e75a94cb1d9155c912812abe2e4cf81c5d14', 2.7, '2020-05-02 11:36:32');
INSERT INTO Ticket VALUES(X'6e36c211927a4c5e40b5c31da58fc87476e7743797cf107a9ed70f050bd41bde', 'a51754', 2, 0);
INSERT INTO Transaction VALUES('006486663008842044', 'a51754', X'6e36c211927a4c5e40b5c31da58fc87476e7743797cf107a9ed70f050bd41bde', 2.7, '2020-06-29 08:42:11');
INSERT INTO Ticket VALUES(X'37adc1c75f8bf0fb4b48005b2860de266a74608b59403f6071b6ee63d991027b', 'a54437', 2, 0);
INSERT INTO Transaction VALUES('8L5255341454671123', 'a54437', X'37adc1c75f8bf0fb4b48005b2860de266a74608b59403f6071b6ee63d991027b', 2.7, '2020-06-29 09:42:15');
INSERT INTO Ticket VALUES(X'b23549bfc61a2faeb9070edfaa81d45f9fbadadf27291677ed9c1549f1546d36', 'a67857', 1, 0);
INSERT INTO Transaction VALUES('2096J964410S222910', 'a67857', X'b23549bfc61a2faeb9070edfaa81d45f9fbadadf27291677ed9c1549f1546d36', 2.05, '2020-05-06 06:22:59');
INSERT INTO Ticket VALUES(X'0e6d64ffa104677702cfc24893834d4166cc6f08fce957a72eeb761765fec1c0', 'a58814', 2, 0);
INSERT INTO Transaction VALUES('336001D64227267720', 'a58814', X'0e6d64ffa104677702cfc24893834d4166cc6f08fce957a72eeb761765fec1c0', 2.7, '2020-04-08 22:56:13');
INSERT INTO Ticket VALUES(X'cde7b362c05e78a9b0836978e912ce36a1a1659871115a0240dd952d58d94d22', 'a61887', 2, 0);
INSERT INTO Transaction VALUES('94103347739065370G', 'a61887', X'cde7b362c05e78a9b0836978e912ce36a1a1659871115a0240dd952d58d94d22', 2.7, '2020-04-13 12:53:01');
INSERT INTO Ticket VALUES(X'8b067ffed6a0241f91aa9444f12243827cf6d06dfa0331b79721174be101e1a4', 'a80247', 2, 0);
INSERT INTO Transaction VALUES('382631114736Z58070', 'a80247', X'8b067ffed6a0241f91aa9444f12243827cf6d06dfa0331b79721174be101e1a4', 2.7, '2020-04-19 17:57:36');
INSERT INTO Ticket VALUES(X'70b27ba9b009fa583beabe880f130ccce744c0b85948fa769f800f2f26dad870', 'a54354', 1, 0);
INSERT INTO Transaction VALUES('323678789128217101', 'a54354', X'70b27ba9b009fa583beabe880f130ccce744c0b85948fa769f800f2f26dad870', 2.05, '2020-04-29 23:49:26');
INSERT INTO Ticket VALUES(X'7208e24c2eba3bd6a9b4a757c1e835372dd61ca2fd6942fbbcfd9e4fd67ac739', 'a80899', 1, 0);
INSERT INTO Transaction VALUES('898954721526925173', 'a80899', X'7208e24c2eba3bd6a9b4a757c1e835372dd61ca2fd6942fbbcfd9e4fd67ac739', 2.05, '2020-04-06 15:34:16');
INSERT INTO Ticket VALUES(X'bbf537a825dd984c2429c275339ae74ce9a6560502680dcc2b5e6a2ff8a6bd2a', 'a27668', 2, 0);
INSERT INTO Transaction VALUES('184560084039582600', 'a27668', X'bbf537a825dd984c2429c275339ae74ce9a6560502680dcc2b5e6a2ff8a6bd2a', 2.7, '2020-06-23 22:01:28');
INSERT INTO Ticket VALUES(X'f62a6b146501d6930f5ee386d5fd1e8c6dfaf165add1b6c31f3faaeedf4ea2cf', 'a73073', 1, 0);
INSERT INTO Transaction VALUES('98236676115V316980', 'a73073', X'f62a6b146501d6930f5ee386d5fd1e8c6dfaf165add1b6c31f3faaeedf4ea2cf', 2.05, '2020-04-18 02:17:09');
INSERT INTO Ticket VALUES(X'26b53a89b39e7ab84fb438e2d6e1311b8647872bb4254ac7aa92ea735ee3c895', 'a73073', 2, 0);
INSERT INTO Transaction VALUES('908U0N780439390829', 'a73073', X'26b53a89b39e7ab84fb438e2d6e1311b8647872bb4254ac7aa92ea735ee3c895', 2.7, '2020-06-22 22:42:45');
INSERT INTO Ticket VALUES(X'7085595c752f00309eb565eed3d4fd91f2551c7b41908844261883ec925c1b22', 'a61832', 2, 0);
INSERT INTO Transaction VALUES('9439JS853765472916', 'a61832', X'7085595c752f00309eb565eed3d4fd91f2551c7b41908844261883ec925c1b22', 2.7, '2020-05-30 01:16:10');
INSERT INTO Ticket VALUES(X'2f9516e60874759fb6bc7c93942f25f3a6525f28264bc18360ff2a9f41c28299', 'a12154', 2, 0);
INSERT INTO Transaction VALUES('42803947050154J3E8', 'a12154', X'2f9516e60874759fb6bc7c93942f25f3a6525f28264bc18360ff2a9f41c28299', 2.7, '2020-06-20 20:57:03');
INSERT INTO Ticket VALUES(X'ff3b127dae41505ebaeba2b8b79512619c9735ce394e437141ef4755aecdf825', 'a39615', 2, 0);
INSERT INTO Transaction VALUES('7743360921382C7017', 'a39615', X'ff3b127dae41505ebaeba2b8b79512619c9735ce394e437141ef4755aecdf825', 2.7, '2020-04-07 14:23:39');
INSERT INTO Ticket VALUES(X'be35cedb98a0423b3d3f9adf7221be72726c30dcb21aad168696d033c33753c1', 'a27668', 2, 0);
INSERT INTO Transaction VALUES('689843160184387134', 'a27668', X'be35cedb98a0423b3d3f9adf7221be72726c30dcb21aad168696d033c33753c1', 2.7, '2020-05-13 20:36:20');
INSERT INTO Ticket VALUES(X'00a7cff57266e804d95cc7691efd75ecef1b08faa671c0bcfca5d816a1e4b4d9', 'a35004', 2, 0);
INSERT INTO Transaction VALUES('Z97803977E81365593', 'a35004', X'00a7cff57266e804d95cc7691efd75ecef1b08faa671c0bcfca5d816a1e4b4d9', 2.7, '2020-07-03 02:29:20');
INSERT INTO Ticket VALUES(X'791154bdbf15d98da422a96319467c6cd4bfdba25ee4fde62f7d918d26d4abac', 'a93451', 1, 0);
INSERT INTO Transaction VALUES('F030E53552B6223240', 'a93451', X'791154bdbf15d98da422a96319467c6cd4bfdba25ee4fde62f7d918d26d4abac', 2.05, '2020-04-02 13:36:10');
INSERT INTO Ticket VALUES(X'36b2b70c4d2dd2d62fa744483954126f9ce69b8f8bd77a00ac7ef163d7a061a5', 'a12154', 1, 0);
INSERT INTO Transaction VALUES('4V77G5690392054991', 'a12154', X'36b2b70c4d2dd2d62fa744483954126f9ce69b8f8bd77a00ac7ef163d7a061a5', 2.05, '2020-05-09 18:15:05');
INSERT INTO Ticket VALUES(X'7589afdb5d8d115254daa57de2cb311ee12d271e2acda393bbec58ed9ec026b3', 'a27360', 2, 0);
INSERT INTO Transaction VALUES('536397930890973398', 'a27360', X'7589afdb5d8d115254daa57de2cb311ee12d271e2acda393bbec58ed9ec026b3', 2.7, '2020-05-14 07:36:22');
INSERT INTO Ticket VALUES(X'865e9d6608d327350b86576d34843e51577ad0fa3c09114e4f99cbdf22fa7c87', 'a75258', 2, 0);
INSERT INTO Transaction VALUES('779054219031280096', 'a75258', X'865e9d6608d327350b86576d34843e51577ad0fa3c09114e4f99cbdf22fa7c87', 2.7, '2020-06-21 12:21:07');
INSERT INTO Ticket VALUES(X'9f8307ca7d12d0df3b856213589246f2306119fa4f4a07ea837a8a0226f23fec', 'a67736', 2, 0);
INSERT INTO Transaction VALUES('L26996434461330279', 'a67736', X'9f8307ca7d12d0df3b856213589246f2306119fa4f4a07ea837a8a0226f23fec', 2.7, '2020-06-27 14:55:06');
INSERT INTO Ticket VALUES(X'a9a05343911826811cbd9483ee3d9faa1700c4e43ab098460951ef05c702035c', 'a93451', 2, 0);
INSERT INTO Transaction VALUES('132487649107W5J190', 'a93451', X'a9a05343911826811cbd9483ee3d9faa1700c4e43ab098460951ef05c702035c', 2.7, '2020-04-27 02:50:24');
INSERT INTO Ticket VALUES(X'8367c821c26b6d45e59e07829b03a7e224f45580071658f4af4d1c02688b82cb', 'a75258', 2, 0);
INSERT INTO Transaction VALUES('079923751111225242', 'a75258', X'8367c821c26b6d45e59e07829b03a7e224f45580071658f4af4d1c02688b82cb', 2.7, '2020-04-30 02:51:25');
INSERT INTO Ticket VALUES(X'32173ca1e36a373ad537fee9753b755f348344f192cc1b060a5631aefcfd112c', 'a04094', 2, 0);
INSERT INTO Transaction VALUES('0P814620787S767393', 'a04094', X'32173ca1e36a373ad537fee9753b755f348344f192cc1b060a5631aefcfd112c', 2.7, '2020-04-16 18:23:37');
INSERT INTO Ticket VALUES(X'6ee778deda3881a7ba5a46f3857fa02473a666bd1847a7e333e8ddf55d8b2caf', 'a72926', 2, 0);
INSERT INTO Transaction VALUES('425451325452802183', 'a72926', X'6ee778deda3881a7ba5a46f3857fa02473a666bd1847a7e333e8ddf55d8b2caf', 2.7, '2020-04-11 09:59:27');
INSERT INTO Ticket VALUES(X'b46ace55ae8b4ac77692ed70f1c2e5ec9b06fd8950c5d0c07c94be2bb6fc5749', 'a54354', 2, 0);
INSERT INTO Transaction VALUES('1689415016L68C95E1', 'a54354', X'b46ace55ae8b4ac77692ed70f1c2e5ec9b06fd8950c5d0c07c94be2bb6fc5749', 2.7, '2020-05-29 17:24:03');
INSERT INTO Ticket VALUES(X'467b2a0101d6f0ba4b018aa7f2e09ded90a527663956070fd338ce0bd1599310', 'a87120', 1, 0);
INSERT INTO Transaction VALUES('3875FP226099105338', 'a87120', X'467b2a0101d6f0ba4b018aa7f2e09ded90a527663956070fd338ce0bd1599310', 2.05, '2020-06-13 13:52:52');
INSERT INTO Ticket VALUES(X'9e571e9579a4cbe253f23914c21e8695c9bfdc84f4f999031f2491b53e096e1a', 'a52516', 1, 0);
INSERT INTO Transaction VALUES('333652575911F58970', 'a52516', X'9e571e9579a4cbe253f23914c21e8695c9bfdc84f4f999031f2491b53e096e1a', 2.05, '2020-04-02 19:45:38');
INSERT INTO Ticket VALUES(X'ccfbc9791d14ae10b364ca89b021c37206314c21c4750e0843f7a63545939152', 'a84440', 1, 0);
INSERT INTO Transaction VALUES('4511F7C0842483H384', 'a84440', X'ccfbc9791d14ae10b364ca89b021c37206314c21c4750e0843f7a63545939152', 2.05, '2020-06-21 12:43:56');
INSERT INTO Ticket VALUES(X'19b213ae70b84de69053e9ee434b02cfc1f813517772d94f6367a6ee0de2af02', 'a49426', 2, 0);
INSERT INTO Transaction VALUES('752398057233742111', 'a49426', X'19b213ae70b84de69053e9ee434b02cfc1f813517772d94f6367a6ee0de2af02', 2.7, '2020-07-02 23:04:13');
INSERT INTO Ticket VALUES(X'187f256c6ae1d15af5be173263161e1d2c5c9a5ba9d47572646d4ab336e17b97', 'a26273', 2, 0);
INSERT INTO Transaction VALUES('943031E62607798826', 'a26273', X'187f256c6ae1d15af5be173263161e1d2c5c9a5ba9d47572646d4ab336e17b97', 2.7, '2020-05-24 02:29:09');
INSERT INTO Ticket VALUES(X'abba421a74794aff06ecd3daf6a88e6122acd741ba3127db3d179fbc8612debd', 'a69149', 2, 0);
INSERT INTO Transaction VALUES('542346872525115962', 'a69149', X'abba421a74794aff06ecd3daf6a88e6122acd741ba3127db3d179fbc8612debd', 2.7, '2020-06-22 23:31:35');
INSERT INTO Ticket VALUES(X'8c2f71e5987a0203a82b1d481d6d98b8f972ed1522e53e5aaf5fa988a439556c', 'a29258', 1, 0);
INSERT INTO Transaction VALUES('733151782364599961', 'a29258', X'8c2f71e5987a0203a82b1d481d6d98b8f972ed1522e53e5aaf5fa988a439556c', 2.05, '2020-05-27 19:12:50');
INSERT INTO Ticket VALUES(X'49c76fa5ab559e139a8ee65eae140d0c391df3868d0e202fe6d9e3c71165fa73', 'a00759', 2, 0);
INSERT INTO Transaction VALUES('9H61740211H9310997', 'a00759', X'49c76fa5ab559e139a8ee65eae140d0c391df3868d0e202fe6d9e3c71165fa73', 2.7, '2020-05-26 22:46:44');
INSERT INTO Ticket VALUES(X'6879a79b95e4ca1bc5484910c7e13002c04e270bf63e0cc7cef65b7e63c9bb18', 'a95152', 2, 0);
INSERT INTO Transaction VALUES('408366U2581985172Y', 'a95152', X'6879a79b95e4ca1bc5484910c7e13002c04e270bf63e0cc7cef65b7e63c9bb18', 2.7, '2020-05-08 21:41:36');
INSERT INTO Ticket VALUES(X'acda31577a941327a7f89a60d4b05e4f9bb7a7597b74f5999fdde4deef5d67c1', 'a44839', 2, 0);
INSERT INTO Transaction VALUES('5560051695L5B5197Z', 'a44839', X'acda31577a941327a7f89a60d4b05e4f9bb7a7597b74f5999fdde4deef5d67c1', 2.7, '2020-03-30 05:17:51');
INSERT INTO Ticket VALUES(X'3fc3c1bf7c29fab1750d502cbe5ac422fa5c7d12b93f6d162a6e8d3183700891', 'a79346', 1, 0);
INSERT INTO Transaction VALUES('8K4683560206965139', 'a79346', X'3fc3c1bf7c29fab1750d502cbe5ac422fa5c7d12b93f6d162a6e8d3183700891', 2.05, '2020-04-22 06:24:13');
INSERT INTO Ticket VALUES(X'2c35394387784a480f7de1fd5b4410fa4ab41d8c9ec1cf60f3b4880dc67f666b', 'a07408', 2, 0);
INSERT INTO Transaction VALUES('5018Z6468255X6C899', 'a07408', X'2c35394387784a480f7de1fd5b4410fa4ab41d8c9ec1cf60f3b4880dc67f666b', 2.7, '2020-05-08 21:43:26');
INSERT INTO Ticket VALUES(X'40df874dce5e77f69764f60642e79ed169a79cd5258cebc857048691e448d28c', 'a61832', 2, 0);
INSERT INTO Transaction VALUES('61335M444871038439', 'a61832', X'40df874dce5e77f69764f60642e79ed169a79cd5258cebc857048691e448d28c', 2.7, '2020-03-30 10:20:58');
INSERT INTO Ticket VALUES(X'e986978588a31b716ef2e1f182999f66f8b3edf87ae9caf2dacf8b2b2ce87049', 'a81593', 1, 0);
INSERT INTO Transaction VALUES('1N3H3P16388066357N', 'a81593', X'e986978588a31b716ef2e1f182999f66f8b3edf87ae9caf2dacf8b2b2ce87049', 2.05, '2020-04-08 23:36:59');
INSERT INTO Ticket VALUES(X'098771341c99752a19bd38b60c97ad0239ac34b8abe313db7dc36a6126f9a215', 'a84440', 1, 0);
INSERT INTO Transaction VALUES('7985358A9007395909', 'a84440', X'098771341c99752a19bd38b60c97ad0239ac34b8abe313db7dc36a6126f9a215', 2.05, '2020-06-23 10:37:34');
INSERT INTO Ticket VALUES(X'31b2d351d5ac161cfc4d26bacd893fe834bda1077ca445c54085f647e3cb82b7', 'a37326', 2, 0);
INSERT INTO Transaction VALUES('44321J691575577307', 'a37326', X'31b2d351d5ac161cfc4d26bacd893fe834bda1077ca445c54085f647e3cb82b7', 2.7, '2020-04-09 09:25:08');
INSERT INTO Ticket VALUES(X'553d3e9245977c60c53af1388b01507c03e3c7029548555418a73f1c56d29d30', 'a04094', 1, 0);
INSERT INTO Transaction VALUES('903776584817342761', 'a04094', X'553d3e9245977c60c53af1388b01507c03e3c7029548555418a73f1c56d29d30', 2.05, '2020-06-04 11:11:48');
INSERT INTO Ticket VALUES(X'aafe193865d7d931bd8a1fb16d5a7ce9425616f210459d071d3028192928fbf6', 'a58814', 1, 0);
INSERT INTO Transaction VALUES('844286035669906830', 'a58814', X'aafe193865d7d931bd8a1fb16d5a7ce9425616f210459d071d3028192928fbf6', 2.05, '2020-04-30 05:49:38');
INSERT INTO Ticket VALUES(X'7a975165f1590a822a05647ab763bbcd796bc032b113227abb699be3c3ccea17', 'a49426', 2, 0);
INSERT INTO Transaction VALUES('97942890L157687742', 'a49426', X'7a975165f1590a822a05647ab763bbcd796bc032b113227abb699be3c3ccea17', 2.7, '2020-06-21 13:43:44');
INSERT INTO Ticket VALUES(X'9d38b0059d389270c2ee2fd73959557792aaf06997b2669895de8826342d7dad', 'a35004', 1, 0);
INSERT INTO Transaction VALUES('58L47172D0G3702660', 'a35004', X'9d38b0059d389270c2ee2fd73959557792aaf06997b2669895de8826342d7dad', 2.05, '2020-05-22 10:12:38');
INSERT INTO Ticket VALUES(X'a0fa5633f131f9c742afbc3bc476d57f816aa7f423eda13bcd0efc87c6c98d9e', 'a35004', 1, 0);
INSERT INTO Transaction VALUES('3N68S8658590046729', 'a35004', X'a0fa5633f131f9c742afbc3bc476d57f816aa7f423eda13bcd0efc87c6c98d9e', 2.05, '2020-04-05 10:09:32');
INSERT INTO Ticket VALUES(X'52a7cb3b3448703acf7d875ec467e3eb16072b79d6d43c56a3f29a356b46de15', 'a61312', 2, 0);
INSERT INTO Transaction VALUES('662091040702T02237', 'a61312', X'52a7cb3b3448703acf7d875ec467e3eb16072b79d6d43c56a3f29a356b46de15', 2.7, '2020-04-29 23:15:59');
INSERT INTO Ticket VALUES(X'9847e50f4aebb70c8b707386f2bffd5585d27418f1eeec352733bdef0930a45c', 'a22705', 2, 0);
INSERT INTO Transaction VALUES('98446529299961I915', 'a22705', X'9847e50f4aebb70c8b707386f2bffd5585d27418f1eeec352733bdef0930a45c', 2.7, '2020-04-15 14:48:41');
INSERT INTO Ticket VALUES(X'1af4c8c12df1913f3521a307d00978bd4c9f71e43f09fd4c9a24792cc7a37643', 'a50692', 1, 0);
INSERT INTO Transaction VALUES('371055309293660F4Q', 'a50692', X'1af4c8c12df1913f3521a307d00978bd4c9f71e43f09fd4c9a24792cc7a37643', 2.05, '2020-05-21 04:26:09');
INSERT INTO Ticket VALUES(X'c7a16ac646b2abb2af44d98bff98217fe9bb452e26d43225b1380046fb8dc412', 'a61887', 1, 0);
INSERT INTO Transaction VALUES('8401Z2257S7R5O1889', 'a61887', X'c7a16ac646b2abb2af44d98bff98217fe9bb452e26d43225b1380046fb8dc412', 2.05, '2020-04-04 03:54:28');
INSERT INTO Ticket VALUES(X'494755e740c59c7a8c5aed5bd0b9bb7840d507c374ed383c0542ec966f35a742', 'a48917', 1, 0);
INSERT INTO Transaction VALUES('2323746W275751X233', 'a48917', X'494755e740c59c7a8c5aed5bd0b9bb7840d507c374ed383c0542ec966f35a742', 2.05, '2020-06-15 21:30:01');
INSERT INTO Ticket VALUES(X'fef99d1f2cb40925ab25b9b35b4d756b24632a85ab46f5010d99ed6619b6061c', 'a84440', 1, 0);
INSERT INTO Transaction VALUES('F95283453332126720', 'a84440', X'fef99d1f2cb40925ab25b9b35b4d756b24632a85ab46f5010d99ed6619b6061c', 2.05, '2020-03-27 07:52:30');
INSERT INTO Ticket VALUES(X'83b4d6149b692184110924b296afb6afe51b61b7a411221d57f74f1da183b6a9', 'a04176', 1, 0);
INSERT INTO Transaction VALUES('A30256856157214334', 'a04176', X'83b4d6149b692184110924b296afb6afe51b61b7a411221d57f74f1da183b6a9', 2.05, '2020-04-10 19:21:40');
INSERT INTO Ticket VALUES(X'4f0472fc6dc33b23d7d68f2186ab0426c9ab972796784a670c9056a104914a2f', 'a43248', 2, 0);
INSERT INTO Transaction VALUES('6884893561004O5141', 'a43248', X'4f0472fc6dc33b23d7d68f2186ab0426c9ab972796784a670c9056a104914a2f', 2.7, '2020-04-19 05:19:02');
INSERT INTO Ticket VALUES(X'53d49c7185d22e3726620999bcd9e78f28df546f736a71a110a021c6decbb0fd', 'a17359', 1, 0);
INSERT INTO Transaction VALUES('321575449G508R8616', 'a17359', X'53d49c7185d22e3726620999bcd9e78f28df546f736a71a110a021c6decbb0fd', 2.05, '2020-05-31 06:31:52');
INSERT INTO Ticket VALUES(X'dc28607160c2fcbffc2b3e432b275e78527117155f68c361fd7ce87c5ec7dcd9', 'a93451', 1, 0);
INSERT INTO Transaction VALUES('X020C92N9921564741', 'a93451', X'dc28607160c2fcbffc2b3e432b275e78527117155f68c361fd7ce87c5ec7dcd9', 2.05, '2020-04-14 11:21:04');
INSERT INTO Ticket VALUES(X'e0a612bec30d50d12f2695e6735e35cbd2cd94c07a8bf1555dea98ba4e8187a4', 'a81593', 2, 0);
INSERT INTO Transaction VALUES('6J15969Y9820344238', 'a81593', X'e0a612bec30d50d12f2695e6735e35cbd2cd94c07a8bf1555dea98ba4e8187a4', 2.7, '2020-04-18 12:31:07');
INSERT INTO Ticket VALUES(X'c2c855fe73abb8224ddbd55d430eb3eb7f1d9ae3a64ab39888506254e15ddc1b', 'a53258', 2, 0);
INSERT INTO Transaction VALUES('95V270455182E44391', 'a53258', X'c2c855fe73abb8224ddbd55d430eb3eb7f1d9ae3a64ab39888506254e15ddc1b', 2.7, '2020-03-29 03:27:03');
INSERT INTO Ticket VALUES(X'17afbcfb1254e4347965e98bd4a0be84945dfc411302921f0425da837cca7d3f', 'a61887', 1, 0);
INSERT INTO Transaction VALUES('3285352341002N0794', 'a61887', X'17afbcfb1254e4347965e98bd4a0be84945dfc411302921f0425da837cca7d3f', 2.05, '2020-05-09 20:19:37');
INSERT INTO Ticket VALUES(X'8d42614aff2b860707e80ac546fe9aaf7869ab50f8cc2ee8cf427215bceb23e4', 'a04176', 2, 0);
INSERT INTO Transaction VALUES('B32124103504A16714', 'a04176', X'8d42614aff2b860707e80ac546fe9aaf7869ab50f8cc2ee8cf427215bceb23e4', 2.7, '2020-05-24 09:28:57');
INSERT INTO Ticket VALUES(X'20fed2adbdd2fa90e9fc8e08fd4fa3ec06cd6fa6806af5ea3a51baf891abcac2', 'a87120', 1, 0);
INSERT INTO Transaction VALUES('71197760944V871198', 'a87120', X'20fed2adbdd2fa90e9fc8e08fd4fa3ec06cd6fa6806af5ea3a51baf891abcac2', 2.05, '2020-06-14 03:57:38');
INSERT INTO Ticket VALUES(X'13aa7e4674b6737e87fae5718a969fb29a0dc0e4f923a217f04af4c656e80982', 'a69149', 1, 0);
INSERT INTO Transaction VALUES('16268S346576NY6244', 'a69149', X'13aa7e4674b6737e87fae5718a969fb29a0dc0e4f923a217f04af4c656e80982', 2.05, '2020-04-04 16:02:49');
INSERT INTO Ticket VALUES(X'e1a50d1c5d1958f49db56db027d7a2e2488a0f8f2dbc062c36dade3440c6bb25', 'a79863', 1, 0);
INSERT INTO Transaction VALUES('531666153950B03428', 'a79863', X'e1a50d1c5d1958f49db56db027d7a2e2488a0f8f2dbc062c36dade3440c6bb25', 2.05, '2020-04-23 17:44:33');
INSERT INTO Ticket VALUES(X'cc015ec9b5b3f88d5c49bdcb5945e4c97c32e5d840c9972996e56478d65455bf', 'a58814', 1, 0);
INSERT INTO Transaction VALUES('318020787V46014Z68', 'a58814', X'cc015ec9b5b3f88d5c49bdcb5945e4c97c32e5d840c9972996e56478d65455bf', 2.05, '2020-04-15 13:40:33');
INSERT INTO Ticket VALUES(X'b4c319abc238f867b7839a25d26f83d15a357d56fa08423cc55c29267c25d872', 'a87514', 2, 0);
INSERT INTO Transaction VALUES('337308955609387528', 'a87514', X'b4c319abc238f867b7839a25d26f83d15a357d56fa08423cc55c29267c25d872', 2.7, '2020-04-23 20:15:21');
INSERT INTO Ticket VALUES(X'158faa40d3d95319f16b9e078dad3da9d408538733b30a247d518e1db6722cfa', 'a80247', 1, 0);
INSERT INTO Transaction VALUES('43152090192855V339', 'a80247', X'158faa40d3d95319f16b9e078dad3da9d408538733b30a247d518e1db6722cfa', 2.05, '2020-06-20 21:14:55');
INSERT INTO Ticket VALUES(X'dad871f4ae696569b79100c66988ba61d0d8c340906d68c14a8c31645ed05484', 'a67736', 2, 0);
INSERT INTO Transaction VALUES('3450783737Z0093725', 'a67736', X'dad871f4ae696569b79100c66988ba61d0d8c340906d68c14a8c31645ed05484', 2.7, '2020-05-14 16:58:18');
INSERT INTO Ticket VALUES(X'4c40636b855c0b8fd620777d4cce8a44ac28a528c8b8d808304b5aa53ab858f7', 'a91123', 2, 0);
INSERT INTO Transaction VALUES('6046D3400982T58O59', 'a91123', X'4c40636b855c0b8fd620777d4cce8a44ac28a528c8b8d808304b5aa53ab858f7', 2.7, '2020-03-31 19:54:44');
INSERT INTO Ticket VALUES(X'582d99d85a3384ceac9c0bd5acb4a368a94b01f27acb7ec9afe1e55e9caa8b79', 'a00286', 1, 0);
INSERT INTO Transaction VALUES('090088G35581488495', 'a00286', X'582d99d85a3384ceac9c0bd5acb4a368a94b01f27acb7ec9afe1e55e9caa8b79', 2.05, '2020-06-02 10:03:05');
INSERT INTO Ticket VALUES(X'cd5dfff83da866b5f1e767b2c4e6ebb8944cbf73767e7d8671cc971442fa86f3', 'a55528', 2, 0);
INSERT INTO Transaction VALUES('44704207642926340H', 'a55528', X'cd5dfff83da866b5f1e767b2c4e6ebb8944cbf73767e7d8671cc971442fa86f3', 2.7, '2020-05-13 00:48:12');
INSERT INTO Ticket VALUES(X'a8913d30e54f6e1a20ccdd8417552bafa7c1ca0cafe2071cca0bab770b948888', 'a28488', 2, 0);
INSERT INTO Transaction VALUES('996O42379536716793', 'a28488', X'a8913d30e54f6e1a20ccdd8417552bafa7c1ca0cafe2071cca0bab770b948888', 2.7, '2020-05-07 22:56:04');
INSERT INTO Ticket VALUES(X'fc5d54703aa43cf684a0018f1819f58aa95697179003fa33224e3abcf4e1c7f0', 'a46471', 1, 0);
INSERT INTO Transaction VALUES('5370712544U7739125', 'a46471', X'fc5d54703aa43cf684a0018f1819f58aa95697179003fa33224e3abcf4e1c7f0', 2.05, '2020-06-25 21:49:58');
INSERT INTO Ticket VALUES(X'9cefd42fa4110c45cd7b3efa4e1510aa33237a979e6138136bddf47f9df2f070', 'a07408', 2, 0);
INSERT INTO Transaction VALUES('176838823297941X93', 'a07408', X'9cefd42fa4110c45cd7b3efa4e1510aa33237a979e6138136bddf47f9df2f070', 2.7, '2020-05-17 22:13:44');
INSERT INTO Ticket VALUES(X'9a3a2eb1088256886bd488dafbe50e4262352fe6543b3355148fab1f066ab02a', 'a54437', 2, 0);
INSERT INTO Transaction VALUES('116038678H72128392', 'a54437', X'9a3a2eb1088256886bd488dafbe50e4262352fe6543b3355148fab1f066ab02a', 2.7, '2020-04-20 07:44:53');
INSERT INTO Ticket VALUES(X'c9d4c9cec91b0ade2f2a1a1b4e93d8343860779f1185ffdab9d6c3c138c38114', 'a86025', 2, 0);
INSERT INTO Transaction VALUES('0574650W63A583X285', 'a86025', X'c9d4c9cec91b0ade2f2a1a1b4e93d8343860779f1185ffdab9d6c3c138c38114', 2.7, '2020-06-14 19:03:24');
INSERT INTO Ticket VALUES(X'9ebc33b47121403ef31881dd468633c96a1f57c7b07f137a29e000b892eb2939', 'a84440', 2, 0);
INSERT INTO Transaction VALUES('060754658884699941', 'a84440', X'9ebc33b47121403ef31881dd468633c96a1f57c7b07f137a29e000b892eb2939', 2.7, '2020-04-21 19:57:42');
INSERT INTO Ticket VALUES(X'c01624f64e3115a683cb311067955d22acf5f85a8d39885f69ae0162be487fed', 'a95152', 2, 0);
INSERT INTO Transaction VALUES('N60334783520N60006', 'a95152', X'c01624f64e3115a683cb311067955d22acf5f85a8d39885f69ae0162be487fed', 2.7, '2020-05-26 06:15:14');
INSERT INTO Ticket VALUES(X'910002d3c0638073052b914e8fcb80f0d7ccd7b955b7193d7ecaac68a56f774f', 'a23468', 1, 0);
INSERT INTO Transaction VALUES('4U6R668I6767K46952', 'a23468', X'910002d3c0638073052b914e8fcb80f0d7ccd7b955b7193d7ecaac68a56f774f', 2.05, '2020-06-09 09:17:18');
INSERT INTO Ticket VALUES(X'6ee5c8ec17acf0974808f90e039a7d8a89b0ee34d1bc4bbe69edc368a4279fa8', 'a46769', 2, 0);
INSERT INTO Transaction VALUES('888241663881333132', 'a46769', X'6ee5c8ec17acf0974808f90e039a7d8a89b0ee34d1bc4bbe69edc368a4279fa8', 2.7, '2020-06-19 10:45:48');
INSERT INTO Ticket VALUES(X'1c4a6451a0ffb0b62649bb34a754447712813b462308bafbefcacc194ca8c88c', 'a82539', 1, 0);
INSERT INTO Transaction VALUES('9W6019836244717946', 'a82539', X'1c4a6451a0ffb0b62649bb34a754447712813b462308bafbefcacc194ca8c88c', 2.05, '2020-03-27 08:03:50');
INSERT INTO Ticket VALUES(X'b8db1d01fb1ca2802661b26eb70c184d2c4529a6e6bd3ab384fe0451e93cb227', 'a43248', 2, 0);
INSERT INTO Transaction VALUES('169117851280525179', 'a43248', X'b8db1d01fb1ca2802661b26eb70c184d2c4529a6e6bd3ab384fe0451e93cb227', 2.7, '2020-03-26 16:15:03');
INSERT INTO Ticket VALUES(X'9d20fb2179e15831b1c222a3fac43333a4aaf40585e4755e224b9a5ead3ae33a', 'a35004', 2, 0);
INSERT INTO Transaction VALUES('60091848632429686G', 'a35004', X'9d20fb2179e15831b1c222a3fac43333a4aaf40585e4755e224b9a5ead3ae33a', 2.7, '2020-04-04 03:53:28');
INSERT INTO Ticket VALUES(X'e55f516bd2bc7c7b56db9acf87190aa121f82738736872913f26afb1aed4f63f', 'a75258', 1, 0);
INSERT INTO Transaction VALUES('248A510I63747VT315', 'a75258', X'e55f516bd2bc7c7b56db9acf87190aa121f82738736872913f26afb1aed4f63f', 2.05, '2020-05-06 15:11:33');
INSERT INTO Ticket VALUES(X'7fe8514f0daea3da7cc2f4e389305c612b5e7fbb9c8b11292920796783645f12', 'a07408', 2, 0);
INSERT INTO Transaction VALUES('6Q8877316M686Q3702', 'a07408', X'7fe8514f0daea3da7cc2f4e389305c612b5e7fbb9c8b11292920796783645f12', 2.7, '2020-04-19 02:00:04');
INSERT INTO Ticket VALUES(X'5d85dce54d9e4382ee3719fe59838da7a8507ea6afba152d5fd93250cd4c1f6e', 'a61887', 2, 0);
INSERT INTO Transaction VALUES('128551403845798339', 'a61887', X'5d85dce54d9e4382ee3719fe59838da7a8507ea6afba152d5fd93250cd4c1f6e', 2.7, '2020-06-18 00:59:41');
INSERT INTO Ticket VALUES(X'43e1f301fca9d241191c148cc043399604ced70b720ef37be883771ac04b6cb0', 'a23468', 2, 0);
INSERT INTO Transaction VALUES('7738425609170L0182', 'a23468', X'43e1f301fca9d241191c148cc043399604ced70b720ef37be883771ac04b6cb0', 2.7, '2020-04-01 04:29:27');
INSERT INTO Ticket VALUES(X'22084df799efc6d164cbbf1c5234fa737700354c3e44a836447d6c754400c98b', 'a50692', 1, 0);
INSERT INTO Transaction VALUES('2A4717942843896017', 'a50692', X'22084df799efc6d164cbbf1c5234fa737700354c3e44a836447d6c754400c98b', 2.05, '2020-05-21 05:26:38');
INSERT INTO Ticket VALUES(X'a1d5667077fea18b02ce4b2d81759583d74dfd49161d74974e51f831cd03349a', 'a52516', 1, 0);
INSERT INTO Transaction VALUES('47240B292358729O85', 'a52516', X'a1d5667077fea18b02ce4b2d81759583d74dfd49161d74974e51f831cd03349a', 2.05, '2020-06-20 10:29:21');
INSERT INTO Ticket VALUES(X'f4b065f6eb81e17ad4e5890f53d37e60c9abbad09fe41836c643b8045f70f830', 'a28488', 1, 0);
INSERT INTO Transaction VALUES('51Z007K1NH12355321', 'a28488', X'f4b065f6eb81e17ad4e5890f53d37e60c9abbad09fe41836c643b8045f70f830', 2.05, '2020-06-01 00:34:25');
INSERT INTO Ticket VALUES(X'5bc2d2cc44b3b1f2df86ffdd15c4a679d97441e7b7f69034c02cfaf765f00fef', 'a21855', 2, 0);
INSERT INTO Transaction VALUES('84Q546G023960157B8', 'a21855', X'5bc2d2cc44b3b1f2df86ffdd15c4a679d97441e7b7f69034c02cfaf765f00fef', 2.7, '2020-06-02 16:02:14');
INSERT INTO Ticket VALUES(X'b52b7b0ee8037a384863ed96a82e26d852a1b1c17bafe64a21e00fca81de1308', 'a57258', 1, 0);
INSERT INTO Transaction VALUES('S27X706032966PJ871', 'a57258', X'b52b7b0ee8037a384863ed96a82e26d852a1b1c17bafe64a21e00fca81de1308', 2.05, '2020-05-04 05:50:22');
INSERT INTO Ticket VALUES(X'834c9abda2a819020ea59e227ace930120eff7a12f0d90d988f9f087191be5c9', 'a12248', 2, 0);
INSERT INTO Transaction VALUES('4W93489685705A4431', 'a12248', X'834c9abda2a819020ea59e227ace930120eff7a12f0d90d988f9f087191be5c9', 2.7, '2020-06-20 02:49:42');
INSERT INTO Ticket VALUES(X'14e6e18a0ae07922fc9733e2758b63094cc874b215348ce517122c7afd8e9e87', 'a91123', 2, 0);
INSERT INTO Transaction VALUES('235363539Q14496059', 'a91123', X'14e6e18a0ae07922fc9733e2758b63094cc874b215348ce517122c7afd8e9e87', 2.7, '2020-04-25 19:13:49');
INSERT INTO Ticket VALUES(X'15385f76865c14057b9933b6cc4a8c6b04c53d6f912f439e8a08c667fa5011e0', 'a50784', 1, 0);
INSERT INTO Transaction VALUES('2558963803868005U0', 'a50784', X'15385f76865c14057b9933b6cc4a8c6b04c53d6f912f439e8a08c667fa5011e0', 2.05, '2020-05-14 01:31:53');
INSERT INTO Ticket VALUES(X'aef0e40a3b42f63ac6925101707e9c058692299072260331ed2eef1817941a98', 'a55528', 1, 0);
INSERT INTO Transaction VALUES('01Y660145104304530', 'a55528', X'aef0e40a3b42f63ac6925101707e9c058692299072260331ed2eef1817941a98', 2.05, '2020-06-30 13:01:44');
INSERT INTO Ticket VALUES(X'a1befd682a80879280995508d282c7936d2b6a50581d5f3877431b458052aec3', 'a62910', 1, 0);
INSERT INTO Transaction VALUES('8465B4Z71657U99978', 'a62910', X'a1befd682a80879280995508d282c7936d2b6a50581d5f3877431b458052aec3', 2.05, '2020-06-06 14:44:22');
INSERT INTO Ticket VALUES(X'4eac03f574448ca86e00ff1a11f6d925a270d0e817203dc80b3e4f36d51ea6f2', 'a93012', 1, 0);
INSERT INTO Transaction VALUES('3258415H5408705020', 'a93012', X'4eac03f574448ca86e00ff1a11f6d925a270d0e817203dc80b3e4f36d51ea6f2', 2.05, '2020-04-17 05:39:27');
INSERT INTO Ticket VALUES(X'a697d2901000dec567f72fbca71691fd7be24738ee4a2da860d0edd4819f0df5', 'a22705', 2, 0);
INSERT INTO Transaction VALUES('669914383641042P72', 'a22705', X'a697d2901000dec567f72fbca71691fd7be24738ee4a2da860d0edd4819f0df5', 2.7, '2020-04-13 08:37:38');
INSERT INTO Ticket VALUES(X'e58954646c96085259389f84a0c2f814c2129030419879309017a336eaea4b9f', 'a86788', 2, 0);
INSERT INTO Transaction VALUES('97J5V71547779L06F9', 'a86788', X'e58954646c96085259389f84a0c2f814c2129030419879309017a336eaea4b9f', 2.7, '2020-05-10 06:56:19');
INSERT INTO Ticket VALUES(X'd523568908c4ab21dd9e7bc8c127f985040a2e31cb0d22384f4560940b83278c', 'a35004', 2, 0);
INSERT INTO Transaction VALUES('889121488P63486709', 'a35004', X'd523568908c4ab21dd9e7bc8c127f985040a2e31cb0d22384f4560940b83278c', 2.7, '2020-04-10 18:45:23');
INSERT INTO Ticket VALUES(X'65d7c7f83566fc08bb5361aad1dd6f86379eb9f78b1eda6ab3cc5d6875c3d411', 'a38536', 2, 0);
INSERT INTO Transaction VALUES('5657268156790773X6', 'a38536', X'65d7c7f83566fc08bb5361aad1dd6f86379eb9f78b1eda6ab3cc5d6875c3d411', 2.7, '2020-03-26 13:40:00');
INSERT INTO Ticket VALUES(X'cefcc7c16a3f641a57cbcccb7e52c28297a86adaae8754c2ca039dde2cf3e5ff', 'a49426', 2, 0);
INSERT INTO Transaction VALUES('073817P7769429457G', 'a49426', X'cefcc7c16a3f641a57cbcccb7e52c28297a86adaae8754c2ca039dde2cf3e5ff', 2.7, '2020-04-27 06:29:41');
INSERT INTO Ticket VALUES(X'ff63d888cb1c2105f7267795ae43f7beb8f6f03756b13ec219e4ce5831804ee5', 'a75124', 2, 0);
INSERT INTO Transaction VALUES('2873F66I2207588549', 'a75124', X'ff63d888cb1c2105f7267795ae43f7beb8f6f03756b13ec219e4ce5831804ee5', 2.7, '2020-05-27 00:24:39');
INSERT INTO Ticket VALUES(X'0bea5e08e68f38e2dd4e1e92cf6a4d0a70f7e5b2c2e7295dc13903ee7dc68ee1', 'a54437', 2, 0);
INSERT INTO Transaction VALUES('3X51IV360321553524', 'a54437', X'0bea5e08e68f38e2dd4e1e92cf6a4d0a70f7e5b2c2e7295dc13903ee7dc68ee1', 2.7, '2020-05-30 19:43:31');
INSERT INTO Ticket VALUES(X'eec124a75fe7e043bdf9d10cad2b4595dbbfd3231889db9567d1181d69989ed1', 'a57258', 1, 0);
INSERT INTO Transaction VALUES('48062H640059958535', 'a57258', X'eec124a75fe7e043bdf9d10cad2b4595dbbfd3231889db9567d1181d69989ed1', 2.05, '2020-04-12 02:22:27');
INSERT INTO Ticket VALUES(X'40f7c254fb943e0fead08d442701b60cc7d64e802a4870c8235ff8a32d1e3579', 'a12154', 2, 0);
INSERT INTO Transaction VALUES('79326733L003177748', 'a12154', X'40f7c254fb943e0fead08d442701b60cc7d64e802a4870c8235ff8a32d1e3579', 2.7, '2020-05-27 08:32:44');
INSERT INTO Ticket VALUES(X'6e01fb3a1a6a1791f1fbcd2c46907307729af1c3e663966d138bcdd0811c7991', 'a12248', 2, 0);
INSERT INTO Transaction VALUES('829543499166392541', 'a12248', X'6e01fb3a1a6a1791f1fbcd2c46907307729af1c3e663966d138bcdd0811c7991', 2.7, '2020-06-09 20:02:43');
INSERT INTO Ticket VALUES(X'080890adacf3d5feff4f89929c6ef2c62299e86274e7281b879cc7b8afc00da6', 'a84440', 1, 0);
INSERT INTO Transaction VALUES('T78619588414488203', 'a84440', X'080890adacf3d5feff4f89929c6ef2c62299e86274e7281b879cc7b8afc00da6', 2.05, '2020-06-16 07:21:10');
INSERT INTO Ticket VALUES(X'609ea4f4cbf89223e751badfe4bcdd46fee0c75f5cd74fda8674826ab5aa9434', 'a99616', 1, 0);
INSERT INTO Transaction VALUES('2847980F2107995834', 'a99616', X'609ea4f4cbf89223e751badfe4bcdd46fee0c75f5cd74fda8674826ab5aa9434', 2.05, '2020-05-19 12:05:13');
INSERT INTO Ticket VALUES(X'666964c62001e6144461bea247e1af22f7d60c27f1a8d0bc7e6712ce6e97f64c', 'a75258', 2, 0);
INSERT INTO Transaction VALUES('964069854914828027', 'a75258', X'666964c62001e6144461bea247e1af22f7d60c27f1a8d0bc7e6712ce6e97f64c', 2.7, '2020-04-24 20:31:57');
INSERT INTO Ticket VALUES(X'f3fb683e1858c415537b9ad06cc220487cd976537623ba1f503e1b64120d8e95', 'a12248', 2, 0);
INSERT INTO Transaction VALUES('1699822993284X1549', 'a12248', X'f3fb683e1858c415537b9ad06cc220487cd976537623ba1f503e1b64120d8e95', 2.7, '2020-06-27 00:03:48');
INSERT INTO Ticket VALUES(X'1a645ae124cf37a3fd7575638ed47956cb01f2a43ec302b1f355d5811edd543e', 'a66484', 1, 0);
INSERT INTO Transaction VALUES('089M63G71101I56878', 'a66484', X'1a645ae124cf37a3fd7575638ed47956cb01f2a43ec302b1f355d5811edd543e', 2.05, '2020-06-28 19:40:36');
INSERT INTO Ticket VALUES(X'4b68b2336d4f9485f70c0ad32496957528ba5d2b6c9f7e31dcf6688ea5f78926', 'a86968', 2, 0);
INSERT INTO Transaction VALUES('5V4LL5531G997KT889', 'a86968', X'4b68b2336d4f9485f70c0ad32496957528ba5d2b6c9f7e31dcf6688ea5f78926', 2.7, '2020-03-27 20:53:16');
INSERT INTO Ticket VALUES(X'5d450b3ab6d087ffa1680303192ed61a34584b2fb8bba4de34c0a1cc3662cad5', 'a46883', 2, 0);
INSERT INTO Transaction VALUES('047O5819537222N383', 'a46883', X'5d450b3ab6d087ffa1680303192ed61a34584b2fb8bba4de34c0a1cc3662cad5', 2.7, '2020-05-26 12:06:23');
INSERT INTO Ticket VALUES(X'b9889da5ba93de53477fb859535884403db746fe583ed461651d871514a73c4b', 'a08585', 1, 0);
INSERT INTO Transaction VALUES('5466X4961W89P44158', 'a08585', X'b9889da5ba93de53477fb859535884403db746fe583ed461651d871514a73c4b', 2.05, '2020-06-21 09:43:37');
INSERT INTO Ticket VALUES(X'160f0fb9705c2830a512ca8414d41e496277a768190d524fd95986e6116597a7', 'a57258', 2, 0);
INSERT INTO Transaction VALUES('65I493379142143T82', 'a57258', X'160f0fb9705c2830a512ca8414d41e496277a768190d524fd95986e6116597a7', 2.7, '2020-06-02 11:38:24');
INSERT INTO Ticket VALUES(X'5abdb0083c762a1231c40d3cda4e8abef684776d06f1d6d7561276f0282b66a4', 'a08158', 1, 0);
INSERT INTO Transaction VALUES('3751Z0Y80949181660', 'a08158', X'5abdb0083c762a1231c40d3cda4e8abef684776d06f1d6d7561276f0282b66a4', 2.05, '2020-05-02 11:21:52');
INSERT INTO Ticket VALUES(X'1263732f68616518cfd899e3888a6f18496c7c03957279b032679b5e0ccec52d', 'a12154', 1, 0);
INSERT INTO Transaction VALUES('815034H39033639125', 'a12154', X'1263732f68616518cfd899e3888a6f18496c7c03957279b032679b5e0ccec52d', 2.05, '2020-06-17 21:43:59');
INSERT INTO Ticket VALUES(X'b85592ebca34900cc66d7e4116c804dd39a780d90c5e08daa3bbd53fd379e28e', 'a50784', 1, 0);
INSERT INTO Transaction VALUES('6N4J91194729566D9N', 'a50784', X'b85592ebca34900cc66d7e4116c804dd39a780d90c5e08daa3bbd53fd379e28e', 2.05, '2020-04-29 10:05:00');
INSERT INTO Ticket VALUES(X'f427ba0fbfee063b2f1edaea18a58e6cec8910d1cc56caa09e201ce744c9e6ca', 'a63317', 1, 0);
INSERT INTO Transaction VALUES('C446350714755515W4', 'a63317', X'f427ba0fbfee063b2f1edaea18a58e6cec8910d1cc56caa09e201ce744c9e6ca', 2.05, '2020-05-04 05:25:59');
INSERT INTO Ticket VALUES(X'a041fceae9649b95536e6a65c37f77015e32898903495eee743e4e9fd525293f', 'a85089', 2, 0);
INSERT INTO Transaction VALUES('876764768188016972', 'a85089', X'a041fceae9649b95536e6a65c37f77015e32898903495eee743e4e9fd525293f', 2.7, '2020-05-24 14:24:35');
INSERT INTO Ticket VALUES(X'c2844e6c221f270261c2aad08c30c6974a0553c73c30c41ac565d06b38047cb1', 'a54354', 1, 0);
INSERT INTO Transaction VALUES('5738C41363497U3664', 'a54354', X'c2844e6c221f270261c2aad08c30c6974a0553c73c30c41ac565d06b38047cb1', 2.05, '2020-04-09 01:35:03');
INSERT INTO Ticket VALUES(X'a8f50c6ca28e07cc258f2a75e3ac9d2cc942af518c0fff59e925dc2f9e363116', 'a62910', 2, 0);
INSERT INTO Transaction VALUES('0617A115636F6767ZR', 'a62910', X'a8f50c6ca28e07cc258f2a75e3ac9d2cc942af518c0fff59e925dc2f9e363116', 2.7, '2020-04-25 08:10:58');
INSERT INTO Ticket VALUES(X'8e25b294b5c8eb6e494c62b6f2a482d6559c1790828908ed707b928559354d01', 'a46883', 2, 0);
INSERT INTO Transaction VALUES('E48488223273208607', 'a46883', X'8e25b294b5c8eb6e494c62b6f2a482d6559c1790828908ed707b928559354d01', 2.7, '2020-06-04 04:09:20');
INSERT INTO Ticket VALUES(X'0f13f95848a35bae870e40019241775564043ff9d01124f8a6c938834b7386da', 'a51166', 2, 0);
INSERT INTO Transaction VALUES('719207932460496512', 'a51166', X'0f13f95848a35bae870e40019241775564043ff9d01124f8a6c938834b7386da', 2.7, '2020-06-21 11:51:34');
INSERT INTO Ticket VALUES(X'c02addb620faade1e959442e97814e50607f476bd9c5c31745e27eea7276f6d8', 'a67857', 1, 0);
INSERT INTO Transaction VALUES('2266146V1354135911', 'a67857', X'c02addb620faade1e959442e97814e50607f476bd9c5c31745e27eea7276f6d8', 2.05, '2020-05-19 17:11:58');
INSERT INTO Ticket VALUES(X'7612679dbf4a3725e33e6c331105c37e6e07587a2fafd1576ddd15fd1880ad2e', 'a50692', 1, 0);
INSERT INTO Transaction VALUES('609398611A7114D603', 'a50692', X'7612679dbf4a3725e33e6c331105c37e6e07587a2fafd1576ddd15fd1880ad2e', 2.05, '2020-05-26 20:07:44');
INSERT INTO Ticket VALUES(X'eabd8ff991ba7a49fa41f4d35303fe688e0771c65df04c8d8e239f96253c2798', 'a46471', 1, 0);
INSERT INTO Transaction VALUES('6B4438583W93191444', 'a46471', X'eabd8ff991ba7a49fa41f4d35303fe688e0771c65df04c8d8e239f96253c2798', 2.05, '2020-06-04 09:11:21');
INSERT INTO Ticket VALUES(X'68caba572a2eb5dd1e9005c90c4b71015f5d9cfacd57114d6334863545d2edd3', 'a37326', 1, 0);
INSERT INTO Transaction VALUES('967814909Y21960884', 'a37326', X'68caba572a2eb5dd1e9005c90c4b71015f5d9cfacd57114d6334863545d2edd3', 2.05, '2020-06-02 19:25:13');
INSERT INTO Ticket VALUES(X'ec264ebb1122bb8939b3a7b19798b325d0ebcafeed2e88b233fac8ab1d48536e', 'a58814', 2, 0);
INSERT INTO Transaction VALUES('4860Y6276EM3PF7336', 'a58814', X'ec264ebb1122bb8939b3a7b19798b325d0ebcafeed2e88b233fac8ab1d48536e', 2.7, '2020-06-06 05:33:01');
INSERT INTO Ticket VALUES(X'c710bd72c95e4fdb9ca768c8c8b553e2317597ef911f30e6ac72000ad2ce4a9f', 'a79346', 1, 0);
INSERT INTO Transaction VALUES('601280C3E889172783', 'a79346', X'c710bd72c95e4fdb9ca768c8c8b553e2317597ef911f30e6ac72000ad2ce4a9f', 2.05, '2020-04-22 03:40:22');
INSERT INTO Ticket VALUES(X'c1e9a7fb925ec8ca891450dc5b37c5c29d952757e849a2ee1a2b2ad1848f95eb', 'a07408', 2, 0);
INSERT INTO Transaction VALUES('2243370816601F0884', 'a07408', X'c1e9a7fb925ec8ca891450dc5b37c5c29d952757e849a2ee1a2b2ad1848f95eb', 2.7, '2020-05-12 23:09:36');
INSERT INTO Ticket VALUES(X'9d5e3b9d29c4dcf22edb480c4d9e8e9154ab95fa15a719b2f595534783af6a6b', 'a46736', 1, 0);
INSERT INTO Transaction VALUES('51833161325321F662', 'a46736', X'9d5e3b9d29c4dcf22edb480c4d9e8e9154ab95fa15a719b2f595534783af6a6b', 2.05, '2020-03-31 14:43:58');
INSERT INTO Ticket VALUES(X'1da5814b4ba4c66f88edd5ea0be546890f6e1a146f6c25ad7e6a151c79467c03', 'a57258', 1, 0);
INSERT INTO Transaction VALUES('R957298U1002784769', 'a57258', X'1da5814b4ba4c66f88edd5ea0be546890f6e1a146f6c25ad7e6a151c79467c03', 2.05, '2020-06-22 00:23:04');
INSERT INTO Ticket VALUES(X'dd089653dece418357ce266093b869e94acf61c1b976fcd11a86eb327f744110', 'a67857', 1, 0);
INSERT INTO Transaction VALUES('599183358775631385', 'a67857', X'dd089653dece418357ce266093b869e94acf61c1b976fcd11a86eb327f744110', 2.05, '2020-04-28 00:29:00');
INSERT INTO Ticket VALUES(X'6a5a92e6410eec1bad768afd7bc25bb543de5ba2eb487fb5e6afae326f60cbb6', 'a46736', 2, 0);
INSERT INTO Transaction VALUES('2G638253310F944942', 'a46736', X'6a5a92e6410eec1bad768afd7bc25bb543de5ba2eb487fb5e6afae326f60cbb6', 2.7, '2020-04-28 08:24:54');
INSERT INTO Ticket VALUES(X'58a332e52f6d10672ed8a2f2e2a168f23fb1187636b6d6fbd276b55bee74a8bb', 'a37326', 1, 0);
INSERT INTO Transaction VALUES('7913V1830214020707', 'a37326', X'58a332e52f6d10672ed8a2f2e2a168f23fb1187636b6d6fbd276b55bee74a8bb', 2.05, '2020-04-07 15:46:16');
INSERT INTO Ticket VALUES(X'11123e424950e84e4efa5acc7a4bfeaa50edc68f8d504712729f50b8360d79b1', 'a08585', 2, 0);
INSERT INTO Transaction VALUES('4166423963742I1575', 'a08585', X'11123e424950e84e4efa5acc7a4bfeaa50edc68f8d504712729f50b8360d79b1', 2.7, '2020-06-18 04:31:33');
INSERT INTO Ticket VALUES(X'd180383ce3692edd1d4c6db1e04d149bf74854e82b3f40cd7d41087b925d9eb8', 'a15225', 2, 0);
INSERT INTO Transaction VALUES('833T71064603557300', 'a15225', X'd180383ce3692edd1d4c6db1e04d149bf74854e82b3f40cd7d41087b925d9eb8', 2.7, '2020-04-11 14:33:17');
INSERT INTO Ticket VALUES(X'9f3a916ef90a100d4217064beea75677407a681800aa21848deec5c38f4b6c80', 'a72926', 2, 0);
INSERT INTO Transaction VALUES('148059146562680820', 'a72926', X'9f3a916ef90a100d4217064beea75677407a681800aa21848deec5c38f4b6c80', 2.7, '2020-03-31 21:01:11');
INSERT INTO Ticket VALUES(X'0112bf1318d07a7df33fdc31d6e4b05bc4127326174203b29761dffa7939f487', 'a17359', 2, 0);
INSERT INTO Transaction VALUES('10798026EC512O46I9', 'a17359', X'0112bf1318d07a7df33fdc31d6e4b05bc4127326174203b29761dffa7939f487', 2.7, '2020-05-23 04:52:42');
INSERT INTO Ticket VALUES(X'5b62c41df29c682c3a3a3e147583677f64534545f776f93d830c4bf5ce9145fb', 'a99616', 2, 0);
INSERT INTO Transaction VALUES('7800F6235A06622067', 'a99616', X'5b62c41df29c682c3a3a3e147583677f64534545f776f93d830c4bf5ce9145fb', 2.7, '2020-06-09 11:50:51');
INSERT INTO Ticket VALUES(X'acfb977b4660f05b57713821bed7819dd1c9b962213f54a47e0bb5ccc8d9acdb', 'a98435', 2, 0);
INSERT INTO Transaction VALUES('0308529328L7775454', 'a98435', X'acfb977b4660f05b57713821bed7819dd1c9b962213f54a47e0bb5ccc8d9acdb', 2.7, '2020-05-14 05:42:16');
INSERT INTO Ticket VALUES(X'c8e266f723456ad22200037c1c929b483979dbfd5db8be013d176a41ae01c63a', 'a79863', 1, 0);
INSERT INTO Transaction VALUES('92983225917468984D', 'a79863', X'c8e266f723456ad22200037c1c929b483979dbfd5db8be013d176a41ae01c63a', 2.05, '2020-04-10 18:22:45');
INSERT INTO Ticket VALUES(X'15b2341f4224813a25947aead942830648c4eeda702ba3f60c19410d0412e3a4', 'a12462', 2, 0);
INSERT INTO Transaction VALUES('O5E94449A8075834V5', 'a12462', X'15b2341f4224813a25947aead942830648c4eeda702ba3f60c19410d0412e3a4', 2.7, '2020-05-21 08:49:18');
INSERT INTO Ticket VALUES(X'cc43f7669b7366ec9dcd3dd92994a7b1375b3f637103eeb4703cd34ad4eb758c', 'a99616', 1, 0);
INSERT INTO Transaction VALUES('A7600F7750F79109P0', 'a99616', X'cc43f7669b7366ec9dcd3dd92994a7b1375b3f637103eeb4703cd34ad4eb758c', 2.05, '2020-05-15 16:41:08');
INSERT INTO Ticket VALUES(X'1fd60a991e6ea9b1605fb254423d3109ddbdee97eb64f32da41ed06ef4d91a72', 'a51166', 2, 0);
INSERT INTO Transaction VALUES('222001577C81Q81250', 'a51166', X'1fd60a991e6ea9b1605fb254423d3109ddbdee97eb64f32da41ed06ef4d91a72', 2.7, '2020-06-06 08:56:53');
INSERT INTO Ticket VALUES(X'a8666e30613512ee834a2177beba62078130547ab135df77aaeeaba8d6997e4e', 'a23468', 1, 0);
INSERT INTO Transaction VALUES('R9V8159GE974370825', 'a23468', X'a8666e30613512ee834a2177beba62078130547ab135df77aaeeaba8d6997e4e', 2.05, '2020-04-04 21:28:49');
INSERT INTO Ticket VALUES(X'4200629630e41236babdaec98cdc3cd637266eae239e61efe6ee1a53c262e155', 'a12462', 1, 0);
INSERT INTO Transaction VALUES('68869683032QQ0021Y', 'a12462', X'4200629630e41236babdaec98cdc3cd637266eae239e61efe6ee1a53c262e155', 2.05, '2020-06-05 16:32:38');
INSERT INTO Ticket VALUES(X'1748613539eb63233a22aba2b4850aac1ce24c59d4ba9d45d4c95682dd8f66db', 'a52516', 1, 0);
INSERT INTO Transaction VALUES('8859822I5735375788', 'a52516', X'1748613539eb63233a22aba2b4850aac1ce24c59d4ba9d45d4c95682dd8f66db', 2.05, '2020-06-19 02:49:36');
INSERT INTO Ticket VALUES(X'52d1d802b82305cbdf5d515162b25a059dfac7fb9b77b17e66c22c81634eef6c', 'a81633', 2, 0);
INSERT INTO Transaction VALUES('80G295787331K24480', 'a81633', X'52d1d802b82305cbdf5d515162b25a059dfac7fb9b77b17e66c22c81634eef6c', 2.7, '2020-04-24 00:58:14');
INSERT INTO Ticket VALUES(X'266cf13a8f832c6f4523a2e8fed6b13a6475a2a11b72ebe5ffb394074424967e', 'a79790', 2, 0);
INSERT INTO Transaction VALUES('29260722804J9128E9', 'a79790', X'266cf13a8f832c6f4523a2e8fed6b13a6475a2a11b72ebe5ffb394074424967e', 2.7, '2020-06-01 14:53:22');
INSERT INTO Ticket VALUES(X'5470e08e7ff7e9d749418cfff54a0874d087e049e31876cba107d5ed67e6b244', 'a93451', 1, 0);
INSERT INTO Transaction VALUES('41744829Z401Q90064', 'a93451', X'5470e08e7ff7e9d749418cfff54a0874d087e049e31876cba107d5ed67e6b244', 2.05, '2020-05-22 01:46:11');
INSERT INTO Ticket VALUES(X'b17ffbc90b07810c1da01e7101aa02cd5ee2f399818cdb91f2b72eb1bf2579f8', 'a62141', 1, 0);
INSERT INTO Transaction VALUES('059459619725S52825', 'a62141', X'b17ffbc90b07810c1da01e7101aa02cd5ee2f399818cdb91f2b72eb1bf2579f8', 2.05, '2020-05-17 23:47:09');
INSERT INTO Ticket VALUES(X'd0563609eed79be436a5b08dfca7ed67f3e9e7016abf67f638ca15b737ad17d4', 'a79790', 1, 0);
INSERT INTO Transaction VALUES('621Y23799111077504', 'a79790', X'd0563609eed79be436a5b08dfca7ed67f3e9e7016abf67f638ca15b737ad17d4', 2.05, '2020-06-29 19:33:39');
INSERT INTO Ticket VALUES(X'b23cfd2a6f1e658b62cd7fcf9bb23839ce011be231b9831d07e3118185d0a4c1', 'a62141', 1, 0);
INSERT INTO Transaction VALUES('679725536680419587', 'a62141', X'b23cfd2a6f1e658b62cd7fcf9bb23839ce011be231b9831d07e3118185d0a4c1', 2.05, '2020-04-08 18:13:24');
INSERT INTO Ticket VALUES(X'724adade22566e4f350003b522a8f2515e0a8a4926e4a03b7b8cc1d3666aa9aa', 'a81593', 2, 0);
INSERT INTO Transaction VALUES('93F4592648677780R7', 'a81593', X'724adade22566e4f350003b522a8f2515e0a8a4926e4a03b7b8cc1d3666aa9aa', 2.7, '2020-05-30 23:36:21');
INSERT INTO Ticket VALUES(X'cb2fd80c3e3d9c705097186704ae072b4bb528abba99ab8431b191c5d545af95', 'a61887', 2, 0);
INSERT INTO Transaction VALUES('648694362517488157', 'a61887', X'cb2fd80c3e3d9c705097186704ae072b4bb528abba99ab8431b191c5d545af95', 2.7, '2020-06-30 18:06:51');
INSERT INTO Ticket VALUES(X'f27ad65369535eecb88d7979d19ae48b6c0b996d9d89011268b5711a99a341a0', 'a12867', 1, 0);
INSERT INTO Transaction VALUES('3306Y1265286435401', 'a12867', X'f27ad65369535eecb88d7979d19ae48b6c0b996d9d89011268b5711a99a341a0', 2.05, '2020-06-02 21:03:48');
INSERT INTO Ticket VALUES(X'd7c3642a074879d7894b3e42b1874cea16bd45a64e0ca81f0ff44c2377d2346a', 'a63317', 1, 0);
INSERT INTO Transaction VALUES('31L6R9F741KV651534', 'a63317', X'd7c3642a074879d7894b3e42b1874cea16bd45a64e0ca81f0ff44c2377d2346a', 2.05, '2020-04-26 22:51:08');
INSERT INTO Ticket VALUES(X'f4bc3f342eb64601ba40a7e4a90a329a4d2a1f6316c23617379a0f7278fe4f89', 'a75124', 2, 0);
INSERT INTO Transaction VALUES('725333151501866346', 'a75124', X'f4bc3f342eb64601ba40a7e4a90a329a4d2a1f6316c23617379a0f7278fe4f89', 2.7, '2020-04-29 21:03:23');
INSERT INTO Ticket VALUES(X'47bc393f78559e11dc38186f8e35ff2f6c6ee37a17cdb45efb0225c8e681a604', 'a00286', 1, 0);
INSERT INTO Transaction VALUES('284210047824169813', 'a00286', X'47bc393f78559e11dc38186f8e35ff2f6c6ee37a17cdb45efb0225c8e681a604', 2.05, '2020-04-30 09:11:07');
INSERT INTO Ticket VALUES(X'32cf338305d603e96c29dec824845dc2479dc931ca7e5c6e4e060b67c528a155', 'a81593', 2, 0);
INSERT INTO Transaction VALUES('0124A1170676704048', 'a81593', X'32cf338305d603e96c29dec824845dc2479dc931ca7e5c6e4e060b67c528a155', 2.7, '2020-06-26 05:00:29');
INSERT INTO Ticket VALUES(X'37bcdf6f3125f232d20a09673aa02e3ddb8ef401d24d8b1f3886b7e293499be9', 'a96704', 2, 0);
INSERT INTO Transaction VALUES('247A11C26599125381', 'a96704', X'37bcdf6f3125f232d20a09673aa02e3ddb8ef401d24d8b1f3886b7e293499be9', 2.7, '2020-06-17 10:01:29');
INSERT INTO Ticket VALUES(X'5d9340dda24968b41f241a47596f0477ea69be8638691c88fe6006e2c1276ea7', 'a72926', 2, 0);
INSERT INTO Transaction VALUES('7B96137Z78Q3N54042', 'a72926', X'5d9340dda24968b41f241a47596f0477ea69be8638691c88fe6006e2c1276ea7', 2.7, '2020-06-27 14:09:10');
INSERT INTO Ticket VALUES(X'b928bac61bdeb586998e7c4f923db3c1308ce02d3a277a7ff9ee016605578602', 'a50692', 1, 0);
INSERT INTO Transaction VALUES('1H709Y931208911I09', 'a50692', X'b928bac61bdeb586998e7c4f923db3c1308ce02d3a277a7ff9ee016605578602', 2.05, '2020-05-06 04:41:18');
INSERT INTO Ticket VALUES(X'6ae5eee257c960c92a52dd1df17b1400ddb11524ddfc7d0c0a4dfa99942d55b9', 'a26273', 2, 0);
INSERT INTO Transaction VALUES('4078N1A74751826767', 'a26273', X'6ae5eee257c960c92a52dd1df17b1400ddb11524ddfc7d0c0a4dfa99942d55b9', 2.7, '2020-04-08 11:45:31');
INSERT INTO Ticket VALUES(X'19709cb90ff1b248c361c97a477bfb1cfe0a7c4920062f7533ebee39d2b0f782', 'a98435', 1, 0);
INSERT INTO Transaction VALUES('9533042038Q6622853', 'a98435', X'19709cb90ff1b248c361c97a477bfb1cfe0a7c4920062f7533ebee39d2b0f782', 2.05, '2020-06-07 23:53:55');
INSERT INTO Ticket VALUES(X'e362006dfac1e7e59fa89b6799a0773ae1ec5a2fe0fa88b8c3a80561e3ce340f', 'a21855', 2, 0);
INSERT INTO Transaction VALUES('186762387590M70600', 'a21855', X'e362006dfac1e7e59fa89b6799a0773ae1ec5a2fe0fa88b8c3a80561e3ce340f', 2.7, '2020-05-08 01:26:36');
INSERT INTO Ticket VALUES(X'1ff2b2a1aa18b5d31dd77be203b4eddf2ab672360a37a609fea301fd98c4e7fb', 'a69149', 2, 0);
INSERT INTO Transaction VALUES('0409B2252550126427', 'a69149', X'1ff2b2a1aa18b5d31dd77be203b4eddf2ab672360a37a609fea301fd98c4e7fb', 2.7, '2020-06-18 22:50:56');
INSERT INTO Ticket VALUES(X'0aa767c6a6351e61717f7861a6f1a6a42ec299d457c3e1041cdeb643742ef024', 'a37326', 2, 0);
INSERT INTO Transaction VALUES('024743101960835231', 'a37326', X'0aa767c6a6351e61717f7861a6f1a6a42ec299d457c3e1041cdeb643742ef024', 2.7, '2020-04-27 12:20:59');
INSERT INTO Ticket VALUES(X'471e7c42e2686a6c48b8b8c0b4282ad5acf46e9c5bd23e7bad50396c69f4e240', 'a90730', 2, 0);
INSERT INTO Transaction VALUES('354P48852947932861', 'a90730', X'471e7c42e2686a6c48b8b8c0b4282ad5acf46e9c5bd23e7bad50396c69f4e240', 2.7, '2020-04-17 14:03:36');
INSERT INTO Ticket VALUES(X'2775758fc0a8231d17bfa127bac020c55129c3b6809debc6ce44a8e473e8ba9e', 'a17359', 2, 0);
INSERT INTO Transaction VALUES('L5Q049L861536RM668', 'a17359', X'2775758fc0a8231d17bfa127bac020c55129c3b6809debc6ce44a8e473e8ba9e', 2.7, '2020-06-21 19:35:08');
INSERT INTO Ticket VALUES(X'0578874f13640f73e6e36ff3702e850a114007a2f2717f3f9d15e6bb501d0256', 'a86025', 1, 0);
INSERT INTO Transaction VALUES('210082527325271653', 'a86025', X'0578874f13640f73e6e36ff3702e850a114007a2f2717f3f9d15e6bb501d0256', 2.05, '2020-06-26 06:38:24');
INSERT INTO Ticket VALUES(X'32a28af06cf03f8a38a0ef98f0ce5febeb40c916ef3d3e86104c465f8e3f971f', 'a98435', 1, 0);
INSERT INTO Transaction VALUES('35770270C72014971W', 'a98435', X'32a28af06cf03f8a38a0ef98f0ce5febeb40c916ef3d3e86104c465f8e3f971f', 2.05, '2020-06-01 19:55:21');
INSERT INTO Ticket VALUES(X'3e80e67590eab0214ef5992cba5a9e073e57242c898dadf988f95648e371fcd7', 'a18099', 2, 0);
INSERT INTO Transaction VALUES('310N24437233828199', 'a18099', X'3e80e67590eab0214ef5992cba5a9e073e57242c898dadf988f95648e371fcd7', 2.7, '2020-05-31 17:13:49');
INSERT INTO Ticket VALUES(X'fca8d68791cceab535bab3138ff59c52f6311c72974ac904b912f0c8fd4ff9f1', 'a38536', 2, 0);
INSERT INTO Transaction VALUES('1864190031367Y6943', 'a38536', X'fca8d68791cceab535bab3138ff59c52f6311c72974ac904b912f0c8fd4ff9f1', 2.7, '2020-05-03 23:21:04');
INSERT INTO Ticket VALUES(X'a6a99e974bc550b22284b76ceea732c1522242cb83a2e45d24e819b53f8a41ff', 'a12248', 2, 0);
INSERT INTO Transaction VALUES('4F942731H956801270', 'a12248', X'a6a99e974bc550b22284b76ceea732c1522242cb83a2e45d24e819b53f8a41ff', 2.7, '2020-05-14 03:54:00');
INSERT INTO Ticket VALUES(X'2f1dded1f09ba4e0acc8e70bcb210800e6384cd1c3086ddfbffee14e31763213', 'a67736', 1, 0);
INSERT INTO Transaction VALUES('01186840L26T425219', 'a67736', X'2f1dded1f09ba4e0acc8e70bcb210800e6384cd1c3086ddfbffee14e31763213', 2.05, '2020-04-09 16:53:42');
INSERT INTO Ticket VALUES(X'dae42d396b875720eb04199cbc8e9c9dce3b2be526874562c4d327d53b3733d6', 'a63317', 2, 0);
INSERT INTO Transaction VALUES('L4W32U04K168050975', 'a63317', X'dae42d396b875720eb04199cbc8e9c9dce3b2be526874562c4d327d53b3733d6', 2.7, '2020-04-07 22:14:56');
INSERT INTO Ticket VALUES(X'54c5787f4a49750e2169c1e10d493225bdaf9c575b64c2b10d16be8a76ea714d', 'a48917', 1, 0);
INSERT INTO Transaction VALUES('266743762163358386', 'a48917', X'54c5787f4a49750e2169c1e10d493225bdaf9c575b64c2b10d16be8a76ea714d', 2.05, '2020-06-05 00:43:21');
INSERT INTO Ticket VALUES(X'dfb3c4088570b94879dfec55e6f8f68496798b8a6fcaee3b7e02f6dec0ea2ace', 'a69149', 1, 0);
INSERT INTO Transaction VALUES('260349551656975650', 'a69149', X'dfb3c4088570b94879dfec55e6f8f68496798b8a6fcaee3b7e02f6dec0ea2ace', 2.05, '2020-06-23 15:23:21');
INSERT INTO Ticket VALUES(X'32f00d087b8b4ceedb4419528ea4a877027cdddf0f32b06e2060e53969976b52', 'a46982', 2, 0);
INSERT INTO Transaction VALUES('90325M331341162929', 'a46982', X'32f00d087b8b4ceedb4419528ea4a877027cdddf0f32b06e2060e53969976b52', 2.7, '2020-05-19 22:19:56');
INSERT INTO Ticket VALUES(X'7b837ef894ed5695de119d74485f42c92977e6ed8598d394038d8cf0d38cc9c2', 'a90978', 1, 0);
INSERT INTO Transaction VALUES('775558820908874702', 'a90978', X'7b837ef894ed5695de119d74485f42c92977e6ed8598d394038d8cf0d38cc9c2', 2.05, '2020-05-21 22:31:56');
INSERT INTO Ticket VALUES(X'9d339cdcaa249de578f9f929f92d026ceb489c3c90c82c9a7a0ad266e6453c66', 'a83006', 1, 0);
INSERT INTO Transaction VALUES('833342V73101445E4P', 'a83006', X'9d339cdcaa249de578f9f929f92d026ceb489c3c90c82c9a7a0ad266e6453c66', 2.05, '2020-05-12 13:51:38');
INSERT INTO Ticket VALUES(X'b0a9d13d357abd4eb0fc1c08d2502f3da23a9e2bf37302ee3ba452939de2b04d', 'a43248', 1, 0);
INSERT INTO Transaction VALUES('073000110967G37832', 'a43248', X'b0a9d13d357abd4eb0fc1c08d2502f3da23a9e2bf37302ee3ba452939de2b04d', 2.05, '2020-04-16 05:29:18');
INSERT INTO Ticket VALUES(X'27e27b74ff17aad5a5fb06538ed6ecbc265e8f365c3050580fc9313db4fcae19', 'a27668', 2, 0);
INSERT INTO Transaction VALUES('19244H4W8577401F17', 'a27668', X'27e27b74ff17aad5a5fb06538ed6ecbc265e8f365c3050580fc9313db4fcae19', 2.7, '2020-05-11 05:59:39');
INSERT INTO Ticket VALUES(X'06372ad7db325e27eecf1a0bde7b202a6fdeb6fbbf426eb111d20b2baa45957a', 'a81593', 2, 0);
INSERT INTO Transaction VALUES('65546H156099984361', 'a81593', X'06372ad7db325e27eecf1a0bde7b202a6fdeb6fbbf426eb111d20b2baa45957a', 2.7, '2020-07-01 23:02:22');
INSERT INTO Ticket VALUES(X'55e7ac062aeef9eede9dd68d9a9113b81e63d130293a72126c051e8a99947ce0', 'a96704', 2, 0);
INSERT INTO Transaction VALUES('047G56445369883530', 'a96704', X'55e7ac062aeef9eede9dd68d9a9113b81e63d130293a72126c051e8a99947ce0', 2.7, '2020-04-17 07:39:42');
INSERT INTO Ticket VALUES(X'798f4680627c62fed621b227ca5b2cd6a581ccd510628c0f3ac8f48cd88a4ada', 'a86517', 2, 0);
INSERT INTO Transaction VALUES('96682223351W896277', 'a86517', X'798f4680627c62fed621b227ca5b2cd6a581ccd510628c0f3ac8f48cd88a4ada', 2.7, '2020-05-14 02:48:08');
INSERT INTO Ticket VALUES(X'992dc6e61448114d35c7eab76cfd0b66a976a55d103c6f460cc8690199266b2a', 'a66484', 1, 0);
INSERT INTO Transaction VALUES('27E0590965862I8B82', 'a66484', X'992dc6e61448114d35c7eab76cfd0b66a976a55d103c6f460cc8690199266b2a', 2.05, '2020-04-20 18:51:28');
INSERT INTO Ticket VALUES(X'db8a9bd3afa36f4d074e3124aa6ffe97c2c1dbfdbfb557c26b2a52b9c8169001', 'a39615', 1, 0);
INSERT INTO Transaction VALUES('2054178302307648R7', 'a39615', X'db8a9bd3afa36f4d074e3124aa6ffe97c2c1dbfdbfb557c26b2a52b9c8169001', 2.05, '2020-06-17 14:39:57');
INSERT INTO Ticket VALUES(X'474510bbdd5d0b9fa32209a6b95b06aafe0a2dcb22cee9e311e76aac29c0062c', 'a36731', 1, 0);
INSERT INTO Transaction VALUES('403331K73VT7862307', 'a36731', X'474510bbdd5d0b9fa32209a6b95b06aafe0a2dcb22cee9e311e76aac29c0062c', 2.05, '2020-05-14 03:11:01');
INSERT INTO Ticket VALUES(X'69a433369bca09c283c6d0a3a3600310e620ea05c1b511a727aee8b156278c81', 'a00286', 1, 0);
INSERT INTO Transaction VALUES('68E26927427B13PW26', 'a00286', X'69a433369bca09c283c6d0a3a3600310e620ea05c1b511a727aee8b156278c81', 2.05, '2020-05-05 12:05:35');
INSERT INTO Ticket VALUES(X'ed697f2a204971d4bf318c2729a05ca14cb7518d8f7e8ef2beb1df9faed5e571', 'a12248', 1, 0);
INSERT INTO Transaction VALUES('736532087359G23210', 'a12248', X'ed697f2a204971d4bf318c2729a05ca14cb7518d8f7e8ef2beb1df9faed5e571', 2.05, '2020-06-17 07:24:40');
INSERT INTO Ticket VALUES(X'192d0a7536bf15cb4ad8d8a33af157452aff1da35a879af8c62bc193bdb7c602', 'a93451', 2, 0);
INSERT INTO Transaction VALUES('50859201349235IP16', 'a93451', X'192d0a7536bf15cb4ad8d8a33af157452aff1da35a879af8c62bc193bdb7c602', 2.7, '2020-05-22 05:11:58');
INSERT INTO Ticket VALUES(X'919f58a0ddd6618add82e0885859ea1d8a256dd667c2b540e3c2388da951d512', 'a38536', 2, 0);
INSERT INTO Transaction VALUES('B85X73T74102389421', 'a38536', X'919f58a0ddd6618add82e0885859ea1d8a256dd667c2b540e3c2388da951d512', 2.7, '2020-04-01 18:51:40');
INSERT INTO Ticket VALUES(X'31adc56ff0dd348e5a9368f33e147fb6f3fab45966b18ec134f12d5b2bba7021', 'a26273', 2, 0);
INSERT INTO Transaction VALUES('359878300730878562', 'a26273', X'31adc56ff0dd348e5a9368f33e147fb6f3fab45966b18ec134f12d5b2bba7021', 2.7, '2020-06-04 16:52:16');
INSERT INTO Ticket VALUES(X'4d9d4a8b8637a9be467a2c1282e1fe8c745dbcdb5860791fc18347da6bba37d4', 'a52516', 1, 0);
INSERT INTO Transaction VALUES('021151127879O05851', 'a52516', X'4d9d4a8b8637a9be467a2c1282e1fe8c745dbcdb5860791fc18347da6bba37d4', 2.05, '2020-05-09 08:42:53');
INSERT INTO Ticket VALUES(X'465ce9f372bed4fb05fb24e9d5a43da66e22b4833f9fb77ac3d548cc88080eb9', 'a61537', 1, 0);
INSERT INTO Transaction VALUES('03991Q973356512W49', 'a61537', X'465ce9f372bed4fb05fb24e9d5a43da66e22b4833f9fb77ac3d548cc88080eb9', 2.05, '2020-06-06 05:05:01');
INSERT INTO Ticket VALUES(X'6481efbb3d05b4c265bf7f32d25f27b7b78da2a2b7804c286d76fae06ad408e6', 'a44839', 1, 0);
INSERT INTO Transaction VALUES('915T72690157712161', 'a44839', X'6481efbb3d05b4c265bf7f32d25f27b7b78da2a2b7804c286d76fae06ad408e6', 2.05, '2020-05-12 15:40:56');
INSERT INTO Ticket VALUES(X'0a91228185dcb7afb063c267c2c7c8c15cafba17cfa45017afba525b804cfa49', 'a73073', 2, 0);
INSERT INTO Transaction VALUES('62W9125802878V4224', 'a73073', X'0a91228185dcb7afb063c267c2c7c8c15cafba17cfa45017afba525b804cfa49', 2.7, '2020-06-02 07:37:41');
INSERT INTO Ticket VALUES(X'd30e7c2dbcda6a5ed5b5b9460474888a88666b348c3e1a580c3364c4227d02cb', 'a54354', 1, 0);
INSERT INTO Transaction VALUES('449335517433432233', 'a54354', X'd30e7c2dbcda6a5ed5b5b9460474888a88666b348c3e1a580c3364c4227d02cb', 2.05, '2020-04-01 03:04:33');
INSERT INTO Ticket VALUES(X'acddd19629d5c1e9701640e876cd8311ba6e8bb20c57bb67d00e82d4de55be5f', 'a50784', 1, 0);
INSERT INTO Transaction VALUES('750301940676121069', 'a50784', X'acddd19629d5c1e9701640e876cd8311ba6e8bb20c57bb67d00e82d4de55be5f', 2.05, '2020-05-21 05:39:52');
INSERT INTO Ticket VALUES(X'620c6fe0761b10dfa8e0a49e30c4d88f095e87e53946acf7d6cd9d9f0932326c', 'a29258', 2, 0);
INSERT INTO Transaction VALUES('323091X91340043933', 'a29258', X'620c6fe0761b10dfa8e0a49e30c4d88f095e87e53946acf7d6cd9d9f0932326c', 2.7, '2020-04-11 01:46:26');
INSERT INTO Ticket VALUES(X'8404e19a170f4d07b127aa1ed9978cd785f8e7d652dac8ec572905c2a2b5c965', 'a51166', 2, 0);
INSERT INTO Transaction VALUES('342873148156196453', 'a51166', X'8404e19a170f4d07b127aa1ed9978cd785f8e7d652dac8ec572905c2a2b5c965', 2.7, '2020-05-31 20:28:23');
INSERT INTO Ticket VALUES(X'ebedbff7a68fffd3214317a9170579cf233170d3c8575fe82b53c36cdcd8076a', 'a22705', 2, 0);
INSERT INTO Transaction VALUES('V7I846965058472641', 'a22705', X'ebedbff7a68fffd3214317a9170579cf233170d3c8575fe82b53c36cdcd8076a', 2.7, '2020-04-20 22:14:09');
INSERT INTO Ticket VALUES(X'4c4bd57f94c72ed139739ea5442cf016c74651d63164d3f44dc8c93f88e86435', 'a22705', 1, 0);
INSERT INTO Transaction VALUES('7106Y4646258205132', 'a22705', X'4c4bd57f94c72ed139739ea5442cf016c74651d63164d3f44dc8c93f88e86435', 2.05, '2020-04-26 01:31:35');
INSERT INTO Ticket VALUES(X'5d004ab1a7167f27ebd8ce33deb75d6aac363c64b83fb429304a7af59d727643', 'a26053', 1, 0);
INSERT INTO Transaction VALUES('1877B13182442600S6', 'a26053', X'5d004ab1a7167f27ebd8ce33deb75d6aac363c64b83fb429304a7af59d727643', 2.05, '2020-05-29 06:48:22');
INSERT INTO Ticket VALUES(X'58727f3a332d1a6dc9cdd871b0f20ca8602eba9e6e0ceeb7e81fe83b26118087', 'a46769', 2, 0);
INSERT INTO Transaction VALUES('93514RC4U420571479', 'a46769', X'58727f3a332d1a6dc9cdd871b0f20ca8602eba9e6e0ceeb7e81fe83b26118087', 2.7, '2020-03-31 23:57:02');
INSERT INTO Ticket VALUES(X'49156b52d536711a92e91deae321996c2409505bb0259d4c937b1f278cbda0c3', 'a17359', 2, 0);
INSERT INTO Transaction VALUES('61L291153760900711', 'a17359', X'49156b52d536711a92e91deae321996c2409505bb0259d4c937b1f278cbda0c3', 2.7, '2020-06-24 10:29:36');
INSERT INTO Ticket VALUES(X'59c306eca9100b93acb316ea0432bd20164f8fca11660ed4292354138c4b173b', 'a51166', 1, 0);
INSERT INTO Transaction VALUES('10230903Z23419V429', 'a51166', X'59c306eca9100b93acb316ea0432bd20164f8fca11660ed4292354138c4b173b', 2.05, '2020-06-09 00:33:45');
INSERT INTO Ticket VALUES(X'cf93938d239f873e37a1e68cbe38fc3ba4e236e5bade0267a13923f3ed93bb1a', 'a27360', 1, 0);
INSERT INTO Transaction VALUES('892792348062956923', 'a27360', X'cf93938d239f873e37a1e68cbe38fc3ba4e236e5bade0267a13923f3ed93bb1a', 2.05, '2020-04-01 10:29:51');
INSERT INTO Ticket VALUES(X'f08adfe2873a377d2577cfb2c57c58c52bbac02f2aff84b89d7901de7adafbce', 'a80247', 2, 0);
INSERT INTO Transaction VALUES('863744008565900019', 'a80247', X'f08adfe2873a377d2577cfb2c57c58c52bbac02f2aff84b89d7901de7adafbce', 2.7, '2020-06-09 07:42:22');
INSERT INTO Ticket VALUES(X'ef7c02806df41fb55e1ea7ed5e97495f1c622457b30812fc0ccb714775e1d116', 'a04176', 2, 0);
INSERT INTO Transaction VALUES('193498558341940W09', 'a04176', X'ef7c02806df41fb55e1ea7ed5e97495f1c622457b30812fc0ccb714775e1d116', 2.7, '2020-04-10 06:08:18');
INSERT INTO Ticket VALUES(X'1ca72f8c8eea39abba356ac168bf049ef10781438a2a15781c9a229477dc614b', 'a96704', 2, 0);
INSERT INTO Transaction VALUES('124823193V32640638', 'a96704', X'1ca72f8c8eea39abba356ac168bf049ef10781438a2a15781c9a229477dc614b', 2.7, '2020-06-07 01:31:50');
INSERT INTO Ticket VALUES(X'45b7edbf356c19667a13fe99b0911d3439a1821b3d9cce479ef46ce945411d0f', 'a21855', 1, 0);
INSERT INTO Transaction VALUES('442285058953X37161', 'a21855', X'45b7edbf356c19667a13fe99b0911d3439a1821b3d9cce479ef46ce945411d0f', 2.05, '2020-07-02 13:13:08');
INSERT INTO Ticket VALUES(X'4fcbdde773e187675e3f0a61b6341083a07e215ec02cbc009c470568232dbcc1', 'a29258', 2, 0);
INSERT INTO Transaction VALUES('17W425448802D0848V', 'a29258', X'4fcbdde773e187675e3f0a61b6341083a07e215ec02cbc009c470568232dbcc1', 2.7, '2020-06-07 07:41:57');
INSERT INTO Ticket VALUES(X'c5e4e523fd3e92262f5fc1eeadcf3cb8b8b1f96d9fa2e974d2816bd4ed0b1195', 'a08585', 2, 0);
INSERT INTO Transaction VALUES('706O73190812067368', 'a08585', X'c5e4e523fd3e92262f5fc1eeadcf3cb8b8b1f96d9fa2e974d2816bd4ed0b1195', 2.7, '2020-06-24 16:54:03');
INSERT INTO Ticket VALUES(X'38aacb1cb24c408fef5c7e271c63cef5fd48e5f07796973409b0e956bf1bd210', 'a43248', 1, 0);
INSERT INTO Transaction VALUES('520Q707262D3969066', 'a43248', X'38aacb1cb24c408fef5c7e271c63cef5fd48e5f07796973409b0e956bf1bd210', 2.05, '2020-06-13 07:10:10');
INSERT INTO Ticket VALUES(X'f1a6e7e1491cd85bdef4c11de8770bc697b100218e48542975250f887ed73332', 'a87120', 1, 0);
INSERT INTO Transaction VALUES('2530458882307M3695', 'a87120', X'f1a6e7e1491cd85bdef4c11de8770bc697b100218e48542975250f887ed73332', 2.05, '2020-04-24 13:24:42');
INSERT INTO Ticket VALUES(X'e2b3c01ce243c9b9560e15fa0e66bcddcc3ef638b6296bf43ff7af551a164483', 'a16297', 1, 0);
INSERT INTO Transaction VALUES('G96145W091224I8295', 'a16297', X'e2b3c01ce243c9b9560e15fa0e66bcddcc3ef638b6296bf43ff7af551a164483', 2.05, '2020-06-30 03:23:41');
INSERT INTO Ticket VALUES(X'f0156b0c093a796de7f25c277c1ab432f4afa3eac429252dab556dfdda27cdfb', 'a12248', 2, 0);
INSERT INTO Transaction VALUES('20146P934T71I71154', 'a12248', X'f0156b0c093a796de7f25c277c1ab432f4afa3eac429252dab556dfdda27cdfb', 2.7, '2020-05-15 23:47:12');
INSERT INTO Ticket VALUES(X'fdd2bda4d8775bbeafda4d2b4e3d6e8ee21a7789d84658fa46f6565a74ae93de', 'a12462', 1, 0);
INSERT INTO Transaction VALUES('530100091041318890', 'a12462', X'fdd2bda4d8775bbeafda4d2b4e3d6e8ee21a7789d84658fa46f6565a74ae93de', 2.05, '2020-04-16 14:29:20');
INSERT INTO Ticket VALUES(X'15ee52475c3453f107a5ab4761295a8cd3058c2926342c14d22587d3da45448e', 'a55528', 2, 0);
INSERT INTO Transaction VALUES('902088P04006044843', 'a55528', X'15ee52475c3453f107a5ab4761295a8cd3058c2926342c14d22587d3da45448e', 2.7, '2020-06-16 15:06:01');
INSERT INTO Ticket VALUES(X'5d6cf57b6b8a182302b91dceb4d3fc6e40787df5724cb6f34b54208d372d9021', 'a62141', 2, 0);
INSERT INTO Transaction VALUES('07918304Y947F4331D', 'a62141', X'5d6cf57b6b8a182302b91dceb4d3fc6e40787df5724cb6f34b54208d372d9021', 2.7, '2020-05-11 01:04:11');
INSERT INTO Ticket VALUES(X'9f1eb23bed5724a8c049a0962b804069e8f7e4b0e0eb5e8d26e74d4cef208933', 'a50559', 2, 0);
INSERT INTO Transaction VALUES('93384V0839172921I2', 'a50559', X'9f1eb23bed5724a8c049a0962b804069e8f7e4b0e0eb5e8d26e74d4cef208933', 2.7, '2020-07-01 01:57:06');
INSERT INTO Ticket VALUES(X'541d8c323e239b88f5727dda1eaa10e9242d8e3455cccc8e958dcc62bc15b5fd', 'a50559', 2, 0);
INSERT INTO Transaction VALUES('82XM2578233350522S', 'a50559', X'541d8c323e239b88f5727dda1eaa10e9242d8e3455cccc8e958dcc62bc15b5fd', 2.7, '2020-04-08 21:54:37');
INSERT INTO Ticket VALUES(X'0735ed1c97aa891d8bb6aa930750a597afc9edf8d8f3666aaef2dd0b04164d18', 'a72926', 2, 0);
INSERT INTO Transaction VALUES('430700502984503438', 'a72926', X'0735ed1c97aa891d8bb6aa930750a597afc9edf8d8f3666aaef2dd0b04164d18', 2.7, '2020-04-14 22:27:58');
INSERT INTO Ticket VALUES(X'f0558d2e43df84b952a6a4380816624dc2847ea11e2e255bc7bae2d1abaa9716', 'a33876', 1, 0);
INSERT INTO Transaction VALUES('4067571315237649P4', 'a33876', X'f0558d2e43df84b952a6a4380816624dc2847ea11e2e255bc7bae2d1abaa9716', 2.05, '2020-03-27 21:19:20');
INSERT INTO Ticket VALUES(X'dead8b773c2c599c9a8405508fe6cee55f4a9213faa65d23e4b1afab6fed90fa', 'a86517', 1, 0);
INSERT INTO Transaction VALUES('40234709426049J890', 'a86517', X'dead8b773c2c599c9a8405508fe6cee55f4a9213faa65d23e4b1afab6fed90fa', 2.05, '2020-04-03 08:13:43');
INSERT INTO Ticket VALUES(X'ebc7cd65366aebd80f525623cda3c967dd406b0e34e72afb75c76559b6e79327', 'a27360', 2, 0);
INSERT INTO Transaction VALUES('08389373A58110316M', 'a27360', X'ebc7cd65366aebd80f525623cda3c967dd406b0e34e72afb75c76559b6e79327', 2.7, '2020-04-30 05:08:21');
INSERT INTO Ticket VALUES(X'28be58d5bfe5882edbd4d7f6086a30c6a28266928c916ebfc651b7c80e4edbc0', 'a46769', 2, 0);
INSERT INTO Transaction VALUES('882039418762737310', 'a46769', X'28be58d5bfe5882edbd4d7f6086a30c6a28266928c916ebfc651b7c80e4edbc0', 2.7, '2020-05-31 07:15:41');
INSERT INTO Ticket VALUES(X'f286e6ee539b27fc3eb86ce96f9980e746f45d08c74c828c61075ef4643e2376', 'a04094', 2, 0);
INSERT INTO Transaction VALUES('50X336379013116730', 'a04094', X'f286e6ee539b27fc3eb86ce96f9980e746f45d08c74c828c61075ef4643e2376', 2.7, '2020-06-03 11:49:26');
INSERT INTO Ticket VALUES(X'627c2bee3e35081e189db00de37d75493a49e54f67aad113ae733a42b19792a5', 'a63317', 1, 0);
INSERT INTO Transaction VALUES('781460X41087995843', 'a63317', X'627c2bee3e35081e189db00de37d75493a49e54f67aad113ae733a42b19792a5', 2.05, '2020-05-31 10:47:53');
INSERT INTO Ticket VALUES(X'556b0e9e2215bc31d5dfb643a3d41917937ffa48c8124864e7ed2d865432c129', 'a12154', 1, 0);
INSERT INTO Transaction VALUES('65564N5311LK215V47', 'a12154', X'556b0e9e2215bc31d5dfb643a3d41917937ffa48c8124864e7ed2d865432c129', 2.05, '2020-06-29 00:15:05');
INSERT INTO Ticket VALUES(X'7adeece1eda3220e438dfbb4b0f358c9f73ab35f2833c7c1e1e2c7f170137d2f', 'a22705', 1, 0);
INSERT INTO Transaction VALUES('45546908087K2C8Y7Q', 'a22705', X'7adeece1eda3220e438dfbb4b0f358c9f73ab35f2833c7c1e1e2c7f170137d2f', 2.05, '2020-05-18 12:41:13');
INSERT INTO Ticket VALUES(X'6772b8e7fad31350eefdc9fea0c157e2799c15c3e716d6107226b4fe206e238b', 'a20481', 2, 0);
INSERT INTO Transaction VALUES('15385A532446366864', 'a20481', X'6772b8e7fad31350eefdc9fea0c157e2799c15c3e716d6107226b4fe206e238b', 2.7, '2020-06-09 17:38:21');
INSERT INTO Ticket VALUES(X'0e0e0e48836c5595f3115a21ad60ec99db4fa54a6580351b2e626fa2dc1d2473', 'a61832', 1, 0);
INSERT INTO Transaction VALUES('1496043068560389D8', 'a61832', X'0e0e0e48836c5595f3115a21ad60ec99db4fa54a6580351b2e626fa2dc1d2473', 2.05, '2020-05-19 15:00:41');
INSERT INTO Ticket VALUES(X'787be199a3fd5c8984587f308c206ff2d99db01bc05afab84154c989139c6dfd', 'a46769', 2, 0);
INSERT INTO Transaction VALUES('575813479F57005438', 'a46769', X'787be199a3fd5c8984587f308c206ff2d99db01bc05afab84154c989139c6dfd', 2.7, '2020-05-11 07:47:15');
INSERT INTO Ticket VALUES(X'db17b35b68b8465a1005d68f6edb8e3449d36f73a6ab6c4bbc34127f974d681b', 'a00759', 1, 0);
INSERT INTO Transaction VALUES('56692023510Q902554', 'a00759', X'db17b35b68b8465a1005d68f6edb8e3449d36f73a6ab6c4bbc34127f974d681b', 2.05, '2020-06-04 05:44:55');
INSERT INTO Ticket VALUES(X'eb39d3b7518f219e52755cc8b19b07595557e3254077a4548e669e9d73aae1e7', 'a66484', 1, 0);
INSERT INTO Transaction VALUES('EW97935944Q60Z0133', 'a66484', X'eb39d3b7518f219e52755cc8b19b07595557e3254077a4548e669e9d73aae1e7', 2.05, '2020-05-29 02:20:44');
INSERT INTO Ticket VALUES(X'90fe49eb245f2f544b6bbc75dca4fbdefe3e4d6d5cc4c4cf8d9cefaaeaaad74f', 'a46769', 2, 0);
INSERT INTO Transaction VALUES('6Q133902G14643H065', 'a46769', X'90fe49eb245f2f544b6bbc75dca4fbdefe3e4d6d5cc4c4cf8d9cefaaeaaad74f', 2.7, '2020-03-26 20:26:17');
INSERT INTO Ticket VALUES(X'3c77c21fbfa0c41c46980aaa400b2469b2a3302ff9ffee45645d306b990d6e9a', 'a51754', 2, 0);
INSERT INTO Transaction VALUES('530611539021434361', 'a51754', X'3c77c21fbfa0c41c46980aaa400b2469b2a3302ff9ffee45645d306b990d6e9a', 2.7, '2020-05-09 00:22:57');
INSERT INTO Ticket VALUES(X'9b0f79c3a4513bb2943bfb143885a3c3714f84d3960a66899cfb9708a5883054', 'a17359', 2, 0);
INSERT INTO Transaction VALUES('4B19498043022995X3', 'a17359', X'9b0f79c3a4513bb2943bfb143885a3c3714f84d3960a66899cfb9708a5883054', 2.7, '2020-04-06 12:10:15');
INSERT INTO Ticket VALUES(X'69aba8e5562b4434e20c1a242bcb2233faef8933059d2cfba9f1b3b52a5ce79f', 'a55528', 2, 0);
INSERT INTO Transaction VALUES('2477995FS073T27855', 'a55528', X'69aba8e5562b4434e20c1a242bcb2233faef8933059d2cfba9f1b3b52a5ce79f', 2.7, '2020-05-26 08:12:18');
INSERT INTO Ticket VALUES(X'5d06176394464c2cd70108a9bb3139ace32c822e7265d89c8ad6dbc499299d23', 'a54354', 2, 0);
INSERT INTO Transaction VALUES('090930245498569935', 'a54354', X'5d06176394464c2cd70108a9bb3139ace32c822e7265d89c8ad6dbc499299d23', 2.7, '2020-05-14 14:05:02');
INSERT INTO Ticket VALUES(X'28c3ed27277695ab236c5db571d86544378da67d90cee8d245a1c10dcd49056f', 'a58814', 2, 0);
INSERT INTO Transaction VALUES('V8S68092407057675W', 'a58814', X'28c3ed27277695ab236c5db571d86544378da67d90cee8d245a1c10dcd49056f', 2.7, '2020-05-01 15:39:26');
INSERT INTO Ticket VALUES(X'3f56257762c4a4373b37c4348ccc87c65a5b9dde3b8fb22a1ec1e0b74a5c11a4', 'a46982', 2, 0);
INSERT INTO Transaction VALUES('07B825993058311570', 'a46982', X'3f56257762c4a4373b37c4348ccc87c65a5b9dde3b8fb22a1ec1e0b74a5c11a4', 2.7, '2020-06-12 12:14:19');
INSERT INTO Ticket VALUES(X'dc40ac8769a0b18ae72313ae30d50e03abe92f837f078ecdbd4c4cebf094b9d2', 'a08585', 2, 0);
INSERT INTO Transaction VALUES('8275447F948741F903', 'a08585', X'dc40ac8769a0b18ae72313ae30d50e03abe92f837f078ecdbd4c4cebf094b9d2', 2.7, '2020-05-22 20:18:37');
INSERT INTO Ticket VALUES(X'ef2547f1a2a45c3da7fb7865aed203d86d09234e60c57cb225917fda6a1e323b', 'a98435', 1, 0);
INSERT INTO Transaction VALUES('8440N6216065741638', 'a98435', X'ef2547f1a2a45c3da7fb7865aed203d86d09234e60c57cb225917fda6a1e323b', 2.05, '2020-05-24 15:10:01');
INSERT INTO Ticket VALUES(X'b7a0d056246c0fc2f5d7f6ac1829a22800eb47a79ef354c973f129e3fa19989a', 'a25353', 2, 0);
INSERT INTO Transaction VALUES('393142824032049772', 'a25353', X'b7a0d056246c0fc2f5d7f6ac1829a22800eb47a79ef354c973f129e3fa19989a', 2.7, '2020-03-26 00:42:32');
INSERT INTO Ticket VALUES(X'2225ea13e41cf6a6927e83f1555e1a9bd185e0f9c55877f107b3b7d6f1cc4994', 'a80247', 2, 0);
INSERT INTO Transaction VALUES('933179471158860950', 'a80247', X'2225ea13e41cf6a6927e83f1555e1a9bd185e0f9c55877f107b3b7d6f1cc4994', 2.7, '2020-04-20 06:50:53');
INSERT INTO Ticket VALUES(X'e49369737bb1585a2c9ac675338760a190676bc68ac97ac6472c9ca00194efc6', 'a92215', 2, 0);
INSERT INTO Transaction VALUES('041A70112430886552', 'a92215', X'e49369737bb1585a2c9ac675338760a190676bc68ac97ac6472c9ca00194efc6', 2.7, '2020-04-08 04:00:53');
INSERT INTO Ticket VALUES(X'413b56c678f7839c3360bd8cf05e6c2e12d814bb8b39490af2fd026aa3ab4173', 'a12154', 1, 0);
INSERT INTO Transaction VALUES('250627602286BJM827', 'a12154', X'413b56c678f7839c3360bd8cf05e6c2e12d814bb8b39490af2fd026aa3ab4173', 2.05, '2020-06-08 06:18:47');
INSERT INTO Ticket VALUES(X'055628429e181794824457fff27b1aabf8c1962cdf03cca23488b352e1efdf8e', 'a96704', 1, 0);
INSERT INTO Transaction VALUES('428A49I39784D34971', 'a96704', X'055628429e181794824457fff27b1aabf8c1962cdf03cca23488b352e1efdf8e', 2.05, '2020-05-06 23:15:41');
INSERT INTO Ticket VALUES(X'a571e1e8bacfa6c556ff61adf7c03502fc7f7f7ee01e1b480dc308f57d8e3d5b', 'a98435', 1, 0);
INSERT INTO Transaction VALUES('2H2Z67613060866148', 'a98435', X'a571e1e8bacfa6c556ff61adf7c03502fc7f7f7ee01e1b480dc308f57d8e3d5b', 2.05, '2020-04-08 00:55:47');
INSERT INTO Ticket VALUES(X'ac9366bcb7749c60d42fba4ae007046d0806bc3b6e7e226fb22772ef8db4fffb', 'a23468', 1, 0);
INSERT INTO Transaction VALUES('829539469428681552', 'a23468', X'ac9366bcb7749c60d42fba4ae007046d0806bc3b6e7e226fb22772ef8db4fffb', 2.05, '2020-04-03 11:54:22');
INSERT INTO Ticket VALUES(X'ffb5cf61a5ed06f2dcd309165868d364d333bf1f568d372e84d606b573aef2ab', 'a51166', 1, 0);
INSERT INTO Transaction VALUES('50U969526567015058', 'a51166', X'ffb5cf61a5ed06f2dcd309165868d364d333bf1f568d372e84d606b573aef2ab', 2.05, '2020-05-25 06:58:12');
INSERT INTO Ticket VALUES(X'9deb624954d612bf4dcf3d9a934b344af04b9c67a0c55c30543ad5fabff178d7', 'a53258', 2, 0);
INSERT INTO Transaction VALUES('70P1460523469302T3', 'a53258', X'9deb624954d612bf4dcf3d9a934b344af04b9c67a0c55c30543ad5fabff178d7', 2.7, '2020-04-21 18:46:23');
INSERT INTO Ticket VALUES(X'94ba13218c4aa43c94f509619fe545ef5b8110261819dc910e46ed3aad91061a', 'a55528', 1, 0);
INSERT INTO Transaction VALUES('69395L629506861778', 'a55528', X'94ba13218c4aa43c94f509619fe545ef5b8110261819dc910e46ed3aad91061a', 2.05, '2020-05-15 08:50:10');
INSERT INTO Ticket VALUES(X'ca848142107d680752a52292608aafc1d6c432512226eb37e92d369c09f7e038', 'a80899', 1, 0);
INSERT INTO Transaction VALUES('77T22161N0V7363242', 'a80899', X'ca848142107d680752a52292608aafc1d6c432512226eb37e92d369c09f7e038', 2.05, '2020-04-02 21:23:48');
INSERT INTO Ticket VALUES(X'aad734ed1abd38ba487272854000240a444c1a1398bc390339a05fe0557ed0c1', 'a18700', 1, 0);
INSERT INTO Transaction VALUES('304319A51640053962', 'a18700', X'aad734ed1abd38ba487272854000240a444c1a1398bc390339a05fe0557ed0c1', 2.05, '2020-05-05 02:08:24');
INSERT INTO Ticket VALUES(X'9b8c1a57b2017907a1f7c7856ed2173c99d879b3d6e976bba400e1978f8dcb01', 'a12462', 2, 0);
INSERT INTO Transaction VALUES('1081784T7279947D06', 'a12462', X'9b8c1a57b2017907a1f7c7856ed2173c99d879b3d6e976bba400e1978f8dcb01', 2.7, '2020-06-03 20:50:17');
INSERT INTO Ticket VALUES(X'0cd1430d23405825efe311f66aa99c55a48664a7f6ea86e37856ba0b040be31e', 'a54354', 2, 0);
INSERT INTO Transaction VALUES('3785045D633144W802', 'a54354', X'0cd1430d23405825efe311f66aa99c55a48664a7f6ea86e37856ba0b040be31e', 2.7, '2020-04-14 15:21:38');
INSERT INTO Ticket VALUES(X'cb3d296712260d707fe42730b0aab56fa8d62a7db03822f9601967784b611914', 'a26053', 1, 0);
INSERT INTO Transaction VALUES('22951L3AU0034O3882', 'a26053', X'cb3d296712260d707fe42730b0aab56fa8d62a7db03822f9601967784b611914', 2.05, '2020-06-19 08:44:56');
INSERT INTO Ticket VALUES(X'4eac8de9768d4479f4c1e65b3cb8085adad21b2a6a97c463a0912d6592789c7a', 'a08220', 1, 0);
INSERT INTO Transaction VALUES('31X277140186857958', 'a08220', X'4eac8de9768d4479f4c1e65b3cb8085adad21b2a6a97c463a0912d6592789c7a', 2.05, '2020-04-19 00:23:41');
INSERT INTO Ticket VALUES(X'ad6929a3beeb32afbf565d1bec4a021d5a7421b48e2fab8ec6b5687314776df5', 'a36731', 2, 0);
INSERT INTO Transaction VALUES('2772CP785777202S52', 'a36731', X'ad6929a3beeb32afbf565d1bec4a021d5a7421b48e2fab8ec6b5687314776df5', 2.7, '2020-07-01 05:51:38');
INSERT INTO Ticket VALUES(X'73e9f4a6530ab64bfcf6e5dad3706a65dbfa4168b40361e1c701b29ec3dc28fd', 'a81593', 1, 0);
INSERT INTO Transaction VALUES('167L78407P28938684', 'a81593', X'73e9f4a6530ab64bfcf6e5dad3706a65dbfa4168b40361e1c701b29ec3dc28fd', 2.05, '2020-03-31 14:34:11');
INSERT INTO Ticket VALUES(X'344327be8ce01843b20441a548f37f27621a2d099de2cc0f84d864313624290b', 'a46736', 1, 0);
INSERT INTO Transaction VALUES('0584768999B9061089', 'a46736', X'344327be8ce01843b20441a548f37f27621a2d099de2cc0f84d864313624290b', 2.05, '2020-05-08 00:55:36');
INSERT INTO Ticket VALUES(X'cdee53fc6ce4700480797bd01f02e66d23a909e0502dfc65608720a29219cf89', 'a61537', 2, 0);
INSERT INTO Transaction VALUES('1407K4296529640160', 'a61537', X'cdee53fc6ce4700480797bd01f02e66d23a909e0502dfc65608720a29219cf89', 2.7, '2020-04-10 09:08:47');
INSERT INTO Ticket VALUES(X'bf481ac67e531270211d71a90daef50a88cf66de0fe712c0704f404c1eda6383', 'a79790', 1, 0);
INSERT INTO Transaction VALUES('585806577539934934', 'a79790', X'bf481ac67e531270211d71a90daef50a88cf66de0fe712c0704f404c1eda6383', 2.05, '2020-06-07 13:29:54');
INSERT INTO Ticket VALUES(X'bd454e73e2f3393321c00cdd2265c3f9b3d422360faed245b4e0684fb15aefab', 'a72926', 2, 0);
INSERT INTO Transaction VALUES('437B60U95216171784', 'a72926', X'bd454e73e2f3393321c00cdd2265c3f9b3d422360faed245b4e0684fb15aefab', 2.7, '2020-06-12 15:23:59');
INSERT INTO Ticket VALUES(X'5116bc07edbc7276c0d3b282b0dfe665b841cbdfdc59ef84b665fd09445660e6', 'a04094', 2, 0);
INSERT INTO Transaction VALUES('E85937A591924W8127', 'a04094', X'5116bc07edbc7276c0d3b282b0dfe665b841cbdfdc59ef84b665fd09445660e6', 2.7, '2020-05-30 14:09:04');
INSERT INTO Ticket VALUES(X'fe4695229390ce6d2ee9c4d48b4adfa1149e17cb312a2ae73389117c604294b3', 'a53258', 1, 0);
INSERT INTO Transaction VALUES('606590436334589571', 'a53258', X'fe4695229390ce6d2ee9c4d48b4adfa1149e17cb312a2ae73389117c604294b3', 2.05, '2020-05-15 06:16:13');
INSERT INTO Ticket VALUES(X'53da500fa430fa3a154e8531f378534568dda79ee6accfce626a74a9168f48be', 'a61832', 1, 0);
INSERT INTO Transaction VALUES('2589453M79187M5526', 'a61832', X'53da500fa430fa3a154e8531f378534568dda79ee6accfce626a74a9168f48be', 2.05, '2020-06-22 12:43:55');
INSERT INTO Ticket VALUES(X'e682482a542a3a53b1c9c93b649a29ee04a7d15936328f45afecc509b68d13aa', 'a00759', 1, 0);
INSERT INTO Transaction VALUES('535259347087339N1E', 'a00759', X'e682482a542a3a53b1c9c93b649a29ee04a7d15936328f45afecc509b68d13aa', 2.05, '2020-06-02 23:21:50');
INSERT INTO Ticket VALUES(X'8e36adf6c37cd4a7e1a100e6753fee70a1c25a59f38f77a89320ff644255dfb0', 'a27360', 1, 0);
INSERT INTO Transaction VALUES('487142979918210268', 'a27360', X'8e36adf6c37cd4a7e1a100e6753fee70a1c25a59f38f77a89320ff644255dfb0', 2.05, '2020-05-02 10:16:38');
INSERT INTO Ticket VALUES(X'deec0cba048576dfb5c72fbc09d9b75b770ea57657740e914cfd608f2be5ddb8', 'a88212', 2, 0);
INSERT INTO Transaction VALUES('914Z41W9659D769735', 'a88212', X'deec0cba048576dfb5c72fbc09d9b75b770ea57657740e914cfd608f2be5ddb8', 2.7, '2020-06-12 07:48:29');
INSERT INTO Ticket VALUES(X'c7581ec45923902757d79e5de4254a9cb2f62fba4a0210b397395d29c47d6864', 'a33876', 2, 0);
INSERT INTO Transaction VALUES('46T5495652850416L0', 'a33876', X'c7581ec45923902757d79e5de4254a9cb2f62fba4a0210b397395d29c47d6864', 2.7, '2020-06-24 16:27:14');
INSERT INTO Ticket VALUES(X'0493e7fe3c9db8c8ae4a3b52a480c7337029335980daa26d62657a77c11d25f1', 'a36731', 1, 0);
INSERT INTO Transaction VALUES('714539343449120B42', 'a36731', X'0493e7fe3c9db8c8ae4a3b52a480c7337029335980daa26d62657a77c11d25f1', 2.05, '2020-06-30 07:05:30');
INSERT INTO Ticket VALUES(X'12a675639c40eb95386ef244eef8683cfeff797c3726a8e2e85f52961b4a4632', 'a12462', 2, 0);
INSERT INTO Transaction VALUES('5314131E3598421981', 'a12462', X'12a675639c40eb95386ef244eef8683cfeff797c3726a8e2e85f52961b4a4632', 2.7, '2020-04-19 23:39:39');
INSERT INTO Ticket VALUES(X'f4d6975a47df9b9d2aeba0f63bd6596708a11b9f90e1d26aaa17cf6f26d4e7db', 'a73073', 2, 0);
INSERT INTO Transaction VALUES('838136767980835744', 'a73073', X'f4d6975a47df9b9d2aeba0f63bd6596708a11b9f90e1d26aaa17cf6f26d4e7db', 2.7, '2020-06-28 18:06:55');
INSERT INTO Ticket VALUES(X'89466277b21e4a68d54f1e10f03c95d6cf27ee7815981f002a5ccf205a7926e3', 'a99616', 2, 0);
INSERT INTO Transaction VALUES('570Q43249223317593', 'a99616', X'89466277b21e4a68d54f1e10f03c95d6cf27ee7815981f002a5ccf205a7926e3', 2.7, '2020-05-18 11:03:22');
INSERT INTO Ticket VALUES(X'728d252a0bcc183b4352b29090306dcadcae0ba82361e627ac5edc22191890f0', 'a12462', 2, 0);
INSERT INTO Transaction VALUES('571Y9333G4898Z1206', 'a12462', X'728d252a0bcc183b4352b29090306dcadcae0ba82361e627ac5edc22191890f0', 2.7, '2020-06-13 10:36:22');
INSERT INTO Ticket VALUES(X'ed227b7794653bc7ffbfb2187fbe304fe84bfd25373f1509f4626b33da6ef9c4', 'a23468', 1, 0);
INSERT INTO Transaction VALUES('01Q5258X43Y6142615', 'a23468', X'ed227b7794653bc7ffbfb2187fbe304fe84bfd25373f1509f4626b33da6ef9c4', 2.05, '2020-04-11 05:40:14');
INSERT INTO Ticket VALUES(X'399ba2a1cc721bfcea4f422ddee0819b7a176ad925d882209c110c36e254dc66', 'a38536', 1, 0);
INSERT INTO Transaction VALUES('541124HA911542336P', 'a38536', X'399ba2a1cc721bfcea4f422ddee0819b7a176ad925d882209c110c36e254dc66', 2.05, '2020-05-25 03:59:53');
INSERT INTO Ticket VALUES(X'af68e8bab9a426a0dc61fdd518a8446c4630cf7c5bc68249aa3cf2487894a5a8', 'a75124', 2, 0);
INSERT INTO Transaction VALUES('5932B0X0Q75X947B31', 'a75124', X'af68e8bab9a426a0dc61fdd518a8446c4630cf7c5bc68249aa3cf2487894a5a8', 2.7, '2020-05-28 23:21:26');
INSERT INTO Ticket VALUES(X'090796198e7f9b695a2ec75ade1913ebf6fb37e94be6ba2af85c5933dea8c1f7', 'a96704', 1, 0);
INSERT INTO Transaction VALUES('2533304079541C45W3', 'a96704', X'090796198e7f9b695a2ec75ade1913ebf6fb37e94be6ba2af85c5933dea8c1f7', 2.05, '2020-06-25 08:42:14');
INSERT INTO Ticket VALUES(X'b6961d81f6f331f533a10ab8986566ad6e677e2d17dd0ba17da80b6cf9e16383', 'a67857', 2, 0);
INSERT INTO Transaction VALUES('3M890982T086929328', 'a67857', X'b6961d81f6f331f533a10ab8986566ad6e677e2d17dd0ba17da80b6cf9e16383', 2.7, '2020-06-26 08:14:47');
INSERT INTO Ticket VALUES(X'feb591773b8ae34035ee47ed8893660cdca0366c549704c2da4430a269adc076', 'a96704', 1, 0);
INSERT INTO Transaction VALUES('37891140141944U083', 'a96704', X'feb591773b8ae34035ee47ed8893660cdca0366c549704c2da4430a269adc076', 2.05, '2020-05-01 01:29:35');
INSERT INTO Ticket VALUES(X'6e5cc1fe253b200b12cb4a682a1bd996ef5619c281e151f2233ca89b6dc5552c', 'a18099', 1, 0);
INSERT INTO Transaction VALUES('07F1S4602563M92081', 'a18099', X'6e5cc1fe253b200b12cb4a682a1bd996ef5619c281e151f2233ca89b6dc5552c', 2.05, '2020-07-01 07:52:50');
INSERT INTO Ticket VALUES(X'63206f32cee9e7bb9473db563257a4ff1500a6b0e9e524b3a3977e07f6fde523', 'a44839', 1, 0);
INSERT INTO Transaction VALUES('1225988H6280713541', 'a44839', X'63206f32cee9e7bb9473db563257a4ff1500a6b0e9e524b3a3977e07f6fde523', 2.05, '2020-04-13 09:56:59');
INSERT INTO Ticket VALUES(X'0a4edece738046f029f28849aa1c039cd02dadb4d473b3b26a48028cf0a76cdd', 'a72926', 1, 0);
INSERT INTO Transaction VALUES('M315145871102383I6', 'a72926', X'0a4edece738046f029f28849aa1c039cd02dadb4d473b3b26a48028cf0a76cdd', 2.05, '2020-03-31 17:49:55');
INSERT INTO Ticket VALUES(X'209051d53edbcbdc95ff5c15fbe6f3a44837d1e38842769ae32226fe2773dbc2', 'a85089', 2, 0);
INSERT INTO Transaction VALUES('761226698063Y95J25', 'a85089', X'209051d53edbcbdc95ff5c15fbe6f3a44837d1e38842769ae32226fe2773dbc2', 2.7, '2020-06-09 13:37:43');
INSERT INTO Ticket VALUES(X'3a00f90397f06ea8ee0391aacaa13efe4f149b0dfe34abbcbea4e5b0eea48d9f', 'a29258', 1, 0);
INSERT INTO Transaction VALUES('015697381422168186', 'a29258', X'3a00f90397f06ea8ee0391aacaa13efe4f149b0dfe34abbcbea4e5b0eea48d9f', 2.05, '2020-06-02 02:41:40');
INSERT INTO Ticket VALUES(X'49dae59502018d3eb2e2faea397cdaf079d1a9d240816b01905e4f8f65c99871', 'a62910', 2, 0);
INSERT INTO Transaction VALUES('O345X30M7785108194', 'a62910', X'49dae59502018d3eb2e2faea397cdaf079d1a9d240816b01905e4f8f65c99871', 2.7, '2020-06-15 04:20:42');
INSERT INTO Ticket VALUES(X'f236ec4c9bb348acc745c88b6d4c0633aee8b5467a74ea1bc2514cab2ba24769', 'a04176', 1, 0);
INSERT INTO Transaction VALUES('687824F51345756B52', 'a04176', X'f236ec4c9bb348acc745c88b6d4c0633aee8b5467a74ea1bc2514cab2ba24769', 2.05, '2020-06-13 18:59:54');
INSERT INTO Ticket VALUES(X'9bbf7f3b7362aad0fd1f8e6fc9bbce9bc515a82983c181ab3130c19d41bdb3fb', 'a58334', 1, 0);
INSERT INTO Transaction VALUES('66331468012945568G', 'a58334', X'9bbf7f3b7362aad0fd1f8e6fc9bbce9bc515a82983c181ab3130c19d41bdb3fb', 2.05, '2020-06-28 00:11:56');
INSERT INTO Ticket VALUES(X'f1efac0aeaafea1c2337f3e9f2854c5ff567885ecba38bef2bbb289281178fed', 'a54437', 1, 0);
INSERT INTO Transaction VALUES('95594170815H62745T', 'a54437', X'f1efac0aeaafea1c2337f3e9f2854c5ff567885ecba38bef2bbb289281178fed', 2.05, '2020-05-09 19:10:56');
INSERT INTO Ticket VALUES(X'3e76758d0cb2d3121250ed0326fbd843cdc3edc88048474be0422c6100d70563', 'a58814', 1, 0);
INSERT INTO Transaction VALUES('597220HD33G8060586', 'a58814', X'3e76758d0cb2d3121250ed0326fbd843cdc3edc88048474be0422c6100d70563', 2.05, '2020-06-14 06:27:41');
INSERT INTO Ticket VALUES(X'c41614659c8f312c6cd395935cde317cf1188883e5beb1056e7e8f885a5fb921', 'a90978', 2, 0);
INSERT INTO Transaction VALUES('9816V16V4K35807307', 'a90978', X'c41614659c8f312c6cd395935cde317cf1188883e5beb1056e7e8f885a5fb921', 2.7, '2020-06-26 00:10:52');
INSERT INTO Ticket VALUES(X'0066db439ba5279b8922cf0e74b0f16e938abb34999e6ba706747c787f45acbb', 'a33876', 2, 0);
INSERT INTO Transaction VALUES('89664H0H4247101496', 'a33876', X'0066db439ba5279b8922cf0e74b0f16e938abb34999e6ba706747c787f45acbb', 2.7, '2020-04-20 03:27:51');
INSERT INTO Ticket VALUES(X'c1b73ea32391637531a49debc85063d2490b9c7b08afb2b8a8b28d39c00bff1c', 'a35004', 2, 0);
INSERT INTO Transaction VALUES('06198XN99312E28278', 'a35004', X'c1b73ea32391637531a49debc85063d2490b9c7b08afb2b8a8b28d39c00bff1c', 2.7, '2020-05-10 12:59:01');
INSERT INTO Ticket VALUES(X'3acbe1a4728cdcfeb96abe591b2026b84ced08f822078a70d88715c5dbe2cc22', 'a49426', 1, 0);
INSERT INTO Transaction VALUES('8373EG968875582323', 'a49426', X'3acbe1a4728cdcfeb96abe591b2026b84ced08f822078a70d88715c5dbe2cc22', 2.05, '2020-06-12 07:40:20');
INSERT INTO Ticket VALUES(X'db38da30788a34295a4ff6d067208081476f439fe5faabe415979f6db8886e8d', 'a84440', 1, 0);
INSERT INTO Transaction VALUES('8G5K76369929333610', 'a84440', X'db38da30788a34295a4ff6d067208081476f439fe5faabe415979f6db8886e8d', 2.05, '2020-07-02 21:36:02');
INSERT INTO Ticket VALUES(X'77331cb2d99e08f0c08ed129dea0ddfe06c642bbf543500cb92775839ecc2d7a', 'a16297', 1, 0);
INSERT INTO Transaction VALUES('05125501909431M875', 'a16297', X'77331cb2d99e08f0c08ed129dea0ddfe06c642bbf543500cb92775839ecc2d7a', 2.05, '2020-04-17 07:08:28');
INSERT INTO Ticket VALUES(X'97bdf467115bcb310b0824384f5c45264ac8b638843b194cc943a4b6ad522077', 'a20044', 2, 0);
INSERT INTO Transaction VALUES('6173736953JE802361', 'a20044', X'97bdf467115bcb310b0824384f5c45264ac8b638843b194cc943a4b6ad522077', 2.7, '2020-03-29 15:12:03');
INSERT INTO Ticket VALUES(X'70bac8506c801839c99de2e5d84881319c348253891d36296e9982135db0fd60', 'a61537', 2, 0);
INSERT INTO Transaction VALUES('48747T496Q514W1545', 'a61537', X'70bac8506c801839c99de2e5d84881319c348253891d36296e9982135db0fd60', 2.7, '2020-06-15 04:14:14');
INSERT INTO Ticket VALUES(X'3a332631894304f7e0d87813024ea59524049801e153b7f7898ac45adb6b97ca', 'a08585', 2, 0);
INSERT INTO Transaction VALUES('385091930330068457', 'a08585', X'3a332631894304f7e0d87813024ea59524049801e153b7f7898ac45adb6b97ca', 2.7, '2020-04-14 13:09:52');
INSERT INTO Ticket VALUES(X'0add455e6c1ad2da2c2cbbd4ed78b328870df95ceae5f7874e6b7a8eea438c2e', 'a46471', 2, 0);
INSERT INTO Transaction VALUES('37551Q744425936715', 'a46471', X'0add455e6c1ad2da2c2cbbd4ed78b328870df95ceae5f7874e6b7a8eea438c2e', 2.7, '2020-06-14 18:39:08');
INSERT INTO Ticket VALUES(X'9569cac5d1789fd822ff3b1e728f5731db8f1c3b275cedeee49399fdcca3ddcb', 'a92215', 2, 0);
INSERT INTO Transaction VALUES('026H224944384197U0', 'a92215', X'9569cac5d1789fd822ff3b1e728f5731db8f1c3b275cedeee49399fdcca3ddcb', 2.7, '2020-05-14 02:50:53');
INSERT INTO Ticket VALUES(X'fb12c120b21618b030c80125996f1dcdb18b287604bf2a1da5994f6d0a6d6908', 'a84440', 1, 0);
INSERT INTO Transaction VALUES('6261Y7117111181343', 'a84440', X'fb12c120b21618b030c80125996f1dcdb18b287604bf2a1da5994f6d0a6d6908', 2.05, '2020-07-01 18:21:49');
INSERT INTO Ticket VALUES(X'a7ff42596b85dd8ee09195b3258912d5331b02b1f48469e8e215da7058963e9b', 'a37326', 1, 0);
INSERT INTO Transaction VALUES('71D77318Y43241L198', 'a37326', X'a7ff42596b85dd8ee09195b3258912d5331b02b1f48469e8e215da7058963e9b', 2.05, '2020-06-09 16:34:05');
INSERT INTO Ticket VALUES(X'4968f58a4b3a4b0568c11651fe672284ec0b05e4e39ba988ecb51234571cbecd', 'a12154', 1, 0);
INSERT INTO Transaction VALUES('78957G83E315863920', 'a12154', X'4968f58a4b3a4b0568c11651fe672284ec0b05e4e39ba988ecb51234571cbecd', 2.05, '2020-06-25 10:44:33');
INSERT INTO Ticket VALUES(X'810ac38ef51c7df44f600f7edfcf00d988795badb591203bebe13a56b5d458bd', 'a53258', 1, 0);
INSERT INTO Transaction VALUES('239940314731207K54', 'a53258', X'810ac38ef51c7df44f600f7edfcf00d988795badb591203bebe13a56b5d458bd', 2.05, '2020-05-28 05:40:08');
INSERT INTO Ticket VALUES(X'7f014fe2e7a9547bd91f336a01c58563cd11d906f58e98e26165eda8949d9fad', 'a98435', 2, 0);
INSERT INTO Transaction VALUES('7537I01097641307W8', 'a98435', X'7f014fe2e7a9547bd91f336a01c58563cd11d906f58e98e26165eda8949d9fad', 2.7, '2020-04-27 08:47:27');
INSERT INTO Ticket VALUES(X'4e60de394d009e5e9da223b3f63ba6479307b9e6e8f5660bd2e87d5c37696e25', 'a51166', 2, 0);
INSERT INTO Transaction VALUES('17S592850286U46659', 'a51166', X'4e60de394d009e5e9da223b3f63ba6479307b9e6e8f5660bd2e87d5c37696e25', 2.7, '2020-04-12 17:48:57');
INSERT INTO Ticket VALUES(X'9fc2dd7e84afaea7daec921ba14c546acbab9e87db2b57b42e44d2aba528419e', 'a83006', 1, 0);
INSERT INTO Transaction VALUES('453X39149380094631', 'a83006', X'9fc2dd7e84afaea7daec921ba14c546acbab9e87db2b57b42e44d2aba528419e', 2.05, '2020-05-03 22:46:26');
INSERT INTO Ticket VALUES(X'3fce8dde09a3f10f3b6c423730d0a7cec936c25954f0f690c7903179a03ca7c6', 'a00759', 1, 0);
INSERT INTO Transaction VALUES('509096455771950737', 'a00759', X'3fce8dde09a3f10f3b6c423730d0a7cec936c25954f0f690c7903179a03ca7c6', 2.05, '2020-04-08 19:39:20');
INSERT INTO Ticket VALUES(X'c9785dfb2e4f0772d35bc1177fea94d36c986d76404e2dd4f42235f4b61387f3', 'a81633', 1, 0);
INSERT INTO Transaction VALUES('22831197622649T786', 'a81633', X'c9785dfb2e4f0772d35bc1177fea94d36c986d76404e2dd4f42235f4b61387f3', 2.05, '2020-04-09 00:44:02');
INSERT INTO Ticket VALUES(X'42966fb5f11c3f7ab9ddac4c86bbd130e8dd9bbcbf8e9ad670c7aa2a140fdade', 'a21855', 2, 0);
INSERT INTO Transaction VALUES('390056241950305497', 'a21855', X'42966fb5f11c3f7ab9ddac4c86bbd130e8dd9bbcbf8e9ad670c7aa2a140fdade', 2.7, '2020-03-26 22:49:26');
INSERT INTO Ticket VALUES(X'36604e2e2773d59663dd03713f16f98eaaf75c3c33942b4b7a88daae6f4170a3', 'a50784', 2, 0);
INSERT INTO Transaction VALUES('675258U68297Q25616', 'a50784', X'36604e2e2773d59663dd03713f16f98eaaf75c3c33942b4b7a88daae6f4170a3', 2.7, '2020-06-30 17:08:19');
INSERT INTO Ticket VALUES(X'f53199521616d2b4a582b5b7f5404d8d9aec281a2f500e980c1f5d4b793d7ec8', 'a50784', 2, 0);
INSERT INTO Transaction VALUES('8246107P7926891B48', 'a50784', X'f53199521616d2b4a582b5b7f5404d8d9aec281a2f500e980c1f5d4b793d7ec8', 2.7, '2020-06-15 03:27:40');
INSERT INTO Ticket VALUES(X'97f1150c4b1885d6dc2942d436ba2974f2b60960adb033e58d09fa0615e7dd93', 'a26053', 1, 0);
INSERT INTO Transaction VALUES('41HK50669303049208', 'a26053', X'97f1150c4b1885d6dc2942d436ba2974f2b60960adb033e58d09fa0615e7dd93', 2.05, '2020-05-15 23:07:58');
INSERT INTO Ticket VALUES(X'7b18b24847cbea7afecac06cdf0b19bf48b31c9071d651bd59fe0d0385fcae3a', 'a12867', 1, 0);
INSERT INTO Transaction VALUES('73371UX34M01622108', 'a12867', X'7b18b24847cbea7afecac06cdf0b19bf48b31c9071d651bd59fe0d0385fcae3a', 2.05, '2020-04-07 15:17:33');
INSERT INTO Ticket VALUES(X'47b63d8d98f5ae39a5684a9a09b0a1cbbd551c6b3ab29e45a162ff90606680d1', 'a61312', 2, 0);
INSERT INTO Transaction VALUES('36918179194972VB45', 'a61312', X'47b63d8d98f5ae39a5684a9a09b0a1cbbd551c6b3ab29e45a162ff90606680d1', 2.7, '2020-04-19 15:06:31');
INSERT INTO Ticket VALUES(X'31c4d3201cd68eedd22bd9568d968006db24dd8a7e202ac0b0e04b135fa3d332', 'a37326', 2, 0);
INSERT INTO Transaction VALUES('6068081224830R7979', 'a37326', X'31c4d3201cd68eedd22bd9568d968006db24dd8a7e202ac0b0e04b135fa3d332', 2.7, '2020-05-06 14:02:53');
INSERT INTO Ticket VALUES(X'c004e46a0c8442514dcb5d0868764636b02bb0f26b63a1f134e4d29ea54142b0', 'a69149', 2, 0);
INSERT INTO Transaction VALUES('525824291992572952', 'a69149', X'c004e46a0c8442514dcb5d0868764636b02bb0f26b63a1f134e4d29ea54142b0', 2.7, '2020-06-15 02:11:20');
INSERT INTO Ticket VALUES(X'd8d834033c2e00420919e69f82358460fd50a9e7326de8384e93bc653734f057', 'a63317', 2, 0);
INSERT INTO Transaction VALUES('09564W25T798800696', 'a63317', X'd8d834033c2e00420919e69f82358460fd50a9e7326de8384e93bc653734f057', 2.7, '2020-05-26 10:55:50');
INSERT INTO Ticket VALUES(X'4990a086ddd723e45e2cf14b8d4810224cf4207acfacf8c84c4d06c4d65c28d3', 'a37326', 2, 0);
INSERT INTO Transaction VALUES('47172I513752281840', 'a37326', X'4990a086ddd723e45e2cf14b8d4810224cf4207acfacf8c84c4d06c4d65c28d3', 2.7, '2020-04-26 00:54:27');
INSERT INTO Ticket VALUES(X'0cf51d13259170b8ee358925a9fdca80a6380b960fc263baad60d79042d5bb59', 'a46883', 1, 0);
INSERT INTO Transaction VALUES('63903402724212S21P', 'a46883', X'0cf51d13259170b8ee358925a9fdca80a6380b960fc263baad60d79042d5bb59', 2.05, '2020-04-10 00:19:13');
INSERT INTO Ticket VALUES(X'49518bb9dc48bb28369b0bc360d152e0c21274114b81d438068fecd30ece6629', 'a95152', 2, 0);
INSERT INTO Transaction VALUES('11A2380958826946YI', 'a95152', X'49518bb9dc48bb28369b0bc360d152e0c21274114b81d438068fecd30ece6629', 2.7, '2020-06-06 13:48:47');
INSERT INTO Ticket VALUES(X'3f2df610b942092a384ca978c22e7042a98fce16694de6cd2d35c835e89ee8d2', 'a79863', 2, 0);
INSERT INTO Transaction VALUES('31992112777114667R', 'a79863', X'3f2df610b942092a384ca978c22e7042a98fce16694de6cd2d35c835e89ee8d2', 2.7, '2020-06-19 16:37:40');
INSERT INTO Ticket VALUES(X'2e3e21da50f6bcd69aa03c1bf42f697f2b9715104d5a61996f9f9f95d60bb5f3', 'a61887', 2, 0);
INSERT INTO Transaction VALUES('92600162397939F487', 'a61887', X'2e3e21da50f6bcd69aa03c1bf42f697f2b9715104d5a61996f9f9f95d60bb5f3', 2.7, '2020-05-27 09:53:04');
INSERT INTO Ticket VALUES(X'92985594950af462beac7ab9163ee9706ddb22df361423bb046b729109356106', 'a81593', 2, 0);
INSERT INTO Transaction VALUES('921114377619139581', 'a81593', X'92985594950af462beac7ab9163ee9706ddb22df361423bb046b729109356106', 2.7, '2020-06-02 17:13:40');
INSERT INTO Ticket VALUES(X'ad0cf9537c8bdeeba7bbee4a343b25147b7b903a8d3f678a8be632ecbdcbdd4f', 'a46736', 2, 0);
INSERT INTO Transaction VALUES('9Q4646164B23467690', 'a46736', X'ad0cf9537c8bdeeba7bbee4a343b25147b7b903a8d3f678a8be632ecbdcbdd4f', 2.7, '2020-06-30 03:09:48');
INSERT INTO Ticket VALUES(X'6b9167ed7dc97d4f37b93653079b8594ddce295c019799ca6ee10008d811e0b0', 'a54437', 1, 0);
INSERT INTO Transaction VALUES('2S348025553M609237', 'a54437', X'6b9167ed7dc97d4f37b93653079b8594ddce295c019799ca6ee10008d811e0b0', 2.05, '2020-03-27 19:08:36');
INSERT INTO Ticket VALUES(X'0554b8f6be57750526249b3d031d3c8a16a89e816bc4bd9c9e268386f30578ae', 'a25353', 2, 0);
INSERT INTO Transaction VALUES('37A3M4K19G98623524', 'a25353', X'0554b8f6be57750526249b3d031d3c8a16a89e816bc4bd9c9e268386f30578ae', 2.7, '2020-06-26 09:15:20');
INSERT INTO Ticket VALUES(X'6a05b257c95e4357aca5f9a18f119aa8033335efedcfaaba9ec6689e34d6567e', 'a49426', 2, 0);
INSERT INTO Transaction VALUES('7607353687357Y5669', 'a49426', X'6a05b257c95e4357aca5f9a18f119aa8033335efedcfaaba9ec6689e34d6567e', 2.7, '2020-05-06 14:58:55');
INSERT INTO Ticket VALUES(X'28be2d9a71821907b7dda4ffaedb07abc54378af589829065c24dfac76e98310', 'a58814', 1, 0);
INSERT INTO Transaction VALUES('445377W30130T39506', 'a58814', X'28be2d9a71821907b7dda4ffaedb07abc54378af589829065c24dfac76e98310', 2.05, '2020-04-02 21:35:42');
INSERT INTO Ticket VALUES(X'2a9a7168c137c9bf34e623eb2cc4d04c06e007e8abcfaedecf4108cd5390ab53', 'a20044', 1, 0);
INSERT INTO Transaction VALUES('153705121548058766', 'a20044', X'2a9a7168c137c9bf34e623eb2cc4d04c06e007e8abcfaedecf4108cd5390ab53', 2.05, '2020-06-08 14:22:26');
INSERT INTO Ticket VALUES(X'92a5bc7128c776515fd81ce4d38dc18a61b4d6c9de1a79d94cb1e982ddf3faf1', 'a08220', 1, 0);
INSERT INTO Transaction VALUES('1851106W7858942193', 'a08220', X'92a5bc7128c776515fd81ce4d38dc18a61b4d6c9de1a79d94cb1e982ddf3faf1', 2.05, '2020-06-10 15:48:45');
INSERT INTO Ticket VALUES(X'682c460372f0e8057c03b6d6d6f25740bdb034e168a0665f34b61232d7aced61', 'a62141', 1, 0);
INSERT INTO Transaction VALUES('135265528328K10771', 'a62141', X'682c460372f0e8057c03b6d6d6f25740bdb034e168a0665f34b61232d7aced61', 2.05, '2020-05-27 22:03:00');
INSERT INTO Ticket VALUES(X'3b6cca1c25c9425780ae017d116c8ecabb3ff75e171ed89ba45cc97023f1eda7', 'a54437', 2, 0);
INSERT INTO Transaction VALUES('S224099O18975Q3900', 'a54437', X'3b6cca1c25c9425780ae017d116c8ecabb3ff75e171ed89ba45cc97023f1eda7', 2.7, '2020-04-21 07:28:58');
INSERT INTO Ticket VALUES(X'176077f959d32d65484abb066c7f6b1f9f6f489063c47ed749f87b619f9ba8c3', 'a61887', 1, 0);
INSERT INTO Transaction VALUES('8219744TE117608127', 'a61887', X'176077f959d32d65484abb066c7f6b1f9f6f489063c47ed749f87b619f9ba8c3', 2.05, '2020-05-14 17:53:22');
INSERT INTO Ticket VALUES(X'd2804609ddc93f0a06f85cf11edd08cc5edc061a8fab3a6cede4fdc09b3cd38b', 'a26053', 1, 0);
INSERT INTO Transaction VALUES('778635R17I69305559', 'a26053', X'd2804609ddc93f0a06f85cf11edd08cc5edc061a8fab3a6cede4fdc09b3cd38b', 2.05, '2020-05-29 09:17:36');
INSERT INTO Ticket VALUES(X'990122acbba7cd29ef48e4e5df56937d0f230e0cd1e9f6dd00f48fc1dd525f38', 'a08585', 1, 0);
INSERT INTO Transaction VALUES('7D90V8250621751436', 'a08585', X'990122acbba7cd29ef48e4e5df56937d0f230e0cd1e9f6dd00f48fc1dd525f38', 2.05, '2020-05-01 05:08:08');
INSERT INTO Ticket VALUES(X'98805532ee17cf75fd1bb9a1549b87900d01d3f9ac9bf8051663d1a6747fa98b', 'a99616', 2, 0);
INSERT INTO Transaction VALUES('139579090950142143', 'a99616', X'98805532ee17cf75fd1bb9a1549b87900d01d3f9ac9bf8051663d1a6747fa98b', 2.7, '2020-07-03 09:27:12');
INSERT INTO Ticket VALUES(X'7bc9c6b0e471e60062ecf4ed41112368d6e2ef82456ee8c500564b44ab8a8570', 'a67736', 1, 0);
INSERT INTO Transaction VALUES('0334K3GP3840357P6S', 'a67736', X'7bc9c6b0e471e60062ecf4ed41112368d6e2ef82456ee8c500564b44ab8a8570', 2.05, '2020-06-13 05:41:15');
INSERT INTO Ticket VALUES(X'4dc85946b88b96e7a62ee164c9ebde904e02a957ee3b286dbeb877d49450c15d', 'a38536', 1, 0);
INSERT INTO Transaction VALUES('70301822U2W063061E', 'a38536', X'4dc85946b88b96e7a62ee164c9ebde904e02a957ee3b286dbeb877d49450c15d', 2.05, '2020-03-31 07:35:14');
INSERT INTO Ticket VALUES(X'adf824c92df3cd3168ac0ac0588861593c65ca48f7495755999c218cec44820e', 'a50784', 2, 0);
INSERT INTO Transaction VALUES('5K0811556706K42973', 'a50784', X'adf824c92df3cd3168ac0ac0588861593c65ca48f7495755999c218cec44820e', 2.7, '2020-06-20 17:34:21');
INSERT INTO Ticket VALUES(X'98fcf1384740ea04950ee7c9b8aa6c0f7871700fe88cb1dfefad59ca8663303e', 'a50559', 1, 0);
INSERT INTO Transaction VALUES('0301441813327A1376', 'a50559', X'98fcf1384740ea04950ee7c9b8aa6c0f7871700fe88cb1dfefad59ca8663303e', 2.05, '2020-06-23 02:12:57');
INSERT INTO Ticket VALUES(X'babbb2f46ef666e416d76be405888ab86aa4b910450916dd5402e67fdc3cfee9', 'a26273', 1, 0);
INSERT INTO Transaction VALUES('58C25752501196497V', 'a26273', X'babbb2f46ef666e416d76be405888ab86aa4b910450916dd5402e67fdc3cfee9', 2.05, '2020-06-16 05:18:48');
INSERT INTO Ticket VALUES(X'604176e3c06b7df1af6ebaa5698411045d43479e0b48abd9e42ae2a389d5332b', 'a61887', 1, 0);
INSERT INTO Transaction VALUES('75256189507314536A', 'a61887', X'604176e3c06b7df1af6ebaa5698411045d43479e0b48abd9e42ae2a389d5332b', 2.05, '2020-05-10 11:16:49');
INSERT INTO Ticket VALUES(X'00519bd40d6db48a3fbcca5b680a58bc81bb869e8ed8f5b3cf9d581d1f652524', 'a67736', 2, 0);
INSERT INTO Transaction VALUES('968671954910545480', 'a67736', X'00519bd40d6db48a3fbcca5b680a58bc81bb869e8ed8f5b3cf9d581d1f652524', 2.7, '2020-07-03 20:55:33');
INSERT INTO Ticket VALUES(X'1c5c76906cf7d906f2236d4907815be9641f3db04210cdea386371ee6c2f0c12', 'a49426', 1, 0);
INSERT INTO Transaction VALUES('710634113659683X4W', 'a49426', X'1c5c76906cf7d906f2236d4907815be9641f3db04210cdea386371ee6c2f0c12', 2.05, '2020-04-19 05:35:55');
INSERT INTO Ticket VALUES(X'9e2c3537bdf19086d12659f2cd42457d2076aa7e9ff1231e9be3ec6d74b0310f', 'a86517', 1, 0);
INSERT INTO Transaction VALUES('56100325450478WF33', 'a86517', X'9e2c3537bdf19086d12659f2cd42457d2076aa7e9ff1231e9be3ec6d74b0310f', 2.05, '2020-05-28 11:44:03');
INSERT INTO Ticket VALUES(X'4b9c9ee5073dfc0c6610db697d9aefb9087d477fa14c793df2e6cd278c79a323', 'a15225', 2, 0);
INSERT INTO Transaction VALUES('193660210468123499', 'a15225', X'4b9c9ee5073dfc0c6610db697d9aefb9087d477fa14c793df2e6cd278c79a323', 2.7, '2020-06-19 03:07:11');
INSERT INTO Ticket VALUES(X'05a8dacf568923c70f6d068ec38636324a1ff7d71af7bd315433a8c079d9b971', 'a21855', 1, 0);
INSERT INTO Transaction VALUES('353530599873227737', 'a21855', X'05a8dacf568923c70f6d068ec38636324a1ff7d71af7bd315433a8c079d9b971', 2.05, '2020-06-15 09:33:42');
INSERT INTO Ticket VALUES(X'9d826c54a08c8d81694048fd502a79da7215dbacaa0dda45bdddf07d68dfe922', 'a15225', 2, 0);
INSERT INTO Transaction VALUES('E5773310203H361092', 'a15225', X'9d826c54a08c8d81694048fd502a79da7215dbacaa0dda45bdddf07d68dfe922', 2.7, '2020-06-19 13:06:22');
INSERT INTO Ticket VALUES(X'db12416090f0ecc1842e5a96e61f6beba1abc4766fad036493e33c17f2098efb', 'a29258', 1, 0);
INSERT INTO Transaction VALUES('1075Q8368285840071', 'a29258', X'db12416090f0ecc1842e5a96e61f6beba1abc4766fad036493e33c17f2098efb', 2.05, '2020-04-09 23:42:44');
INSERT INTO Ticket VALUES(X'3dc9b133de43a38626cacb9072794ea6ccb41f513c85acf1d2025f1d5514172c', 'a92215', 2, 0);
INSERT INTO Transaction VALUES('0F43055G976314WR44', 'a92215', X'3dc9b133de43a38626cacb9072794ea6ccb41f513c85acf1d2025f1d5514172c', 2.7, '2020-06-28 11:08:12');
INSERT INTO Ticket VALUES(X'acf6f9b7a81c9042cff8eb849f74c348dae6542c3e2df54488723bfbedf5c559', 'a07408', 1, 0);
INSERT INTO Transaction VALUES('6391H546087923340V', 'a07408', X'acf6f9b7a81c9042cff8eb849f74c348dae6542c3e2df54488723bfbedf5c559', 2.05, '2020-05-28 16:48:44');
INSERT INTO Ticket VALUES(X'd4e7843e1be0745b92e6307b3dc8007a6e3be66eca314e7ac5aa04807b526859', 'a50559', 2, 0);
INSERT INTO Transaction VALUES('88U3E1494876324W68', 'a50559', X'd4e7843e1be0745b92e6307b3dc8007a6e3be66eca314e7ac5aa04807b526859', 2.7, '2020-06-14 21:30:14');
INSERT INTO Ticket VALUES(X'591d09e7ab0a0f2ff931bf6d57f47e3aa1ea74c39ebacf4c11aaa76b4b86187c', 'a04094', 2, 0);
INSERT INTO Transaction VALUES('951754834045171233', 'a04094', X'591d09e7ab0a0f2ff931bf6d57f47e3aa1ea74c39ebacf4c11aaa76b4b86187c', 2.7, '2020-04-25 12:08:56');
INSERT INTO Ticket VALUES(X'0f865d59ad5bca6f0a92ef7f8c3798eb5ca84c27d00ed3523deaba8bc7394c34', 'a37326', 2, 0);
INSERT INTO Transaction VALUES('128618456800651277', 'a37326', X'0f865d59ad5bca6f0a92ef7f8c3798eb5ca84c27d00ed3523deaba8bc7394c34', 2.7, '2020-05-13 07:08:31');
INSERT INTO Ticket VALUES(X'08ba3250285771f7f827576cc46dfa7636c9eb8ac0f020b5e3eabaeca2df4631', 'a08585', 1, 0);
INSERT INTO Transaction VALUES('V135Q4104581019453', 'a08585', X'08ba3250285771f7f827576cc46dfa7636c9eb8ac0f020b5e3eabaeca2df4631', 2.05, '2020-04-28 00:38:27');
INSERT INTO Ticket VALUES(X'52100410dde5ee299bcd0bc279c9e9e8818ef9cb24008e2354c843f4cfa1f131', 'a67857', 2, 0);
INSERT INTO Transaction VALUES('329864275KY50773X4', 'a67857', X'52100410dde5ee299bcd0bc279c9e9e8818ef9cb24008e2354c843f4cfa1f131', 2.7, '2020-06-20 23:37:35');
INSERT INTO Ticket VALUES(X'a1b92130b61c593ba52bc2a20d79b57d082115428b5bfc56f8d5ab3caa1d6020', 'a88212', 1, 0);
INSERT INTO Transaction VALUES('378176516259464U58', 'a88212', X'a1b92130b61c593ba52bc2a20d79b57d082115428b5bfc56f8d5ab3caa1d6020', 2.05, '2020-06-02 10:20:40');
INSERT INTO Ticket VALUES(X'46102d150b17e557d582255fce8a46427df19c8760cc56a8e75be9c268ef597e', 'a43248', 1, 0);
INSERT INTO Transaction VALUES('657582K54620S14716', 'a43248', X'46102d150b17e557d582255fce8a46427df19c8760cc56a8e75be9c268ef597e', 2.05, '2020-06-24 10:19:39');
INSERT INTO Ticket VALUES(X'dbe3734a0aa33a41bd56715cfd1e8fae305327840f107538645d8afe5f6e3406', 'a18700', 2, 0);
INSERT INTO Transaction VALUES('053780566193558854', 'a18700', X'dbe3734a0aa33a41bd56715cfd1e8fae305327840f107538645d8afe5f6e3406', 2.7, '2020-06-07 19:33:31');
INSERT INTO Ticket VALUES(X'8d62d626bce91ece779f3500b16912b8be1855f1d17285b6800043df05cbe04b', 'a04176', 2, 0);
INSERT INTO Transaction VALUES('875019064536434435', 'a04176', X'8d62d626bce91ece779f3500b16912b8be1855f1d17285b6800043df05cbe04b', 2.7, '2020-05-13 09:22:07');
INSERT INTO Ticket VALUES(X'dc73fed4577169d5298531bcee7671fb05e18b1e58aa51f8ed66df6aa29b11e6', 'a49426', 2, 0);
INSERT INTO Transaction VALUES('484549519434559566', 'a49426', X'dc73fed4577169d5298531bcee7671fb05e18b1e58aa51f8ed66df6aa29b11e6', 2.7, '2020-06-03 08:54:58');
INSERT INTO Ticket VALUES(X'a00a2576731959cc79300a9151d89e40ae6a72e82c1049d43798054ce088de30', 'a12867', 1, 0);
INSERT INTO Transaction VALUES('546954875249679765', 'a12867', X'a00a2576731959cc79300a9151d89e40ae6a72e82c1049d43798054ce088de30', 2.05, '2020-05-01 22:21:27');
INSERT INTO Ticket VALUES(X'1672241cd68b2409ba3c6062d84eba888e96cfe726782458844e109fbe0b85c8', 'a53258', 1, 0);
INSERT INTO Transaction VALUES('779520Q8744297P1I7', 'a53258', X'1672241cd68b2409ba3c6062d84eba888e96cfe726782458844e109fbe0b85c8', 2.05, '2020-05-19 03:50:56');
INSERT INTO Ticket VALUES(X'9b23db88945e1e028b6fad699543bd524dee206e16dc6c52b5c0c33b4694c370', 'a22705', 1, 0);
INSERT INTO Transaction VALUES('908332H42U764N878T', 'a22705', X'9b23db88945e1e028b6fad699543bd524dee206e16dc6c52b5c0c33b4694c370', 2.05, '2020-04-09 22:27:08');
INSERT INTO Ticket VALUES(X'e1c4a896913bdf59e6155125710ceef67716698f3f5d96b5901d7cbb5331a282', 'a61537', 1, 0);
INSERT INTO Transaction VALUES('O78L57276674068P06', 'a61537', X'e1c4a896913bdf59e6155125710ceef67716698f3f5d96b5901d7cbb5331a282', 2.05, '2020-06-02 02:11:46');
INSERT INTO Ticket VALUES(X'ae5b3939fb2502a1944f50de461053b6406aa3f800bb2ca31504a0ec5acdfe3c', 'a00759', 1, 0);
INSERT INTO Transaction VALUES('4JV56858833A611909', 'a00759', X'ae5b3939fb2502a1944f50de461053b6406aa3f800bb2ca31504a0ec5acdfe3c', 2.05, '2020-03-31 19:02:30');
INSERT INTO Ticket VALUES(X'bd001ab7697f50659ca1214e853f64507b7067cf7e0968ce8f2c2892dc9bcb34', 'a27668', 2, 0);
INSERT INTO Transaction VALUES('241040994O50439479', 'a27668', X'bd001ab7697f50659ca1214e853f64507b7067cf7e0968ce8f2c2892dc9bcb34', 2.7, '2020-05-27 14:10:39');
INSERT INTO Ticket VALUES(X'5286f457e99ed1a517100716137de2cb306f649ea233d35b841f1742f5b8419d', 'a04094', 1, 0);
INSERT INTO Transaction VALUES('8T474720831807E531', 'a04094', X'5286f457e99ed1a517100716137de2cb306f649ea233d35b841f1742f5b8419d', 2.05, '2020-06-14 19:36:04');
INSERT INTO Ticket VALUES(X'e03a3493b89dbf951f73787c464b2e68f05aad697520384d40c75a6dd184ad1d', 'a82539', 2, 0);
INSERT INTO Transaction VALUES('76985345154748M592', 'a82539', X'e03a3493b89dbf951f73787c464b2e68f05aad697520384d40c75a6dd184ad1d', 2.7, '2020-06-20 20:35:22');
INSERT INTO Ticket VALUES(X'32be320375a79ce9f6d8ac94f97c4604647af6a21ae99edad8f584012c322549', 'a20044', 2, 0);
INSERT INTO Transaction VALUES('913800H66879754714', 'a20044', X'32be320375a79ce9f6d8ac94f97c4604647af6a21ae99edad8f584012c322549', 2.7, '2020-03-31 03:41:28');
INSERT INTO Ticket VALUES(X'd0f8f9a5e36293cbaca4aa74afab4b74e1d10335f2ceefbfdc219c0abf8b2420', 'a33876', 2, 0);
INSERT INTO Transaction VALUES('457E816N7363724T31', 'a33876', X'd0f8f9a5e36293cbaca4aa74afab4b74e1d10335f2ceefbfdc219c0abf8b2420', 2.7, '2020-06-02 14:24:54');
INSERT INTO Ticket VALUES(X'93d240a2171bcd880966416f297e4302cd40e02d66196ad66e5826ad114cb1d2', 'a21855', 1, 0);
INSERT INTO Transaction VALUES('67490417546B145003', 'a21855', X'93d240a2171bcd880966416f297e4302cd40e02d66196ad66e5826ad114cb1d2', 2.05, '2020-06-28 09:54:09');
INSERT INTO Ticket VALUES(X'9c518d97b8aa530cfe14d9c5b30705013f7f6db470d3b23129f694578a405b12', 'a27668', 1, 0);
INSERT INTO Transaction VALUES('806372521528908235', 'a27668', X'9c518d97b8aa530cfe14d9c5b30705013f7f6db470d3b23129f694578a405b12', 2.05, '2020-05-04 22:08:25');
INSERT INTO Ticket VALUES(X'504638dd541ed73957a7e998058b37df8ac5fc7ac6661b8bc7400797b7e46582', 'a46982', 2, 0);
INSERT INTO Transaction VALUES('58980M6989954030A8', 'a46982', X'504638dd541ed73957a7e998058b37df8ac5fc7ac6661b8bc7400797b7e46582', 2.7, '2020-06-06 19:08:43');
INSERT INTO Ticket VALUES(X'dbd6c83144ccfb6fc3cf2c412a3ffdb64a8d5eee5a1e3f8eb7acd9fe05ede9f1', 'a95152', 2, 0);
INSERT INTO Transaction VALUES('5764H1426594QI3556', 'a95152', X'dbd6c83144ccfb6fc3cf2c412a3ffdb64a8d5eee5a1e3f8eb7acd9fe05ede9f1', 2.7, '2020-07-01 14:15:34');
INSERT INTO Ticket VALUES(X'4570c5be4b4697b838ae2381dd36cbed2e4518221a293c3b8da91936155cae82', 'a27360', 1, 0);
INSERT INTO Transaction VALUES('759606848FMT086733', 'a27360', X'4570c5be4b4697b838ae2381dd36cbed2e4518221a293c3b8da91936155cae82', 2.05, '2020-06-04 18:18:17');
INSERT INTO Ticket VALUES(X'570391f52c1b91713964d8346fe75c3402c958a4d2dce293ed62eb45a3d7d32f', 'a18700', 2, 0);
INSERT INTO Transaction VALUES('5K0987890361545976', 'a18700', X'570391f52c1b91713964d8346fe75c3402c958a4d2dce293ed62eb45a3d7d32f', 2.7, '2020-06-29 07:30:19');
INSERT INTO Ticket VALUES(X'a1902d0800be27ad467d4999d7ca7a91aa8b174a9126ffe9d8185541401b79a7', 'a43248', 1, 0);
INSERT INTO Transaction VALUES('7190740240511A5877', 'a43248', X'a1902d0800be27ad467d4999d7ca7a91aa8b174a9126ffe9d8185541401b79a7', 2.05, '2020-05-19 02:55:06');
INSERT INTO Ticket VALUES(X'3535501d96b1e61b51b883d24aeb159ce65a5e3438ca21ead4b474c2d7674eef', 'a50692', 2, 0);
INSERT INTO Transaction VALUES('0943161095SW64Q26D', 'a50692', X'3535501d96b1e61b51b883d24aeb159ce65a5e3438ca21ead4b474c2d7674eef', 2.7, '2020-04-25 04:40:53');
INSERT INTO Ticket VALUES(X'1018a0037bacc6816ba252e8aa7856348156f6ec90950075ec59ede4cf160776', 'a39615', 2, 0);
INSERT INTO Transaction VALUES('11281454G8616249H5', 'a39615', X'1018a0037bacc6816ba252e8aa7856348156f6ec90950075ec59ede4cf160776', 2.7, '2020-03-27 22:17:58');
INSERT INTO Ticket VALUES(X'e5a5697d5303afb7c19452c61ddca464e0e808fcb5dfa8c2fbe827fd5451f98f', 'a80899', 2, 0);
INSERT INTO Transaction VALUES('774451155763766159', 'a80899', X'e5a5697d5303afb7c19452c61ddca464e0e808fcb5dfa8c2fbe827fd5451f98f', 2.7, '2020-05-31 22:34:22');
INSERT INTO Ticket VALUES(X'8a049dddc4c49d6fdddcea8d6c7f8058e67eb42a3d2093aeacdbc1e5be2bf80b', 'a51754', 1, 0);
INSERT INTO Transaction VALUES('68197953189Y938405', 'a51754', X'8a049dddc4c49d6fdddcea8d6c7f8058e67eb42a3d2093aeacdbc1e5be2bf80b', 2.05, '2020-04-24 15:21:41');
INSERT INTO Ticket VALUES(X'c7b98d719bb526f1dad517b154e1d31bf3f39cb42ab32323c2305caa032f32c5', 'a54437', 2, 0);
INSERT INTO Transaction VALUES('75648150554V7602J4', 'a54437', X'c7b98d719bb526f1dad517b154e1d31bf3f39cb42ab32323c2305caa032f32c5', 2.7, '2020-03-27 16:44:38');
INSERT INTO Ticket VALUES(X'5cef1f0560b898a26c0af0d0117767acb9b791dd4cfd3f4a799476e5a2b77316', 'a25353', 1, 0);
INSERT INTO Transaction VALUES('03935523648T9041L8', 'a25353', X'5cef1f0560b898a26c0af0d0117767acb9b791dd4cfd3f4a799476e5a2b77316', 2.05, '2020-04-02 18:01:31');
INSERT INTO Ticket VALUES(X'ab2c926b8d6d31fddd55db254828726694f51806c369a550b661c0d99ad55a5a', 'a15225', 1, 0);
INSERT INTO Transaction VALUES('737541835371180184', 'a15225', X'ab2c926b8d6d31fddd55db254828726694f51806c369a550b661c0d99ad55a5a', 2.05, '2020-06-18 05:57:10');
INSERT INTO Ticket VALUES(X'e4a91c5601126cd3fdc2859a364758dc95efc6f955a5de244bbb1449304ea4c6', 'a12462', 2, 0);
INSERT INTO Transaction VALUES('7225650N7238239819', 'a12462', X'e4a91c5601126cd3fdc2859a364758dc95efc6f955a5de244bbb1449304ea4c6', 2.7, '2020-04-17 11:32:46');
INSERT INTO Ticket VALUES(X'cf1b6cf11f7871dd0ba3c198054c369d937797ed3f927c84149b8fd478f0ae7b', 'a86025', 2, 0);
INSERT INTO Transaction VALUES('85398L7J39L8KP3052', 'a86025', X'cf1b6cf11f7871dd0ba3c198054c369d937797ed3f927c84149b8fd478f0ae7b', 2.7, '2020-06-14 17:30:36');
INSERT INTO Ticket VALUES(X'0b365addbfbbf60f2c5a035c57471ae96bc69ac123cd869be7b5e721ebbbfb53', 'a61537', 1, 0);
INSERT INTO Transaction VALUES('710424735387C3H8V1', 'a61537', X'0b365addbfbbf60f2c5a035c57471ae96bc69ac123cd869be7b5e721ebbbfb53', 2.05, '2020-07-01 10:04:12');
INSERT INTO Ticket VALUES(X'4750a64ba00fda3466301b4102d6abdc4a75f2195546d8e5ca2fa511a92a0d25', 'a93012', 1, 0);
INSERT INTO Transaction VALUES('F100494116IF552604', 'a93012', X'4750a64ba00fda3466301b4102d6abdc4a75f2195546d8e5ca2fa511a92a0d25', 2.05, '2020-05-29 04:33:31');
INSERT INTO Ticket VALUES(X'3e100af294994a813464655c733353b866625ef26472615563b71f70b8b62ed4', 'a12867', 2, 0);
INSERT INTO Transaction VALUES('314307596845737994', 'a12867', X'3e100af294994a813464655c733353b866625ef26472615563b71f70b8b62ed4', 2.7, '2020-05-26 01:08:00');
INSERT INTO Ticket VALUES(X'c72b45fba35336c8edeab1b5ee8bfb61926de8a212a6d029286da2bd91afda7b', 'a12867', 2, 0);
INSERT INTO Transaction VALUES('702328632034714201', 'a12867', X'c72b45fba35336c8edeab1b5ee8bfb61926de8a212a6d029286da2bd91afda7b', 2.7, '2020-04-01 21:33:40');
INSERT INTO Ticket VALUES(X'3f355f74d6e7fc95057385a628d0b36097ee21c8a3674b122c6b97419ae282d8', 'a86788', 2, 0);
INSERT INTO Transaction VALUES('864179O4C70G804114', 'a86788', X'3f355f74d6e7fc95057385a628d0b36097ee21c8a3674b122c6b97419ae282d8', 2.7, '2020-05-26 14:40:14');
INSERT INTO Ticket VALUES(X'1d9ebb1474e0faf699f77e02d62a2c2c24c053bae1e56dc3c867169e27bfbf10', 'a00759', 2, 0);
INSERT INTO Transaction VALUES('74A757XH555260Y214', 'a00759', X'1d9ebb1474e0faf699f77e02d62a2c2c24c053bae1e56dc3c867169e27bfbf10', 2.7, '2020-06-22 00:53:10');
INSERT INTO Ticket VALUES(X'76874f71eaec2130f5b7d54f1146076d3165eeef9ea5636a5e7da0abad7ba252', 'a22705', 2, 0);
INSERT INTO Transaction VALUES('083444139849791132', 'a22705', X'76874f71eaec2130f5b7d54f1146076d3165eeef9ea5636a5e7da0abad7ba252', 2.7, '2020-03-27 12:49:20');
INSERT INTO Ticket VALUES(X'8e0185a2642b9fb5ac8360834b09764108a9401161192f9eb9d105e5f56f1f1d', 'a93451', 1, 0);
INSERT INTO Transaction VALUES('9580175P359I5938V5', 'a93451', X'8e0185a2642b9fb5ac8360834b09764108a9401161192f9eb9d105e5f56f1f1d', 2.05, '2020-04-24 22:49:31');
INSERT INTO Ticket VALUES(X'41b613e7d73c58ce32562c887918b10936a9f5e0e9403259f7d47911ce7b0e6a', 'a08585', 2, 0);
INSERT INTO Transaction VALUES('Z186N8682748491245', 'a08585', X'41b613e7d73c58ce32562c887918b10936a9f5e0e9403259f7d47911ce7b0e6a', 2.7, '2020-05-31 01:10:10');
INSERT INTO Ticket VALUES(X'e065492a2506a74aecfa7e4ef30c1dc3e14e0c5a57c35bdc2ef6d0891adae886', 'a79346', 1, 0);
INSERT INTO Transaction VALUES('12548697401G672A83', 'a79346', X'e065492a2506a74aecfa7e4ef30c1dc3e14e0c5a57c35bdc2ef6d0891adae886', 2.05, '2020-04-20 04:33:31');
INSERT INTO Ticket VALUES(X'396f0e83475856452da2a40e12d7cfa47e03f450cf7527076a6779bdfe4ecdd7', 'a62910', 2, 0);
INSERT INTO Transaction VALUES('614436847169415810', 'a62910', X'396f0e83475856452da2a40e12d7cfa47e03f450cf7527076a6779bdfe4ecdd7', 2.7, '2020-04-19 00:16:57');
INSERT INTO Ticket VALUES(X'b05742c2b19ea348b4c6034ac8b60697ac53bfb32b469d4bafd55e74960559f1', 'a62141', 1, 0);
INSERT INTO Transaction VALUES('62486A96F988E7U556', 'a62141', X'b05742c2b19ea348b4c6034ac8b60697ac53bfb32b469d4bafd55e74960559f1', 2.05, '2020-04-23 16:54:15');
INSERT INTO Ticket VALUES(X'6eddf991e0cdc10e5afc6ad5b2b8763c2b5fd3fa6d18f5b2b361733c387a2b3f', 'a93012', 1, 0);
INSERT INTO Transaction VALUES('033362561014018869', 'a93012', X'6eddf991e0cdc10e5afc6ad5b2b8763c2b5fd3fa6d18f5b2b361733c387a2b3f', 2.05, '2020-05-10 16:12:11');
INSERT INTO Ticket VALUES(X'c36c5a15e18288fc3e5ee6f8d993d15594a679c496b91a6b8868a8f5f0ef134d', 'a23468', 2, 0);
INSERT INTO Transaction VALUES('588347229760G1435P', 'a23468', X'c36c5a15e18288fc3e5ee6f8d993d15594a679c496b91a6b8868a8f5f0ef134d', 2.7, '2020-05-09 11:08:27');
INSERT INTO Ticket VALUES(X'915a1a5bf2078729748af6e4d93f4fe1acd3333d8c622256ab7db2f46e6858c5', 'a29258', 2, 0);
INSERT INTO Transaction VALUES('91563Q159461734U46', 'a29258', X'915a1a5bf2078729748af6e4d93f4fe1acd3333d8c622256ab7db2f46e6858c5', 2.7, '2020-07-01 20:57:41');
INSERT INTO Ticket VALUES(X'42f9ce682acca4aad574f242eb74eb7abd7f4e6043478f537c53ff8d0f805ec4', 'a61887', 1, 0);
INSERT INTO Transaction VALUES('624550205545059505', 'a61887', X'42f9ce682acca4aad574f242eb74eb7abd7f4e6043478f537c53ff8d0f805ec4', 2.05, '2020-06-10 09:32:36');
INSERT INTO Ticket VALUES(X'7d0466af7b2d7ea4aab1a3f4825cc27b2bb09266e4aca0368b33d7508db86550', 'a90730', 1, 0);
INSERT INTO Transaction VALUES('89ZJF2K81648315036', 'a90730', X'7d0466af7b2d7ea4aab1a3f4825cc27b2bb09266e4aca0368b33d7508db86550', 2.05, '2020-06-17 09:58:49');
INSERT INTO Ticket VALUES(X'413f0d6b18050ed789c7e5cb38a137092e8922c90c847e489b6d4316fd97ab52', 'a55528', 1, 0);
INSERT INTO Transaction VALUES('41Z751848711299460', 'a55528', X'413f0d6b18050ed789c7e5cb38a137092e8922c90c847e489b6d4316fd97ab52', 2.05, '2020-05-13 01:08:09');
INSERT INTO Ticket VALUES(X'5ed873e666f7922253be0214efd6837edfdd839e06276170524ed883ad342f2e', 'a20481', 2, 0);
INSERT INTO Transaction VALUES('X5F53464V610576341', 'a20481', X'5ed873e666f7922253be0214efd6837edfdd839e06276170524ed883ad342f2e', 2.7, '2020-04-06 16:16:23');
INSERT INTO Ticket VALUES(X'227a50c66c8611793bbc72571a31f270dee8b705251092bdd3f740369f003837', 'a55528', 1, 0);
INSERT INTO Transaction VALUES('0819825V1K9U789290', 'a55528', X'227a50c66c8611793bbc72571a31f270dee8b705251092bdd3f740369f003837', 2.05, '2020-06-29 10:14:33');
INSERT INTO Ticket VALUES(X'a4cded59a35bf0437b3cb05f64f7d21d3a1e0170d251d4a75f7d4b1a24791791', 'a37326', 1, 0);
INSERT INTO Transaction VALUES('S7100W902960506F2B', 'a37326', X'a4cded59a35bf0437b3cb05f64f7d21d3a1e0170d251d4a75f7d4b1a24791791', 2.05, '2020-04-07 03:24:48');
INSERT INTO Ticket VALUES(X'50c2f2a54a9f67d40cbc94061ca7251d6c16260256d6cfdedc88f226c2b2fa02', 'a00759', 1, 0);
INSERT INTO Transaction VALUES('W28822022679495065', 'a00759', X'50c2f2a54a9f67d40cbc94061ca7251d6c16260256d6cfdedc88f226c2b2fa02', 2.05, '2020-06-20 23:43:08');
INSERT INTO Ticket VALUES(X'b2a7f68c1f3f8d60b593fd2d07fa8b5e30a81e1a40b7837190b6bb9ee257da03', 'a85089', 1, 0);
INSERT INTO Transaction VALUES('793797943079J40828', 'a85089', X'b2a7f68c1f3f8d60b593fd2d07fa8b5e30a81e1a40b7837190b6bb9ee257da03', 2.05, '2020-05-24 17:02:01');
INSERT INTO Ticket VALUES(X'1deddcf0f6dd0d67aa30b1daf96a40750e7ed173b13caba067a0e45b16d77c98', 'a66484', 1, 0);
INSERT INTO Transaction VALUES('19401H115925988824', 'a66484', X'1deddcf0f6dd0d67aa30b1daf96a40750e7ed173b13caba067a0e45b16d77c98', 2.05, '2020-04-07 12:09:32');
INSERT INTO Ticket VALUES(X'041e27864046f5357b11b59f577698d7ec6b7ff7f14c5b43bb33c8430be5da70', 'a50692', 1, 0);
INSERT INTO Transaction VALUES('687M828685Q1703895', 'a50692', X'041e27864046f5357b11b59f577698d7ec6b7ff7f14c5b43bb33c8430be5da70', 2.05, '2020-04-03 20:37:15');
INSERT INTO Ticket VALUES(X'2322effc4c021694d9696bc60001e487a556e151423ecae28ff8f12c30eab063', 'a27360', 2, 0);
INSERT INTO Transaction VALUES('013350545614051611', 'a27360', X'2322effc4c021694d9696bc60001e487a556e151423ecae28ff8f12c30eab063', 2.7, '2020-05-14 12:20:00');
INSERT INTO Ticket VALUES(X'ee334e938c59c2bb8c54714c8e8a15defbed0f69148602e7cd1296f0679ecfab', 'a79863', 1, 0);
INSERT INTO Transaction VALUES('5Y8944601326643Y9C', 'a79863', X'ee334e938c59c2bb8c54714c8e8a15defbed0f69148602e7cd1296f0679ecfab', 2.05, '2020-05-31 08:20:17');
INSERT INTO Ticket VALUES(X'9356065e7a4e840f1fd0d3e80f19a17345d9cd1bfcb5657e237475792b1775a1', 'a12462', 2, 0);
INSERT INTO Transaction VALUES('827348709487754966', 'a12462', X'9356065e7a4e840f1fd0d3e80f19a17345d9cd1bfcb5657e237475792b1775a1', 2.7, '2020-06-06 05:36:12');
INSERT INTO Ticket VALUES(X'aec13232d5ad905230e8ad0c449b8264aaba7ae699c799a0b46ff45d69a4e63f', 'a57258', 1, 0);
INSERT INTO Transaction VALUES('5797P75Z85061072C2', 'a57258', X'aec13232d5ad905230e8ad0c449b8264aaba7ae699c799a0b46ff45d69a4e63f', 2.05, '2020-06-02 10:05:45');
INSERT INTO Ticket VALUES(X'cbe5e15169bcb362e16100c50c000538b91ebea1829da0a9ada2543029a58d00', 'a62910', 1, 0);
INSERT INTO Transaction VALUES('532357988U72372744', 'a62910', X'cbe5e15169bcb362e16100c50c000538b91ebea1829da0a9ada2543029a58d00', 2.05, '2020-05-19 06:08:14');
INSERT INTO Ticket VALUES(X'1b6840f83ca4ad6c245d142a7f676dd5b9652676c19fd20fdc3ce5c343e25cc4', 'a95152', 1, 0);
INSERT INTO Transaction VALUES('028B854Y0901953382', 'a95152', X'1b6840f83ca4ad6c245d142a7f676dd5b9652676c19fd20fdc3ce5c343e25cc4', 2.05, '2020-06-09 14:37:00');
INSERT INTO Ticket VALUES(X'd17bc5d12c7b66d749f235153da03e5ac1475f1b3e011c8e7a758a3fc5706613', 'a00286', 2, 0);
INSERT INTO Transaction VALUES('527746024653761P43', 'a00286', X'd17bc5d12c7b66d749f235153da03e5ac1475f1b3e011c8e7a758a3fc5706613', 2.7, '2020-04-20 05:17:41');
INSERT INTO Ticket VALUES(X'bb4d8791c7b150fe8c05d7e82ea4a4aa0478f7b73ec4494008d09bf465e8060d', 'a20481', 2, 0);
INSERT INTO Transaction VALUES('24719T32945P666L72', 'a20481', X'bb4d8791c7b150fe8c05d7e82ea4a4aa0478f7b73ec4494008d09bf465e8060d', 2.7, '2020-05-24 21:32:16');
INSERT INTO Ticket VALUES(X'defad4014f2c38d1ac6a333e8f3a8b0c686d64eef78d822c9db73c05ed6cc465', 'a75124', 2, 0);
INSERT INTO Transaction VALUES('571799334600648751', 'a75124', X'defad4014f2c38d1ac6a333e8f3a8b0c686d64eef78d822c9db73c05ed6cc465', 2.7, '2020-03-31 04:43:34');
INSERT INTO Ticket VALUES(X'9ff6785e9c3ad2f8cd00fdbf521e84ba0cd0a73e980cdc9e0c062d28caf77314', 'a12154', 1, 0);
INSERT INTO Transaction VALUES('6392838673I228038B', 'a12154', X'9ff6785e9c3ad2f8cd00fdbf521e84ba0cd0a73e980cdc9e0c062d28caf77314', 2.05, '2020-06-30 20:06:47');
INSERT INTO Ticket VALUES(X'fe811e0315f88dae7610cbdc14d2fdb2ae3b724e3d7acbe2263bf4183927411b', 'a39615', 2, 0);
INSERT INTO Transaction VALUES('052722475587763831', 'a39615', X'fe811e0315f88dae7610cbdc14d2fdb2ae3b724e3d7acbe2263bf4183927411b', 2.7, '2020-04-03 11:58:01');
INSERT INTO Ticket VALUES(X'27bb017f3ad1ec65d0ccd17dc764a8996e054dc7c07c6683fb391622abbb138c', 'a16297', 1, 0);
INSERT INTO Transaction VALUES('15820121614637RK69', 'a16297', X'27bb017f3ad1ec65d0ccd17dc764a8996e054dc7c07c6683fb391622abbb138c', 2.05, '2020-06-08 09:10:17');
INSERT INTO Ticket VALUES(X'd48a4d6a72fb671940fd6d43e9675c857b66929f35881df4ae4ecb1c419477c0', 'a91123', 1, 0);
INSERT INTO Transaction VALUES('J6V8A226393141X9R8', 'a91123', X'd48a4d6a72fb671940fd6d43e9675c857b66929f35881df4ae4ecb1c419477c0', 2.05, '2020-05-21 00:05:41');
INSERT INTO Ticket VALUES(X'e65ae9e3bd13a476b1b9b4072c217ff7114dc973bf218a1c1bbd1bd092834c6f', 'a93012', 2, 0);
INSERT INTO Transaction VALUES('11918984002G327812', 'a93012', X'e65ae9e3bd13a476b1b9b4072c217ff7114dc973bf218a1c1bbd1bd092834c6f', 2.7, '2020-04-23 20:09:35');
INSERT INTO Ticket VALUES(X'b81350afa8e90fa80cbd003a05018791d9d406dd05e5e9656499ac9dbee5f508', 'a39615', 1, 0);
INSERT INTO Transaction VALUES('437648854749972602', 'a39615', X'b81350afa8e90fa80cbd003a05018791d9d406dd05e5e9656499ac9dbee5f508', 2.05, '2020-04-11 14:45:09');
INSERT INTO Ticket VALUES(X'9f1f9f99a6259c37651916927b9e4087e30e2944eba9dd76fb927c9569224e03', 'a07408', 1, 0);
INSERT INTO Transaction VALUES('3H74779487301R1988', 'a07408', X'9f1f9f99a6259c37651916927b9e4087e30e2944eba9dd76fb927c9569224e03', 2.05, '2020-04-03 08:55:35');
INSERT INTO Ticket VALUES(X'35a7e9c8173f1becee316ef49a8a3a710d5397080421cd83624ffbaab699ac4a', 'a98435', 1, 0);
INSERT INTO Transaction VALUES('929349437B56914195', 'a98435', X'35a7e9c8173f1becee316ef49a8a3a710d5397080421cd83624ffbaab699ac4a', 2.05, '2020-06-23 06:03:47');
INSERT INTO Ticket VALUES(X'1054642ec78561dedeb22c9972918e0c83618e427c8d69103436a642bfa75a7a', 'a96704', 1, 0);
INSERT INTO Transaction VALUES('9582623922251Y0657', 'a96704', X'1054642ec78561dedeb22c9972918e0c83618e427c8d69103436a642bfa75a7a', 2.05, '2020-04-21 23:25:45');
INSERT INTO Ticket VALUES(X'b317e86c844383f3c55d4de971139a48befa27b51e5a3145b83442ce8e1c9a8f', 'a37326', 1, 0);
INSERT INTO Transaction VALUES('Y77645240746855858', 'a37326', X'b317e86c844383f3c55d4de971139a48befa27b51e5a3145b83442ce8e1c9a8f', 2.05, '2020-03-26 13:37:16');
INSERT INTO Ticket VALUES(X'1c490c1b99809068e2188ef55e5b156cb2330fb13c41e2292a34f0fc2eb023d2', 'a67736', 1, 0);
INSERT INTO Transaction VALUES('64V22P521599330356', 'a67736', X'1c490c1b99809068e2188ef55e5b156cb2330fb13c41e2292a34f0fc2eb023d2', 2.05, '2020-06-05 21:28:31');
INSERT INTO Ticket VALUES(X'd7037c4c5c5fd4a20bc31300d5978f2ac2223ed7888fb41ae7ecf51511e2987e', 'a50784', 1, 0);
INSERT INTO Transaction VALUES('25964Y878251553017', 'a50784', X'd7037c4c5c5fd4a20bc31300d5978f2ac2223ed7888fb41ae7ecf51511e2987e', 2.05, '2020-06-15 18:12:45');
INSERT INTO Ticket VALUES(X'abb3a1ad8bfe49a5a49ba9e6dd0a737e5a17b1594b0c8e86f11436793861540c', 'a99616', 2, 0);
INSERT INTO Transaction VALUES('R11684262251727693', 'a99616', X'abb3a1ad8bfe49a5a49ba9e6dd0a737e5a17b1594b0c8e86f11436793861540c', 2.7, '2020-05-02 10:53:11');
INSERT INTO Ticket VALUES(X'f7ddef80635fa7d49de9d48585d336020568b5433d1fc9e47c1e847c0d0f4c6d', 'a44839', 2, 0);
INSERT INTO Transaction VALUES('S87495076606157023', 'a44839', X'f7ddef80635fa7d49de9d48585d336020568b5433d1fc9e47c1e847c0d0f4c6d', 2.7, '2020-04-26 03:24:29');
INSERT INTO Ticket VALUES(X'fd71365df2f47b4aa5ec35caff7f8351a28e6381e09a4b0c41271cbf9c550373', 'a00759', 2, 0);
INSERT INTO Transaction VALUES('65461W585885869739', 'a00759', X'fd71365df2f47b4aa5ec35caff7f8351a28e6381e09a4b0c41271cbf9c550373', 2.7, '2020-05-17 14:14:38');
INSERT INTO Ticket VALUES(X'590d73d4565d035d7b7d41d38cffe56504b81ac55c25ceff17dc9a7cba28201c', 'a12867', 2, 0);
INSERT INTO Transaction VALUES('Y860113M7350330539', 'a12867', X'590d73d4565d035d7b7d41d38cffe56504b81ac55c25ceff17dc9a7cba28201c', 2.7, '2020-05-20 01:43:27');
INSERT INTO Ticket VALUES(X'7d2675409ce2fb2f776b6ea88dcee6afd71cb456c5e082c5bc329c6728630957', 'a38536', 2, 0);
INSERT INTO Transaction VALUES('67VW14023U1715H418', 'a38536', X'7d2675409ce2fb2f776b6ea88dcee6afd71cb456c5e082c5bc329c6728630957', 2.7, '2020-05-14 18:00:28');
INSERT INTO Ticket VALUES(X'441befe02e397e52599434665a9ed265e584c5d2ef231d9bd299b2e3e918fd3c', 'a23468', 2, 0);
INSERT INTO Transaction VALUES('33958638340R182400', 'a23468', X'441befe02e397e52599434665a9ed265e584c5d2ef231d9bd299b2e3e918fd3c', 2.7, '2020-06-05 00:16:58');
INSERT INTO Ticket VALUES(X'2a6d729f29a74d7b2498921c91f99e93fbc69d9081cdb55084bffb1f362a7d1b', 'a46982', 1, 0);
INSERT INTO Transaction VALUES('359882P596622842K9', 'a46982', X'2a6d729f29a74d7b2498921c91f99e93fbc69d9081cdb55084bffb1f362a7d1b', 2.05, '2020-06-25 10:24:28');
INSERT INTO Ticket VALUES(X'02899de9abc9b998506622aa240fa1162a705cff3de5469daf0bb0183f3578d8', 'a53258', 2, 0);
INSERT INTO Transaction VALUES('30E650ZP72725R131R', 'a53258', X'02899de9abc9b998506622aa240fa1162a705cff3de5469daf0bb0183f3578d8', 2.7, '2020-06-10 08:41:55');
INSERT INTO Ticket VALUES(X'8ac1bdd16237b6645f940d3cc914a28b1fa62bb8ee77c979068706293e540cda', 'a72926', 2, 0);
INSERT INTO Transaction VALUES('75Q37894568D993132', 'a72926', X'8ac1bdd16237b6645f940d3cc914a28b1fa62bb8ee77c979068706293e540cda', 2.7, '2020-04-25 23:14:20');
INSERT INTO Ticket VALUES(X'fba0ee18ffeadfc65c01a5149462c242e85a09c83de37b79e167bac0c7a306e1', 'a79790', 1, 0);
INSERT INTO Transaction VALUES('G37233363476981469', 'a79790', X'fba0ee18ffeadfc65c01a5149462c242e85a09c83de37b79e167bac0c7a306e1', 2.05, '2020-05-15 02:43:11');
INSERT INTO Ticket VALUES(X'7eca6221a6b5f10824d71e019515f0c561e4456f76525d39864bcd8c5e7baf8f', 'a12248', 1, 0);
INSERT INTO Transaction VALUES('21U1S7043279665629', 'a12248', X'7eca6221a6b5f10824d71e019515f0c561e4456f76525d39864bcd8c5e7baf8f', 2.05, '2020-06-26 17:43:46');
INSERT INTO Ticket VALUES(X'b576211ba6178fde6af16c1b83d5b60393c4f2ececab90e340d20e0f0db24c1e', 'a22705', 1, 0);
INSERT INTO Transaction VALUES('5YE36547048W054803', 'a22705', X'b576211ba6178fde6af16c1b83d5b60393c4f2ececab90e340d20e0f0db24c1e', 2.05, '2020-04-09 03:38:47');
INSERT INTO Ticket VALUES(X'051832b398b783c0600b7f181f530676af6bed815c62826a6d0806edb3b6aff9', 'a79863', 1, 0);
INSERT INTO Transaction VALUES('82E790E0303294IA36', 'a79863', X'051832b398b783c0600b7f181f530676af6bed815c62826a6d0806edb3b6aff9', 2.05, '2020-05-15 23:26:46');
INSERT INTO Ticket VALUES(X'dc26984814df458c4295a04ba6cec600c4253e47adee7bac767339e6ebe28881', 'a61887', 2, 0);
INSERT INTO Transaction VALUES('520873788154974654', 'a61887', X'dc26984814df458c4295a04ba6cec600c4253e47adee7bac767339e6ebe28881', 2.7, '2020-04-20 05:50:17');
INSERT INTO Ticket VALUES(X'ae29336b3b87f765c09928dd076a33596871d14e56b77eb4bced2fbdbba8d277', 'a49426', 1, 0);
INSERT INTO Transaction VALUES('127Y3Y231926087641', 'a49426', X'ae29336b3b87f765c09928dd076a33596871d14e56b77eb4bced2fbdbba8d277', 2.05, '2020-03-26 02:57:52');
INSERT INTO Ticket VALUES(X'f39e6873a9331bd994213d0912af0b777824a0e531b35d401d564f0c32a02d1b', 'a79346', 1, 0);
INSERT INTO Transaction VALUES('5881369U3933159324', 'a79346', X'f39e6873a9331bd994213d0912af0b777824a0e531b35d401d564f0c32a02d1b', 2.05, '2020-07-01 02:59:43');
INSERT INTO Ticket VALUES(X'24deb882d659ce406e22bb75b76286a6203b788eebc40d77c30f084e15244739', 'a69149', 2, 0);
INSERT INTO Transaction VALUES('6271949125007C17T3', 'a69149', X'24deb882d659ce406e22bb75b76286a6203b788eebc40d77c30f084e15244739', 2.7, '2020-04-23 06:29:56');
INSERT INTO Ticket VALUES(X'f8cab5247262f83687583178e425d5ccba31ca5ae32314e5b6d3470a75a77263', 'a75124', 2, 0);
INSERT INTO Transaction VALUES('4727074828728382B0', 'a75124', X'f8cab5247262f83687583178e425d5ccba31ca5ae32314e5b6d3470a75a77263', 2.7, '2020-05-22 03:36:09');
INSERT INTO Ticket VALUES(X'de370dc733924c7b61fb4ad0ac1e52fe11ba5b4ee062f6970dfcb73a97898220', 'a18099', 2, 0);
INSERT INTO Transaction VALUES('58J755120004R24582', 'a18099', X'de370dc733924c7b61fb4ad0ac1e52fe11ba5b4ee062f6970dfcb73a97898220', 2.7, '2020-07-01 21:03:59');
INSERT INTO Ticket VALUES(X'9d231bbc3a7fc8b79d86def363b9892894028f24fa5b85c1d03c58378e481c27', 'a16297', 1, 0);
INSERT INTO Transaction VALUES('598495035215577333', 'a16297', X'9d231bbc3a7fc8b79d86def363b9892894028f24fa5b85c1d03c58378e481c27', 2.05, '2020-06-13 09:45:18');
INSERT INTO Ticket VALUES(X'b69819508404dc113d8a7ad3be8b898f08d8c0692cf48922c221808117850e8c', 'a90730', 2, 0);
INSERT INTO Transaction VALUES('549684929411M94827', 'a90730', X'b69819508404dc113d8a7ad3be8b898f08d8c0692cf48922c221808117850e8c', 2.7, '2020-05-08 03:38:33');
INSERT INTO Ticket VALUES(X'6fe73fa1d5fdcdb39206b8920abb726fe138740027bca0fdc3221693ec003c52', 'a54437', 2, 0);
INSERT INTO Transaction VALUES('6637532328X1555865', 'a54437', X'6fe73fa1d5fdcdb39206b8920abb726fe138740027bca0fdc3221693ec003c52', 2.7, '2020-05-16 14:27:33');
INSERT INTO Ticket VALUES(X'a466f29a65f6a66224ca252850b9976904b56ec4fa625a53b79fe114f47576bd', 'a87514', 1, 0);
INSERT INTO Transaction VALUES('4739536S291NB582P6', 'a87514', X'a466f29a65f6a66224ca252850b9976904b56ec4fa625a53b79fe114f47576bd', 2.05, '2020-05-21 07:25:30');
INSERT INTO Ticket VALUES(X'8509c923f65d31a5b7e7259fbca63a70b8c354ff358a84d23058c964412e8b53', 'a99616', 1, 0);
INSERT INTO Transaction VALUES('0C5187571695202690', 'a99616', X'8509c923f65d31a5b7e7259fbca63a70b8c354ff358a84d23058c964412e8b53', 2.05, '2020-04-18 00:11:28');
INSERT INTO Ticket VALUES(X'a44f84101107c4815bc7f5ce8672650d1f9d481ae69129700c26bb978536487f', 'a46769', 1, 0);
INSERT INTO Transaction VALUES('247888317T652279E0', 'a46769', X'a44f84101107c4815bc7f5ce8672650d1f9d481ae69129700c26bb978536487f', 2.05, '2020-05-05 01:40:28');
INSERT INTO Ticket VALUES(X'070bb52e20b4fab53c4577255d1340434717469bc0b69d8dede1b6001eb7e27d', 'a36731', 1, 0);
INSERT INTO Transaction VALUES('1B980652096227077F', 'a36731', X'070bb52e20b4fab53c4577255d1340434717469bc0b69d8dede1b6001eb7e27d', 2.05, '2020-05-31 17:39:05');
INSERT INTO Ticket VALUES(X'762fea927c9e9e983019d691ff4b00f80246e2778b9619bfc82de1818d0f0b38', 'a00286', 2, 0);
INSERT INTO Transaction VALUES('17J846773087328484', 'a00286', X'762fea927c9e9e983019d691ff4b00f80246e2778b9619bfc82de1818d0f0b38', 2.7, '2020-05-09 05:35:28');
INSERT INTO Ticket VALUES(X'ba8b21706a12aadb82c0d00cba138614d0cd0ec8c954f84a3332aaeadbed95b4', 'a90978', 1, 0);
INSERT INTO Transaction VALUES('U53258151370394167', 'a90978', X'ba8b21706a12aadb82c0d00cba138614d0cd0ec8c954f84a3332aaeadbed95b4', 2.05, '2020-06-09 20:53:37');
INSERT INTO Ticket VALUES(X'ac420ad210cf4893a2c1d73df8b57ce6ba22f6fb07bbc5e0718fd0c796692bde', 'a51166', 2, 0);
INSERT INTO Transaction VALUES('997H48140492069908', 'a51166', X'ac420ad210cf4893a2c1d73df8b57ce6ba22f6fb07bbc5e0718fd0c796692bde', 2.7, '2020-06-09 23:16:10');
INSERT INTO Ticket VALUES(X'7e34f3bc375f229186aec41995c34741184875e83b93bcf1d41b0a498882b4da', 'a62910', 1, 0);
INSERT INTO Transaction VALUES('2592269350F450127C', 'a62910', X'7e34f3bc375f229186aec41995c34741184875e83b93bcf1d41b0a498882b4da', 2.05, '2020-05-21 10:49:22');
INSERT INTO Ticket VALUES(X'3eb54096b2161b53390e75c2fd7c65fb14f7192a5f5a518c4b9069f627133cdd', 'a46736', 2, 0);
INSERT INTO Transaction VALUES('768476522063678567', 'a46736', X'3eb54096b2161b53390e75c2fd7c65fb14f7192a5f5a518c4b9069f627133cdd', 2.7, '2020-06-13 07:34:51');
INSERT INTO Ticket VALUES(X'29832144e65e8c1753b5ca1fce56c59c564bff9c5fd774a8476d418c810fcd68', 'a12248', 2, 0);
INSERT INTO Transaction VALUES('16823122564333839B', 'a12248', X'29832144e65e8c1753b5ca1fce56c59c564bff9c5fd774a8476d418c810fcd68', 2.7, '2020-04-05 09:19:19');
INSERT INTO Ticket VALUES(X'7f22be9a4c4e2b11feedf20541095e6ad2f5ceaa323fd3791da8b322dd063a62', 'a86968', 1, 0);
INSERT INTO Transaction VALUES('7047339709Y4R5X313', 'a86968', X'7f22be9a4c4e2b11feedf20541095e6ad2f5ceaa323fd3791da8b322dd063a62', 2.05, '2020-06-28 14:00:51');
INSERT INTO Ticket VALUES(X'207dfca4aeea91861da48492eebe85c0cea3db4d3a89f4e10e2b55a98278a94e', 'a27668', 2, 0);
INSERT INTO Transaction VALUES('54660536R3583W1571', 'a27668', X'207dfca4aeea91861da48492eebe85c0cea3db4d3a89f4e10e2b55a98278a94e', 2.7, '2020-06-02 13:15:18');
INSERT INTO Ticket VALUES(X'2dd23b79e6e379922811f880479d16259144e4b49dae0a1472c7af564354d54f', 'a07408', 2, 0);
INSERT INTO Transaction VALUES('ES0867C83800TY2552', 'a07408', X'2dd23b79e6e379922811f880479d16259144e4b49dae0a1472c7af564354d54f', 2.7, '2020-03-31 15:13:02');
INSERT INTO Ticket VALUES(X'b2914a69c969da67b62afe7b0143e246a9b3a0c9fcbb92920afa44eee09b8461', 'a49426', 1, 0);
INSERT INTO Transaction VALUES('66753803588O298037', 'a49426', X'b2914a69c969da67b62afe7b0143e246a9b3a0c9fcbb92920afa44eee09b8461', 2.05, '2020-04-17 03:36:54');
INSERT INTO Ticket VALUES(X'e2da7039c2c20359924292a68488b7c40806fffbb39894864bc182d29d081e5d', 'a85089', 2, 0);
INSERT INTO Transaction VALUES('833855351936548858', 'a85089', X'e2da7039c2c20359924292a68488b7c40806fffbb39894864bc182d29d081e5d', 2.7, '2020-06-30 01:04:56');
INSERT INTO Ticket VALUES(X'dfd729671716cf0a5e06bee0948c950f880adddf6145f37cdf00a49cc6baff78', 'a81633', 1, 0);
INSERT INTO Transaction VALUES('3111740KGGS4392891', 'a81633', X'dfd729671716cf0a5e06bee0948c950f880adddf6145f37cdf00a49cc6baff78', 2.05, '2020-06-29 00:26:22');
INSERT INTO Ticket VALUES(X'9a9dc5a277c6f63af0b63dbc476cb860f06d9bb84f2ad2b61dffbd580dff2039', 'a91123', 1, 0);
INSERT INTO Transaction VALUES('7193217Q0432D84289', 'a91123', X'9a9dc5a277c6f63af0b63dbc476cb860f06d9bb84f2ad2b61dffbd580dff2039', 2.05, '2020-04-07 07:05:02');
INSERT INTO Ticket VALUES(X'87b045c48aac2d07eab85f39317e4b83570a6b77af62790f8d5ea382fda2a72d', 'a27668', 1, 0);
INSERT INTO Transaction VALUES('99G6676M54562B398O', 'a27668', X'87b045c48aac2d07eab85f39317e4b83570a6b77af62790f8d5ea382fda2a72d', 2.05, '2020-04-11 09:37:52');
INSERT INTO Ticket VALUES(X'92b0a02a4dc20888519ef4e5d7724a895fdc4dceb2b3013bcc0cd39e787c47da', 'a12154', 2, 0);
INSERT INTO Transaction VALUES('G53774041787970911', 'a12154', X'92b0a02a4dc20888519ef4e5d7724a895fdc4dceb2b3013bcc0cd39e787c47da', 2.7, '2020-03-26 19:40:40');
INSERT INTO Ticket VALUES(X'f3f1cb23d44bc1a5625e2f84d6dd3f914ed9f1462f3f85caecf80a821e009892', 'a93451', 2, 0);
INSERT INTO Transaction VALUES('21253239475871T611', 'a93451', X'f3f1cb23d44bc1a5625e2f84d6dd3f914ed9f1462f3f85caecf80a821e009892', 2.7, '2020-04-07 09:16:03');
INSERT INTO Ticket VALUES(X'67a7bd840114f2f6e353d7b84f44e06d6fc3d232c0a8f529788c9b9680a95e29', 'a28488', 2, 0);
INSERT INTO Transaction VALUES('62062751037A145471', 'a28488', X'67a7bd840114f2f6e353d7b84f44e06d6fc3d232c0a8f529788c9b9680a95e29', 2.7, '2020-04-20 11:52:35');
INSERT INTO Ticket VALUES(X'fa95bc6879df375aa89b7aca98d637a634f63b754937040fa1de960a45451a20', 'a72926', 2, 0);
INSERT INTO Transaction VALUES('449041366104371791', 'a72926', X'fa95bc6879df375aa89b7aca98d637a634f63b754937040fa1de960a45451a20', 2.7, '2020-05-01 21:48:12');
INSERT INTO Ticket VALUES(X'5cfc742fa3221d5f7db4eb549f4e72807588059a3d01187d261a9ca71e619671', 'a73073', 1, 0);
INSERT INTO Transaction VALUES('3B2669585M33574180', 'a73073', X'5cfc742fa3221d5f7db4eb549f4e72807588059a3d01187d261a9ca71e619671', 2.05, '2020-06-18 06:42:42');
INSERT INTO Ticket VALUES(X'a1828b4780bb5d9f59791fe7ff581323f9e94fc62da9f6fd818cb04112664e8b', 'a36731', 2, 0);
INSERT INTO Transaction VALUES('989N28851209570J48', 'a36731', X'a1828b4780bb5d9f59791fe7ff581323f9e94fc62da9f6fd818cb04112664e8b', 2.7, '2020-04-30 17:27:45');
INSERT INTO Ticket VALUES(X'ac9dcad7a680e323359154622b2ad4713939d41409a6ea620b7efacaa745dd8a', 'a38536', 2, 0);
INSERT INTO Transaction VALUES('109417200656251234', 'a38536', X'ac9dcad7a680e323359154622b2ad4713939d41409a6ea620b7efacaa745dd8a', 2.7, '2020-06-13 03:37:11');
INSERT INTO Ticket VALUES(X'a18c77be5d52a0b01842b080b2059690ce851b5afd76872cd2f757aeeb549cba', 'a29258', 2, 0);
INSERT INTO Transaction VALUES('9380218358432358X4', 'a29258', X'a18c77be5d52a0b01842b080b2059690ce851b5afd76872cd2f757aeeb549cba', 2.7, '2020-05-16 09:40:41');
INSERT INTO Ticket VALUES(X'a0710eeda8db97d27f9bd276619ae0fe7d75249750f410f5b2ac2fb61bde986a', 'a72926', 1, 0);
INSERT INTO Transaction VALUES('590619776729985560', 'a72926', X'a0710eeda8db97d27f9bd276619ae0fe7d75249750f410f5b2ac2fb61bde986a', 2.05, '2020-07-01 03:44:31');
INSERT INTO Ticket VALUES(X'd929dfcfb9064eef505e2872148c6393e87605d95806edc004784f335dd43735', 'a17359', 2, 0);
INSERT INTO Transaction VALUES('004432500221403482', 'a17359', X'd929dfcfb9064eef505e2872148c6393e87605d95806edc004784f335dd43735', 2.7, '2020-04-04 16:24:45');
INSERT INTO Ticket VALUES(X'8f0bec67626719bea1812b6a190defcde75289c94902816f785ab1859fb0d9ab', 'a18700', 1, 0);
INSERT INTO Transaction VALUES('919087601211912305', 'a18700', X'8f0bec67626719bea1812b6a190defcde75289c94902816f785ab1859fb0d9ab', 2.05, '2020-06-01 19:38:40');
INSERT INTO Ticket VALUES(X'ded744463fe887140ee6f80c6761d13edaff42a91c99bb0c7a81da2ad7a90da6', 'a73073', 1, 0);
INSERT INTO Transaction VALUES('426222667091773796', 'a73073', X'ded744463fe887140ee6f80c6761d13edaff42a91c99bb0c7a81da2ad7a90da6', 2.05, '2020-04-20 03:26:46');
INSERT INTO Ticket VALUES(X'41fcba2ef54a73ff2ede296daa35498c59460bfc965d59250ade27768eac31b0', 'a72926', 1, 0);
INSERT INTO Transaction VALUES('1T771563537156353U', 'a72926', X'41fcba2ef54a73ff2ede296daa35498c59460bfc965d59250ade27768eac31b0', 2.05, '2020-06-05 04:34:51');
INSERT INTO Ticket VALUES(X'6c401b0b2cb26285c27210b217840b88bc2654ff7114a336ec4996696a8ad456', 'a86788', 1, 0);
INSERT INTO Transaction VALUES('D203X230973696713F', 'a86788', X'6c401b0b2cb26285c27210b217840b88bc2654ff7114a336ec4996696a8ad456', 2.05, '2020-06-26 04:04:17');
INSERT INTO Ticket VALUES(X'66d2f7cec7344f6304cc3c861c20b9ec78c3735414df8de81d4fb70e7393a72c', 'a75258', 1, 0);
INSERT INTO Transaction VALUES('9N8336032322912685', 'a75258', X'66d2f7cec7344f6304cc3c861c20b9ec78c3735414df8de81d4fb70e7393a72c', 2.05, '2020-04-08 03:55:23');
INSERT INTO Ticket VALUES(X'7b9aa52a8c42531ff86e04e5ea4f3fbaa51c7fe2ba5aa634af2a2c5879ffd0c6', 'a08220', 2, 0);
INSERT INTO Transaction VALUES('4644H97850179UA8R3', 'a08220', X'7b9aa52a8c42531ff86e04e5ea4f3fbaa51c7fe2ba5aa634af2a2c5879ffd0c6', 2.7, '2020-05-18 06:32:39');
INSERT INTO Ticket VALUES(X'f66004f9c71b30fe18b073c69cbf756e442bc570edf54ea3ec4d9e40796ecbd7', 'a12867', 1, 0);
INSERT INTO Transaction VALUES('027137361339076803', 'a12867', X'f66004f9c71b30fe18b073c69cbf756e442bc570edf54ea3ec4d9e40796ecbd7', 2.05, '2020-05-08 06:01:04');
INSERT INTO Ticket VALUES(X'f4642baae42fceb3bf2dfca50b0f8515e55006e621262a2ab881ab2742a5697f', 'a00286', 1, 0);
INSERT INTO Transaction VALUES('86615S0729976D9613', 'a00286', X'f4642baae42fceb3bf2dfca50b0f8515e55006e621262a2ab881ab2742a5697f', 2.05, '2020-04-03 22:36:22');
INSERT INTO Ticket VALUES(X'0d8038e63599d442fcd5929bfb641cbba1caca41b703f26e1aea68b5a4e94d96', 'a79863', 2, 0);
INSERT INTO Transaction VALUES('06C947662925987515', 'a79863', X'0d8038e63599d442fcd5929bfb641cbba1caca41b703f26e1aea68b5a4e94d96', 2.7, '2020-05-16 04:55:38');
INSERT INTO Ticket VALUES(X'145a8ff63596d7fddb2d579ab960368e37c84a3283542223bb4792966a9857db', 'a12248', 2, 0);
INSERT INTO Transaction VALUES('54K08541485095S692', 'a12248', X'145a8ff63596d7fddb2d579ab960368e37c84a3283542223bb4792966a9857db', 2.7, '2020-04-30 03:09:49');
INSERT INTO Ticket VALUES(X'8daf13372c6306b556d4edf4dc99f5a05d3e209a0056390dc25d2f2a75cc04f2', 'a81593', 1, 0);
INSERT INTO Transaction VALUES('0S0995492150933541', 'a81593', X'8daf13372c6306b556d4edf4dc99f5a05d3e209a0056390dc25d2f2a75cc04f2', 2.05, '2020-04-11 02:09:42');
INSERT INTO Ticket VALUES(X'47b8d39d9997ff71d2da4c5377ae080662beb4fb329b14f80695b4ff76b8fc80', 'a81633', 1, 0);
INSERT INTO Transaction VALUES('4591IGE1099282I616', 'a81633', X'47b8d39d9997ff71d2da4c5377ae080662beb4fb329b14f80695b4ff76b8fc80', 2.05, '2020-06-15 09:11:39');
INSERT INTO Ticket VALUES(X'28d8095df7d8b6b45b61ea27534094f5bda09d65340d1be5c7d311d8f07a2afa', 'a81593', 2, 0);
INSERT INTO Transaction VALUES('314A1632799822V189', 'a81593', X'28d8095df7d8b6b45b61ea27534094f5bda09d65340d1be5c7d311d8f07a2afa', 2.7, '2020-05-23 11:39:31');
INSERT INTO Ticket VALUES(X'a92db2bb801e6417ef9bf856e4d89206c00bcc3794391a15c39e0a22e8dd9d0c', 'a12248', 1, 0);
INSERT INTO Transaction VALUES('675A80840017070411', 'a12248', X'a92db2bb801e6417ef9bf856e4d89206c00bcc3794391a15c39e0a22e8dd9d0c', 2.05, '2020-05-27 03:41:12');
INSERT INTO Ticket VALUES(X'e9821f0051d721ab4b8dc5f46511a1b37dfef673640fe09acee3837b044b0a02', 'a18700', 2, 0);
INSERT INTO Transaction VALUES('7441984H9590834225', 'a18700', X'e9821f0051d721ab4b8dc5f46511a1b37dfef673640fe09acee3837b044b0a02', 2.7, '2020-05-09 23:26:28');
INSERT INTO Ticket VALUES(X'bf892f7f8679599bbdf21a8996760015f04f5ad426c1bee4f5ef96297345d74a', 'a50692', 1, 0);
INSERT INTO Transaction VALUES('98657570A426232097', 'a50692', X'bf892f7f8679599bbdf21a8996760015f04f5ad426c1bee4f5ef96297345d74a', 2.05, '2020-04-27 23:57:26');
INSERT INTO Ticket VALUES(X'1e63d74057611844a9e9eb59c0c197ae07f5505d2f1957cec18b76185cebadc8', 'a50559', 2, 0);
INSERT INTO Transaction VALUES('52942468219W211947', 'a50559', X'1e63d74057611844a9e9eb59c0c197ae07f5505d2f1957cec18b76185cebadc8', 2.7, '2020-04-13 18:13:41');
INSERT INTO Ticket VALUES(X'23aab739c817826ce23f02dfef75902190d589b05f3639d3cc694b9f87faff12', 'a91123', 1, 0);
INSERT INTO Transaction VALUES('938616579786E45157', 'a91123', X'23aab739c817826ce23f02dfef75902190d589b05f3639d3cc694b9f87faff12', 2.05, '2020-05-14 02:06:53');
INSERT INTO Ticket VALUES(X'85bb06ad6cd65898baacad8a0c7cf422102020f477ab5fd0ba76ec19d732258f', 'a93012', 1, 0);
INSERT INTO Transaction VALUES('862598R6205291410C', 'a93012', X'85bb06ad6cd65898baacad8a0c7cf422102020f477ab5fd0ba76ec19d732258f', 2.05, '2020-06-29 00:08:13');
INSERT INTO Ticket VALUES(X'6974172faaedf7a6b8b5ed7ddacf70599e589589dc9cdcb3b4f30df5cb749cf8', 'a20481', 1, 0);
INSERT INTO Transaction VALUES('389166844093523003', 'a20481', X'6974172faaedf7a6b8b5ed7ddacf70599e589589dc9cdcb3b4f30df5cb749cf8', 2.05, '2020-07-01 23:54:56');
INSERT INTO Ticket VALUES(X'41eef575c77fb0fdf476275db02bc4f46bad3af4bfbef6c5c52b040e78cd9a60', 'a20481', 2, 0);
INSERT INTO Transaction VALUES('012706005659880332', 'a20481', X'41eef575c77fb0fdf476275db02bc4f46bad3af4bfbef6c5c52b040e78cd9a60', 2.7, '2020-05-21 05:57:13');
INSERT INTO Ticket VALUES(X'c0fdee33983e011f543a776c98f8c88237a6710397365b556b941aa8bbf11fe1', 'a07408', 1, 0);
INSERT INTO Transaction VALUES('876610966020290F21', 'a07408', X'c0fdee33983e011f543a776c98f8c88237a6710397365b556b941aa8bbf11fe1', 2.05, '2020-05-21 16:32:41');
INSERT INTO Ticket VALUES(X'c7fbcacf55247c457597c4a3a4a776e88d32fb53b6e9fcc5fcba3c9a1c5c9686', 'a66484', 1, 0);
INSERT INTO Transaction VALUES('0868390P7117583849', 'a66484', X'c7fbcacf55247c457597c4a3a4a776e88d32fb53b6e9fcc5fcba3c9a1c5c9686', 2.05, '2020-05-05 17:33:56');
INSERT INTO Ticket VALUES(X'46d33727f51f16fef8547069caa079ff2160b5eb7f68f927611cf84b0b63a773', 'a90730', 2, 0);
INSERT INTO Transaction VALUES('915737B28940168146', 'a90730', X'46d33727f51f16fef8547069caa079ff2160b5eb7f68f927611cf84b0b63a773', 2.7, '2020-03-26 17:31:45');
INSERT INTO Ticket VALUES(X'527c4376dfa92b15af39ac057a5b54232517297b4809c2e540365aac4eaafea1', 'a86517', 2, 0);
INSERT INTO Transaction VALUES('09R30G770341247U8G', 'a86517', X'527c4376dfa92b15af39ac057a5b54232517297b4809c2e540365aac4eaafea1', 2.7, '2020-06-11 16:39:35');
INSERT INTO Ticket VALUES(X'73b836d4e5a33331d62364a183e0c2ad865fc5581bbe2ba2927b48ab9d7f267c', 'a86788', 2, 0);
INSERT INTO Transaction VALUES('934V22133731913961', 'a86788', X'73b836d4e5a33331d62364a183e0c2ad865fc5581bbe2ba2927b48ab9d7f267c', 2.7, '2020-05-08 02:47:51');
INSERT INTO Ticket VALUES(X'43a63ca332b3efb30f96867638599f7628e142b4bff2ea403cde10498e514e74', 'a04176', 2, 0);
INSERT INTO Transaction VALUES('5U878058G011135858', 'a04176', X'43a63ca332b3efb30f96867638599f7628e142b4bff2ea403cde10498e514e74', 2.7, '2020-04-01 23:58:21');
INSERT INTO Ticket VALUES(X'1ffbf0daf6a1b6073e6bc2b1e38833a3827739127c86ced1597516f8b177bf54', 'a04094', 2, 0);
INSERT INTO Transaction VALUES('786B59U61596751352', 'a04094', X'1ffbf0daf6a1b6073e6bc2b1e38833a3827739127c86ced1597516f8b177bf54', 2.7, '2020-05-28 18:27:30');
INSERT INTO Ticket VALUES(X'1bb907912a5b1e9957417a631afae541e6f968e2c33dff444a966ed5c00dc832', 'a67736', 2, 0);
INSERT INTO Transaction VALUES('97318W570072627635', 'a67736', X'1bb907912a5b1e9957417a631afae541e6f968e2c33dff444a966ed5c00dc832', 2.7, '2020-04-16 05:31:55');
INSERT INTO Ticket VALUES(X'bea89c8c0b9b54150414852d259fc205d2d9e8de5baf360a6bbb62408bd97a15', 'a23468', 1, 0);
INSERT INTO Transaction VALUES('973207955730840583', 'a23468', X'bea89c8c0b9b54150414852d259fc205d2d9e8de5baf360a6bbb62408bd97a15', 2.05, '2020-05-12 15:58:45');
INSERT INTO Ticket VALUES(X'0444105c80b4e48235f9cf81ecf36888627829ef70b6408f3773812321170b04', 'a83006', 2, 0);
INSERT INTO Transaction VALUES('1838B94U631672R162', 'a83006', X'0444105c80b4e48235f9cf81ecf36888627829ef70b6408f3773812321170b04', 2.7, '2020-04-04 09:20:06');
INSERT INTO Ticket VALUES(X'f7baaba60e7c679350237144f68a11c6669ea5cfd3c14aeff1086e53d9f3b8ce', 'a35004', 1, 0);
INSERT INTO Transaction VALUES('5460547267985H2171', 'a35004', X'f7baaba60e7c679350237144f68a11c6669ea5cfd3c14aeff1086e53d9f3b8ce', 2.05, '2020-04-23 09:34:41');
INSERT INTO Ticket VALUES(X'8d6308e880a8ec0344e818910413e0e4a6a7b14251eb5c1bbaea3c12188c0c5f', 'a93012', 1, 0);
INSERT INTO Transaction VALUES('29697M581180263766', 'a93012', X'8d6308e880a8ec0344e818910413e0e4a6a7b14251eb5c1bbaea3c12188c0c5f', 2.05, '2020-05-09 12:02:51');
INSERT INTO Ticket VALUES(X'9dd4fd06eb5e446994a863c8dfe6d7a305ed0ae1be5a5fd36b66edf66dbe09b7', 'a17359', 1, 0);
INSERT INTO Transaction VALUES('0NP43E45LN96428791', 'a17359', X'9dd4fd06eb5e446994a863c8dfe6d7a305ed0ae1be5a5fd36b66edf66dbe09b7', 2.05, '2020-04-02 04:30:25');
INSERT INTO Ticket VALUES(X'101b0d8ac3434b3a23f247d3cd1cf8c05b0edc782b52b29917a496356f73b480', 'a18700', 2, 0);
INSERT INTO Transaction VALUES('3037296W9503572649', 'a18700', X'101b0d8ac3434b3a23f247d3cd1cf8c05b0edc782b52b29917a496356f73b480', 2.7, '2020-06-29 20:14:42');
INSERT INTO Ticket VALUES(X'551cdd26d5b2c3382ddd999ad56d43349ffac74167559d5f2bce42a15ef3b658', 'a87514', 1, 0);
INSERT INTO Transaction VALUES('524144853719402435', 'a87514', X'551cdd26d5b2c3382ddd999ad56d43349ffac74167559d5f2bce42a15ef3b658', 2.05, '2020-06-10 01:15:48');
INSERT INTO Ticket VALUES(X'169823e37d792121d3c7406481b8bfdfa24b14627ba9fcde8d831e410da5c8a8', 'a20044', 2, 0);
INSERT INTO Transaction VALUES('09138270C8X80S2444', 'a20044', X'169823e37d792121d3c7406481b8bfdfa24b14627ba9fcde8d831e410da5c8a8', 2.7, '2020-04-10 21:00:16');
INSERT INTO Ticket VALUES(X'243f429c11b1ee57e92b9f916bc7f2cf4b76b5cdcbd331b47dc5155f30cab2ed', 'a90978', 1, 0);
INSERT INTO Transaction VALUES('1620Z535001DL71006', 'a90978', X'243f429c11b1ee57e92b9f916bc7f2cf4b76b5cdcbd331b47dc5155f30cab2ed', 2.05, '2020-05-14 21:37:40');
INSERT INTO Ticket VALUES(X'535c878dd24e3b7c18389fc474c6de6dbb848077ea16a264b0ace8b432f5ebeb', 'a85089', 2, 0);
INSERT INTO Transaction VALUES('240497121560856984', 'a85089', X'535c878dd24e3b7c18389fc474c6de6dbb848077ea16a264b0ace8b432f5ebeb', 2.7, '2020-04-18 03:20:28');
INSERT INTO Ticket VALUES(X'4f52fb9a629850583ef5c395a1a35d0cdd0615d8451fceb91fb48b941d135543', 'a26053', 2, 0);
INSERT INTO Transaction VALUES('19IW92635163437846', 'a26053', X'4f52fb9a629850583ef5c395a1a35d0cdd0615d8451fceb91fb48b941d135543', 2.7, '2020-05-20 09:27:30');
INSERT INTO Ticket VALUES(X'c412166e7b8a629ce3f5fbe1ff28523eec002827bf0fe56a02f1448d02605196', 'a00759', 2, 0);
INSERT INTO Transaction VALUES('56C793172869554100', 'a00759', X'c412166e7b8a629ce3f5fbe1ff28523eec002827bf0fe56a02f1448d02605196', 2.7, '2020-04-29 07:54:53');
INSERT INTO Ticket VALUES(X'5f4be4971218e1ace7fb3a5257af60c7d684decd71637325dd420b2492ce247f', 'a46982', 1, 0);
INSERT INTO Transaction VALUES('373O80045189498964', 'a46982', X'5f4be4971218e1ace7fb3a5257af60c7d684decd71637325dd420b2492ce247f', 2.05, '2020-06-22 18:07:24');
INSERT INTO Ticket VALUES(X'093df22072c8181c34e02ad8a49b651ca5c8eb881559c0a227469c0061e46ad6', 'a39615', 2, 0);
INSERT INTO Transaction VALUES('0723K5962937732481', 'a39615', X'093df22072c8181c34e02ad8a49b651ca5c8eb881559c0a227469c0061e46ad6', 2.7, '2020-04-30 04:52:32');
INSERT INTO Ticket VALUES(X'adae29eceeef86f9234e345896bfeef6ef71180e9ae1510b56828462627cbad1', 'a75124', 2, 0);
INSERT INTO Transaction VALUES('4444N22391949118W4', 'a75124', X'adae29eceeef86f9234e345896bfeef6ef71180e9ae1510b56828462627cbad1', 2.7, '2020-05-24 01:31:59');
INSERT INTO Ticket VALUES(X'b30f934a592445b7b483cd13df5366342d6b69c1ce117459d9c590ed87921f00', 'a51166', 1, 0);
INSERT INTO Transaction VALUES('94396197H11U798969', 'a51166', X'b30f934a592445b7b483cd13df5366342d6b69c1ce117459d9c590ed87921f00', 2.05, '2020-05-24 23:51:12');
INSERT INTO Ticket VALUES(X'4d218e0c71cb55c09a2acf2f94a11480150444e69c4c15bc4d7beb21100e714a', 'a54437', 1, 0);
INSERT INTO Transaction VALUES('258681048YF1695059', 'a54437', X'4d218e0c71cb55c09a2acf2f94a11480150444e69c4c15bc4d7beb21100e714a', 2.05, '2020-06-10 18:34:49');
INSERT INTO Ticket VALUES(X'67d2e3a961b4556bdfac96f01e154b6a627f78b29dfe1a7c27c18e1bf36004b2', 'a55528', 1, 0);
INSERT INTO Transaction VALUES('J183239770688584P1', 'a55528', X'67d2e3a961b4556bdfac96f01e154b6a627f78b29dfe1a7c27c18e1bf36004b2', 2.05, '2020-04-04 08:49:26');
INSERT INTO Ticket VALUES(X'e4f575d0d747e517437312f091a7351cf7468c1f55d6b30ee7b0e87ab5a6b20b', 'a08158', 1, 0);
INSERT INTO Transaction VALUES('719307472971840951', 'a08158', X'e4f575d0d747e517437312f091a7351cf7468c1f55d6b30ee7b0e87ab5a6b20b', 2.05, '2020-06-17 15:49:17');
INSERT INTO Ticket VALUES(X'84da15a1ce755faa0a3d84ffd96b5a2ebaef06fee4bfbb3cfde51f9802721355', 'a80247', 2, 0);
INSERT INTO Transaction VALUES('N41872I58260023072', 'a80247', X'84da15a1ce755faa0a3d84ffd96b5a2ebaef06fee4bfbb3cfde51f9802721355', 2.7, '2020-04-23 11:27:32');
INSERT INTO Ticket VALUES(X'60b42c1263d673318a553f0bddfdf2902a6dfccb4531aacd7df65db13389f50e', 'a17359', 1, 0);
INSERT INTO Transaction VALUES('051O005889J5009979', 'a17359', X'60b42c1263d673318a553f0bddfdf2902a6dfccb4531aacd7df65db13389f50e', 2.05, '2020-04-26 21:12:30');
INSERT INTO Ticket VALUES(X'8a2c020f7e2033e0f44abec5e61e1526a6f0be90da203c600307b0125130b01d', 'a83006', 2, 0);
INSERT INTO Transaction VALUES('837888722017470380', 'a83006', X'8a2c020f7e2033e0f44abec5e61e1526a6f0be90da203c600307b0125130b01d', 2.7, '2020-06-02 05:37:37');
INSERT INTO Ticket VALUES(X'0b293b228c13cbbcb3aa8dcd28c518ec89632662cc23945a6f1172aae520165b', 'a48917', 2, 0);
INSERT INTO Transaction VALUES('930U25694317P04864', 'a48917', X'0b293b228c13cbbcb3aa8dcd28c518ec89632662cc23945a6f1172aae520165b', 2.7, '2020-06-05 15:27:30');
INSERT INTO Ticket VALUES(X'76ec9b930b80434bcb94436bb1c66bf37220c8d359e35edcdba292cd2f8ae568', 'a98435', 2, 0);
INSERT INTO Transaction VALUES('8E6462413686645776', 'a98435', X'76ec9b930b80434bcb94436bb1c66bf37220c8d359e35edcdba292cd2f8ae568', 2.7, '2020-04-12 01:55:19');
INSERT INTO Ticket VALUES(X'd1d6e7416881940f368c434f42f3836fd5fabd0a9f002a741c4b971a6e4eb21b', 'a85089', 1, 0);
INSERT INTO Transaction VALUES('36940694K871425240', 'a85089', X'd1d6e7416881940f368c434f42f3836fd5fabd0a9f002a741c4b971a6e4eb21b', 2.05, '2020-04-09 03:59:42');
INSERT INTO Ticket VALUES(X'3785ae45c050cc24c4ae04b8b1d4abf1163df93fa3a3445a1903a88578dea8a0', 'a69149', 1, 0);
INSERT INTO Transaction VALUES('289035934V9935U890', 'a69149', X'3785ae45c050cc24c4ae04b8b1d4abf1163df93fa3a3445a1903a88578dea8a0', 2.05, '2020-05-22 03:40:30');
INSERT INTO Ticket VALUES(X'a16574f543031221aaa8c3ce0d2db6ecbcef947c5b4fdfb1b782f2bb883d57a0', 'a15225', 1, 0);
INSERT INTO Transaction VALUES('63807672785288UKH1', 'a15225', X'a16574f543031221aaa8c3ce0d2db6ecbcef947c5b4fdfb1b782f2bb883d57a0', 2.05, '2020-06-14 19:21:53');
INSERT INTO Ticket VALUES(X'3dff918c1e07fba7b4a52d01ea531ef2e516bb35feb461a47c3b50a4cffab8ef', 'a87120', 2, 0);
INSERT INTO Transaction VALUES('4C1Y9B3R87P1787260', 'a87120', X'3dff918c1e07fba7b4a52d01ea531ef2e516bb35feb461a47c3b50a4cffab8ef', 2.7, '2020-06-02 02:39:43');
INSERT INTO Ticket VALUES(X'1a8aa62e07b36a8324aec0e109296e5099e1d02da1e7ee396f2985aa8b0cb8a2', 'a25353', 2, 0);
INSERT INTO Transaction VALUES('4371007790094Q6357', 'a25353', X'1a8aa62e07b36a8324aec0e109296e5099e1d02da1e7ee396f2985aa8b0cb8a2', 2.7, '2020-05-08 10:42:52');
INSERT INTO Ticket VALUES(X'8bb240f329beb33d5a732a3f1cdc846ac564e133defc909386718eb7119a0faa', 'a08220', 1, 0);
INSERT INTO Transaction VALUES('030108009728884083', 'a08220', X'8bb240f329beb33d5a732a3f1cdc846ac564e133defc909386718eb7119a0faa', 2.05, '2020-04-26 21:43:36');
INSERT INTO Ticket VALUES(X'8eee6836a638f9c452e724ace4fadbfbbf03b4fd0a4f6ed343b0e0eb35bf2b5e', 'a79346', 1, 0);
INSERT INTO Transaction VALUES('6589568206C0066102', 'a79346', X'8eee6836a638f9c452e724ace4fadbfbbf03b4fd0a4f6ed343b0e0eb35bf2b5e', 2.05, '2020-05-26 21:19:13');
INSERT INTO Ticket VALUES(X'9ee33b3b59f5c53ba8f0b3d513dc534c89a73348afd6289ad8c68e54d21ce22e', 'a61832', 1, 0);
INSERT INTO Transaction VALUES('162694969373005MB4', 'a61832', X'9ee33b3b59f5c53ba8f0b3d513dc534c89a73348afd6289ad8c68e54d21ce22e', 2.05, '2020-04-19 02:52:33');
INSERT INTO Ticket VALUES(X'bdc1ca8e8164ceb73e8c7b755ce7cad5115cf9697a5fef91691dde1ab65f4a59', 'a22705', 1, 0);
INSERT INTO Transaction VALUES('0ZL77Q12596590727Y', 'a22705', X'bdc1ca8e8164ceb73e8c7b755ce7cad5115cf9697a5fef91691dde1ab65f4a59', 2.05, '2020-04-09 13:16:59');
INSERT INTO Ticket VALUES(X'62e7b4531f90e56ff8960d3c33e04be7e067fe6b953a236d0ee78f323cc9ad35', 'a22705', 1, 0);
INSERT INTO Transaction VALUES('70341Y618614712923', 'a22705', X'62e7b4531f90e56ff8960d3c33e04be7e067fe6b953a236d0ee78f323cc9ad35', 2.05, '2020-06-21 02:20:20');
INSERT INTO Ticket VALUES(X'b39bcdbdb8170fc593f71963035f94187cba7031ec314f1ef25b45ee67fc1155', 'a51754', 1, 0);
INSERT INTO Transaction VALUES('2073996307289339I5', 'a51754', X'b39bcdbdb8170fc593f71963035f94187cba7031ec314f1ef25b45ee67fc1155', 2.05, '2020-05-16 00:48:46');
INSERT INTO Ticket VALUES(X'60aa2d00a84c73fa12cea4ed481decf7f66275f90a459c2fff954090de208d86', 'a85089', 2, 0);
INSERT INTO Transaction VALUES('486198439634X53996', 'a85089', X'60aa2d00a84c73fa12cea4ed481decf7f66275f90a459c2fff954090de208d86', 2.7, '2020-05-09 00:52:22');
INSERT INTO Ticket VALUES(X'7cd6121df3de0efc0a3d34a1d13f9c52b6124533c3fbd26c1a27b3d70bf478aa', 'a90978', 2, 0);
INSERT INTO Transaction VALUES('61357735HR18831131', 'a90978', X'7cd6121df3de0efc0a3d34a1d13f9c52b6124533c3fbd26c1a27b3d70bf478aa', 2.7, '2020-05-11 06:38:10');
INSERT INTO Ticket VALUES(X'11ae44dea0b7b8e0dfb55f5cd9613ad9c1a4743b5176de818a07adb38b681cf1', 'a57258', 1, 0);
INSERT INTO Transaction VALUES('454944031919192929', 'a57258', X'11ae44dea0b7b8e0dfb55f5cd9613ad9c1a4743b5176de818a07adb38b681cf1', 2.05, '2020-06-14 19:01:18');
INSERT INTO Ticket VALUES(X'7b813de6a060dc361a9337de62f2f1ea90509f029d1bc87d26f0e711b49f6ae4', 'a93012', 1, 0);
INSERT INTO Transaction VALUES('708616X17685368171', 'a93012', X'7b813de6a060dc361a9337de62f2f1ea90509f029d1bc87d26f0e711b49f6ae4', 2.05, '2020-04-13 07:14:36');
INSERT INTO Ticket VALUES(X'bd5a656b5634a0221f43593e4eaa5a56f734d2bef3e50f70297b8ffe56114a40', 'a48917', 1, 0);
INSERT INTO Transaction VALUES('7714474595453O8ZSY', 'a48917', X'bd5a656b5634a0221f43593e4eaa5a56f734d2bef3e50f70297b8ffe56114a40', 2.05, '2020-03-26 13:55:47');
INSERT INTO Ticket VALUES(X'cf261a6096aedc34fdcbd4b0d01a7c711153f366cb4a13eb04d3812e26a155a5', 'a29258', 1, 0);
INSERT INTO Transaction VALUES('3188522933E1813073', 'a29258', X'cf261a6096aedc34fdcbd4b0d01a7c711153f366cb4a13eb04d3812e26a155a5', 2.05, '2020-04-02 04:01:33');
INSERT INTO Ticket VALUES(X'1e0623cfaa26b15f44d418a17df9f70005532414c6329cb72a986ea36534cefa', 'a98435', 1, 0);
INSERT INTO Transaction VALUES('982R25814818381390', 'a98435', X'1e0623cfaa26b15f44d418a17df9f70005532414c6329cb72a986ea36534cefa', 2.05, '2020-04-30 21:48:33');
INSERT INTO Ticket VALUES(X'24ab86421af7ad5127a257c1725fdaed9adf77fcd428d333e1ee0c26af3ea10e', 'a00286', 2, 0);
INSERT INTO Transaction VALUES('266957897320O0A904', 'a00286', X'24ab86421af7ad5127a257c1725fdaed9adf77fcd428d333e1ee0c26af3ea10e', 2.7, '2020-04-20 03:50:12');
INSERT INTO Ticket VALUES(X'3b006b3cf6e76ad8abeaccd3417d1a9f6fe60a9685f6e55ec4680d3d2d5f5f17', 'a25353', 1, 0);
INSERT INTO Transaction VALUES('B27V1499940G240678', 'a25353', X'3b006b3cf6e76ad8abeaccd3417d1a9f6fe60a9685f6e55ec4680d3d2d5f5f17', 2.05, '2020-05-21 09:09:38');
INSERT INTO Ticket VALUES(X'4d14f5e48d43186151013ed754802794898f25b4351095ecbbd596ceb4829a69', 'a20481', 1, 0);
INSERT INTO Transaction VALUES('788C328A53371X4Z63', 'a20481', X'4d14f5e48d43186151013ed754802794898f25b4351095ecbbd596ceb4829a69', 2.05, '2020-04-23 02:30:21');
INSERT INTO Ticket VALUES(X'986e30f999785e6df49c2594d3fc1fdb79e032fe25a84feb26e18f81df84638e', 'a49426', 2, 0);
INSERT INTO Transaction VALUES('226976542836G93E30', 'a49426', X'986e30f999785e6df49c2594d3fc1fdb79e032fe25a84feb26e18f81df84638e', 2.7, '2020-04-01 17:45:12');
INSERT INTO Ticket VALUES(X'209e8e32ec4e10c8b204599616f148569aef97d6877ead9bb38ddb0bf829b76f', 'a86025', 1, 0);
INSERT INTO Transaction VALUES('39B0I0J50250886315', 'a86025', X'209e8e32ec4e10c8b204599616f148569aef97d6877ead9bb38ddb0bf829b76f', 2.05, '2020-07-03 14:42:38');
INSERT INTO Ticket VALUES(X'48be42f7f09b3c76aae639f4c59285be606f130c638170fdc5cfb799a3419c25', 'a39615', 1, 0);
INSERT INTO Transaction VALUES('290046647502361729', 'a39615', X'48be42f7f09b3c76aae639f4c59285be606f130c638170fdc5cfb799a3419c25', 2.05, '2020-04-30 21:45:35');
INSERT INTO Ticket VALUES(X'f81dbb9963dfaee31b94fdecf1179a2d6b5c54b8d08cbdab414e63d13e5675db', 'a82539', 1, 0);
INSERT INTO Transaction VALUES('0863996657J3061190', 'a82539', X'f81dbb9963dfaee31b94fdecf1179a2d6b5c54b8d08cbdab414e63d13e5675db', 2.05, '2020-04-28 07:16:48');
INSERT INTO Ticket VALUES(X'eebc9512508fe3f57a38035c2637d0ad0b936794de4916c0059135a294efcb16', 'a83006', 2, 0);
INSERT INTO Transaction VALUES('V38B7K544919146901', 'a83006', X'eebc9512508fe3f57a38035c2637d0ad0b936794de4916c0059135a294efcb16', 2.7, '2020-05-02 08:16:16');
INSERT INTO Ticket VALUES(X'accfd1e65308544e413744a7fed553a513d5ec7348776ef780ffe5614c06c1b4', 'a99616', 2, 0);
INSERT INTO Transaction VALUES('48L646935333L31033', 'a99616', X'accfd1e65308544e413744a7fed553a513d5ec7348776ef780ffe5614c06c1b4', 2.7, '2020-06-01 06:48:36');
INSERT INTO Ticket VALUES(X'9bcabe9d449a713bc0836f88a5d887f61f52562f225b66eceb645821939c72d9', 'a26273', 2, 0);
INSERT INTO Transaction VALUES('359989111849178733', 'a26273', X'9bcabe9d449a713bc0836f88a5d887f61f52562f225b66eceb645821939c72d9', 2.7, '2020-04-18 10:36:06');
INSERT INTO Ticket VALUES(X'4dab3973d717ce7abf7497adebda4f9ebe7917537c4c2f13858ed69eedb56289', 'a61312', 2, 0);
INSERT INTO Transaction VALUES('333135Q249T1516392', 'a61312', X'4dab3973d717ce7abf7497adebda4f9ebe7917537c4c2f13858ed69eedb56289', 2.7, '2020-05-11 23:50:31');
INSERT INTO Ticket VALUES(X'4457bf0b925f8473a462e3c3e35803946af30d6f0d23c6e2f5cfef8aad9a1803', 'a28488', 1, 0);
INSERT INTO Transaction VALUES('151213085992449636', 'a28488', X'4457bf0b925f8473a462e3c3e35803946af30d6f0d23c6e2f5cfef8aad9a1803', 2.05, '2020-04-04 23:18:58');
INSERT INTO Ticket VALUES(X'039f1f778f1acf8ae42759bf1e1ac1186f39dd89256d991c3f0c2b1f1fa5e435', 'a87120', 2, 0);
INSERT INTO Transaction VALUES('476011562417YW9069', 'a87120', X'039f1f778f1acf8ae42759bf1e1ac1186f39dd89256d991c3f0c2b1f1fa5e435', 2.7, '2020-05-02 07:24:30');
INSERT INTO Ticket VALUES(X'a826e4058f405789392435be5a4115f440f206eed4018b22477f4a97946de8a3', 'a00759', 1, 0);
INSERT INTO Transaction VALUES('OL451S489960845003', 'a00759', X'a826e4058f405789392435be5a4115f440f206eed4018b22477f4a97946de8a3', 2.05, '2020-04-13 01:48:12');
INSERT INTO Ticket VALUES(X'7e62e591e273fe5b77c0bae60aeec9f350532339e9d8411c01543091c9a53467', 'a63317', 1, 0);
INSERT INTO Transaction VALUES('8878411Y98V7857199', 'a63317', X'7e62e591e273fe5b77c0bae60aeec9f350532339e9d8411c01543091c9a53467', 2.05, '2020-05-09 04:30:45');
INSERT INTO Ticket VALUES(X'af249d32871651433bc07dc707e365fad839aa2ca11bb05344eb3fc2538b0f4c', 'a25353', 1, 0);
INSERT INTO Transaction VALUES('66809614902Y168214', 'a25353', X'af249d32871651433bc07dc707e365fad839aa2ca11bb05344eb3fc2538b0f4c', 2.05, '2020-05-12 20:16:23');
INSERT INTO Ticket VALUES(X'1bc8334ce8d52806e95db06fe12b8cd5fe3b3c76a39af8e1515c6a3677bd7f4a', 'a00759', 1, 0);
INSERT INTO Transaction VALUES('5798128860003T9488', 'a00759', X'1bc8334ce8d52806e95db06fe12b8cd5fe3b3c76a39af8e1515c6a3677bd7f4a', 2.05, '2020-06-22 22:35:56');
INSERT INTO Ticket VALUES(X'febd23f1e341c84a9c5e1d597b00d10c96f06f96acb9072ecbd17c5c6a321f6c', 'a61312', 2, 0);
INSERT INTO Transaction VALUES('X4708656808277U542', 'a61312', X'febd23f1e341c84a9c5e1d597b00d10c96f06f96acb9072ecbd17c5c6a321f6c', 2.7, '2020-05-15 18:11:22');
INSERT INTO Ticket VALUES(X'6cf77582dca555210152f2d67cab07b203dc450ad08ed6624f0a2ba7646908b4', 'a62910', 1, 0);
INSERT INTO Transaction VALUES('62O813306952089963', 'a62910', X'6cf77582dca555210152f2d67cab07b203dc450ad08ed6624f0a2ba7646908b4', 2.05, '2020-04-15 09:44:18');
INSERT INTO Ticket VALUES(X'60e695cfd28b267e2a0eb538ea68820b7fa6c9b46eaee58dadc02ea0d0992f81', 'a72926', 2, 0);
INSERT INTO Transaction VALUES('804993892V60I90213', 'a72926', X'60e695cfd28b267e2a0eb538ea68820b7fa6c9b46eaee58dadc02ea0d0992f81', 2.7, '2020-04-20 02:27:24');
INSERT INTO Ticket VALUES(X'f43f0a07c6a4491a30f9a5a3d330661491b5aced4a12c06ae718746a9f80c18d', 'a61312', 1, 0);
INSERT INTO Transaction VALUES('380584032544507P9N', 'a61312', X'f43f0a07c6a4491a30f9a5a3d330661491b5aced4a12c06ae718746a9f80c18d', 2.05, '2020-03-28 10:30:03');
INSERT INTO Ticket VALUES(X'69b9bb2d4b2efb7487b95a2e3dfe367ea7b95ad74c0f9aad8e4bdfc3a6a094e1', 'a52516', 2, 0);
INSERT INTO Transaction VALUES('B4459197908669857X', 'a52516', X'69b9bb2d4b2efb7487b95a2e3dfe367ea7b95ad74c0f9aad8e4bdfc3a6a094e1', 2.7, '2020-06-08 08:25:11');
INSERT INTO Ticket VALUES(X'bd3e45d7b0e289b3d0c473f995aba0a7be148d7066ff709a27aa23af9b7dea82', 'a91123', 1, 0);
INSERT INTO Transaction VALUES('972045276895231793', 'a91123', X'bd3e45d7b0e289b3d0c473f995aba0a7be148d7066ff709a27aa23af9b7dea82', 2.05, '2020-04-15 09:04:36');
INSERT INTO Ticket VALUES(X'83430cb951873f306cb28d3c6b05d2822ab278affd9fbc054612a5c1d473fd22', 'a72926', 2, 0);
INSERT INTO Transaction VALUES('P3762K5257L3703651', 'a72926', X'83430cb951873f306cb28d3c6b05d2822ab278affd9fbc054612a5c1d473fd22', 2.7, '2020-04-18 10:13:46');
INSERT INTO Ticket VALUES(X'4fbb2f7612bff7d985ff66ead2e35c88507f86f7abeaeddd40a74b9614eb1fb2', 'a20481', 1, 0);
INSERT INTO Transaction VALUES('Q29276097383V09W5M', 'a20481', X'4fbb2f7612bff7d985ff66ead2e35c88507f86f7abeaeddd40a74b9614eb1fb2', 2.05, '2020-05-03 05:13:31');
INSERT INTO Ticket VALUES(X'a26a9b85ce22828347e423162d9f093c3054cc4e0f3ce362042c089d00a24593', 'a54437', 1, 0);
INSERT INTO Transaction VALUES('57009156IX64538592', 'a54437', X'a26a9b85ce22828347e423162d9f093c3054cc4e0f3ce362042c089d00a24593', 2.05, '2020-07-02 01:20:55');
INSERT INTO Ticket VALUES(X'f4c5844ea5440d40e4cbd3756eaa3d583a7178c7b008994eb0a27663df1c59a8', 'a81593', 1, 0);
INSERT INTO Transaction VALUES('501N5778506747345N', 'a81593', X'f4c5844ea5440d40e4cbd3756eaa3d583a7178c7b008994eb0a27663df1c59a8', 2.05, '2020-05-19 18:39:58');
INSERT INTO Ticket VALUES(X'0b4960148ae5046d23e8de111262c63cafccc5027986484c5ea17ae739265239', 'a82539', 1, 0);
INSERT INTO Transaction VALUES('82046429U80468WS9V', 'a82539', X'0b4960148ae5046d23e8de111262c63cafccc5027986484c5ea17ae739265239', 2.05, '2020-05-18 14:05:41');
INSERT INTO Ticket VALUES(X'935c70ad6b49a7cb56e11fd59e71e2b5c996a7e32e38a29de66edd928e4462aa', 'a67736', 1, 0);
INSERT INTO Transaction VALUES('58110B49776917E978', 'a67736', X'935c70ad6b49a7cb56e11fd59e71e2b5c996a7e32e38a29de66edd928e4462aa', 2.05, '2020-06-16 11:17:11');
INSERT INTO Ticket VALUES(X'ee447f9885ab1c10bc2b094d2f9a40e59323d7262da6528ce13ea6083505027e', 'a61887', 1, 0);
INSERT INTO Transaction VALUES('1485Y5193687301T37', 'a61887', X'ee447f9885ab1c10bc2b094d2f9a40e59323d7262da6528ce13ea6083505027e', 2.05, '2020-05-20 07:33:49');
INSERT INTO Ticket VALUES(X'6720a2c1f9147351c148de527c03b9bb03006d614e595df5069572bbad82d185', 'a08220', 1, 0);
INSERT INTO Transaction VALUES('86687535ZV71705989', 'a08220', X'6720a2c1f9147351c148de527c03b9bb03006d614e595df5069572bbad82d185', 2.05, '2020-04-13 08:04:22');
INSERT INTO Ticket VALUES(X'a4931413e5041e0507d4c1fb7120f60b009bef4849ec7021f7a4ac84a1ae9f24', 'a08220', 2, 0);
INSERT INTO Transaction VALUES('873166533708856129', 'a08220', X'a4931413e5041e0507d4c1fb7120f60b009bef4849ec7021f7a4ac84a1ae9f24', 2.7, '2020-05-14 04:53:38');
INSERT INTO Ticket VALUES(X'53ce672e92eaa3a2d6abcb2d9c0c839e7156516bdffd1ef8a8564533c112a9aa', 'a23468', 1, 0);
INSERT INTO Transaction VALUES('6864816361C2029169', 'a23468', X'53ce672e92eaa3a2d6abcb2d9c0c839e7156516bdffd1ef8a8564533c112a9aa', 2.05, '2020-06-13 00:49:01');
INSERT INTO Ticket VALUES(X'0376b8b6ba4e8a45cefa98b197f00eaa1f9845e1acd2bc2a427bab3ba35bedf6', 'a79346', 2, 0);
INSERT INTO Transaction VALUES('386590398257057688', 'a79346', X'0376b8b6ba4e8a45cefa98b197f00eaa1f9845e1acd2bc2a427bab3ba35bedf6', 2.7, '2020-03-25 22:55:39');
INSERT INTO Ticket VALUES(X'd62e415e34c5bbbbbb3fae8183f21caebb137a60ccdfe183932c9f1fcb03c599', 'a81633', 2, 0);
INSERT INTO Transaction VALUES('411945182Y57312730', 'a81633', X'd62e415e34c5bbbbbb3fae8183f21caebb137a60ccdfe183932c9f1fcb03c599', 2.7, '2020-05-20 00:26:38');
INSERT INTO Ticket VALUES(X'99b891deccee5b6a36ef3a561f38f9a85fd772c583e36ed3271426285525dbbd', 'a22705', 1, 0);
INSERT INTO Transaction VALUES('896514252999534923', 'a22705', X'99b891deccee5b6a36ef3a561f38f9a85fd772c583e36ed3271426285525dbbd', 2.05, '2020-06-06 23:15:40');
INSERT INTO Ticket VALUES(X'0ed37b0b6a15cdde51e50c3faeb80ed283500b5e379b365d5f94d4204711e21a', 'a72926', 2, 0);
INSERT INTO Transaction VALUES('548P807T1019059858', 'a72926', X'0ed37b0b6a15cdde51e50c3faeb80ed283500b5e379b365d5f94d4204711e21a', 2.7, '2020-05-31 04:13:59');
INSERT INTO Ticket VALUES(X'8266db40a88b81a550adaf18a2baf13335a9aee61fae06b88c6f2d5bbb922577', 'a58334', 1, 0);
INSERT INTO Transaction VALUES('86806840852200584G', 'a58334', X'8266db40a88b81a550adaf18a2baf13335a9aee61fae06b88c6f2d5bbb922577', 2.05, '2020-03-31 14:25:07');
INSERT INTO Ticket VALUES(X'53e28b5d6e81120e1eb9e1953b87d38ddb3443d6ee585878721032cfcf0652d8', 'a61312', 2, 0);
INSERT INTO Transaction VALUES('076100240D975403R5', 'a61312', X'53e28b5d6e81120e1eb9e1953b87d38ddb3443d6ee585878721032cfcf0652d8', 2.7, '2020-04-25 04:17:50');
INSERT INTO Ticket VALUES(X'71250c85429c302d28a9cef8587deddad47d062c08937f1ac399351d2f917d97', 'a69149', 1, 0);
INSERT INTO Transaction VALUES('25234Q2144O054K581', 'a69149', X'71250c85429c302d28a9cef8587deddad47d062c08937f1ac399351d2f917d97', 2.05, '2020-04-29 10:52:49');
INSERT INTO Ticket VALUES(X'44b5ee4697fced17af077f03580ad17161e762ed08f741254669852e583d73ff', 'a20044', 1, 0);
INSERT INTO Transaction VALUES('3439800426N0319184', 'a20044', X'44b5ee4697fced17af077f03580ad17161e762ed08f741254669852e583d73ff', 2.05, '2020-06-16 13:31:08');
INSERT INTO Ticket VALUES(X'755c739e9784b0b197428e94b0df8bd20064d7c84b4d1f06a35ade9c5963afff', 'a90730', 2, 0);
INSERT INTO Transaction VALUES('38512Z343K29533954', 'a90730', X'755c739e9784b0b197428e94b0df8bd20064d7c84b4d1f06a35ade9c5963afff', 2.7, '2020-06-04 11:26:02');
INSERT INTO Ticket VALUES(X'd55a55c0709d1dfef45eb26cb07e1a8b7b8ced6e87af9c357411158e89bf9eee', 'a39615', 2, 0);
INSERT INTO Transaction VALUES('337765941101769B39', 'a39615', X'd55a55c0709d1dfef45eb26cb07e1a8b7b8ced6e87af9c357411158e89bf9eee', 2.7, '2020-06-23 02:23:31');
INSERT INTO Ticket VALUES(X'34c63d3ebe399ed2e0fb46aa4e385ae568495eea2012ee3644a562ac14da9e64', 'a79863', 2, 0);
INSERT INTO Transaction VALUES('21V867897910253131', 'a79863', X'34c63d3ebe399ed2e0fb46aa4e385ae568495eea2012ee3644a562ac14da9e64', 2.7, '2020-05-26 01:58:03');
INSERT INTO Ticket VALUES(X'd5db6fb15e006c592f14dc3e0a407217671b53cb84b95f98d85ed36465be46ff', 'a58334', 2, 0);
INSERT INTO Transaction VALUES('T0475H80Z4D7209702', 'a58334', X'd5db6fb15e006c592f14dc3e0a407217671b53cb84b95f98d85ed36465be46ff', 2.7, '2020-06-21 04:10:04');
INSERT INTO Ticket VALUES(X'8b388e8e617a2b008e811c5b0eee587a9df39cd5bf8b60222f217229300f924c', 'a50784', 2, 0);
INSERT INTO Transaction VALUES('146156B867280117VO', 'a50784', X'8b388e8e617a2b008e811c5b0eee587a9df39cd5bf8b60222f217229300f924c', 2.7, '2020-04-15 23:31:24');
INSERT INTO Ticket VALUES(X'03d25402cfe2c7a1a3a4f142a8704b2d812a6acb74048bc857e7f0188359fb79', 'a46471', 1, 0);
INSERT INTO Transaction VALUES('X01458Q43106142C74', 'a46471', X'03d25402cfe2c7a1a3a4f142a8704b2d812a6acb74048bc857e7f0188359fb79', 2.05, '2020-05-30 10:16:12');
INSERT INTO Ticket VALUES(X'1ecb121862db0bbfc6b841a4ffa76fea12273173182784450ccc72829b122e60', 'a46471', 2, 0);
INSERT INTO Transaction VALUES('030697770811977800', 'a46471', X'1ecb121862db0bbfc6b841a4ffa76fea12273173182784450ccc72829b122e60', 2.7, '2020-04-04 11:58:29');
INSERT INTO Ticket VALUES(X'e95ccfb61071c7d169f68bfaf22c169ba37985454c3ba627c2f77755131f63ad', 'a67736', 2, 0);
INSERT INTO Transaction VALUES('Y7439Z774779083465', 'a67736', X'e95ccfb61071c7d169f68bfaf22c169ba37985454c3ba627c2f77755131f63ad', 2.7, '2020-05-13 10:27:21');
INSERT INTO Ticket VALUES(X'5b7b8a642edcd0f44271d7993b6aab21abe3e77bef6b77d2a1607a894331f5a7', 'a46769', 2, 0);
INSERT INTO Transaction VALUES('13E61164080657B784', 'a46769', X'5b7b8a642edcd0f44271d7993b6aab21abe3e77bef6b77d2a1607a894331f5a7', 2.7, '2020-06-06 02:40:44');
INSERT INTO Ticket VALUES(X'03f591cef92a01295b9c267900d79b19e0dc88e6ad8ef9ef444c6426aea16729', 'a79863', 2, 0);
INSERT INTO Transaction VALUES('42271019289J213511', 'a79863', X'03f591cef92a01295b9c267900d79b19e0dc88e6ad8ef9ef444c6426aea16729', 2.7, '2020-07-01 23:59:22');
INSERT INTO Ticket VALUES(X'e5db04bc0c283ea5c6cad616c766cbb3da6a252f82bc1da9c16f13ce2b8a97fc', 'a51754', 1, 0);
INSERT INTO Transaction VALUES('S00598T02N1F630065', 'a51754', X'e5db04bc0c283ea5c6cad616c766cbb3da6a252f82bc1da9c16f13ce2b8a97fc', 2.05, '2020-04-15 11:26:14');
INSERT INTO Ticket VALUES(X'a7109adec356fc3df5c77a273c0c5f13339799319e4d66fcb47fe983db02ba6a', 'a81633', 2, 0);
INSERT INTO Transaction VALUES('8797228V1551X4240B', 'a81633', X'a7109adec356fc3df5c77a273c0c5f13339799319e4d66fcb47fe983db02ba6a', 2.7, '2020-04-24 17:31:41');
INSERT INTO Ticket VALUES(X'c028e42c95d81bf8d24cd6c26a4e87f1b18735737350a0e2c357fd5bc91efde0', 'a15225', 2, 0);
INSERT INTO Transaction VALUES('2X549K91031N1173T7', 'a15225', X'c028e42c95d81bf8d24cd6c26a4e87f1b18735737350a0e2c357fd5bc91efde0', 2.7, '2020-06-30 16:59:37');
INSERT INTO Ticket VALUES(X'abef222c8e1b025e86549338716b79a5a31e5b95bbe1a97050ff97f5e945807c', 'a07408', 1, 0);
INSERT INTO Transaction VALUES('897676406928138C53', 'a07408', X'abef222c8e1b025e86549338716b79a5a31e5b95bbe1a97050ff97f5e945807c', 2.05, '2020-05-21 01:35:56');
INSERT INTO Ticket VALUES(X'18ab95aa992bf278fcaeb25c5bee953b22683e842b6090fb762de0172841fc41', 'a61832', 2, 0);
INSERT INTO Transaction VALUES('790662350806302011', 'a61832', X'18ab95aa992bf278fcaeb25c5bee953b22683e842b6090fb762de0172841fc41', 2.7, '2020-04-20 08:29:09');
INSERT INTO Ticket VALUES(X'87d1621d28bbca9be1879974cadb069538ebe0f12d1a3c6f049e33c913140a28', 'a87120', 1, 0);
INSERT INTO Transaction VALUES('1P5465990B15827M75', 'a87120', X'87d1621d28bbca9be1879974cadb069538ebe0f12d1a3c6f049e33c913140a28', 2.05, '2020-05-28 16:36:53');
INSERT INTO Ticket VALUES(X'41ec31c268121b65c2a2ae688b2364c5678d679fb16c26ca937f5665e78b22ea', 'a69149', 2, 0);
INSERT INTO Transaction VALUES('82700L339769HP1043', 'a69149', X'41ec31c268121b65c2a2ae688b2364c5678d679fb16c26ca937f5665e78b22ea', 2.7, '2020-05-24 16:19:33');
INSERT INTO Ticket VALUES(X'd1e13956ec6f0f336349026777c971a359ee53722633ed472d15b3c45aa5de75', 'a43248', 2, 0);
INSERT INTO Transaction VALUES('44615887U4508K95B3', 'a43248', X'd1e13956ec6f0f336349026777c971a359ee53722633ed472d15b3c45aa5de75', 2.7, '2020-04-09 09:03:43');
INSERT INTO Ticket VALUES(X'ac58bdf2904e417c25263c78e435e637f9a4a8b4017b5a29b0ccdeee4f358435', 'a61312', 2, 0);
INSERT INTO Transaction VALUES('5435218H4479575859', 'a61312', X'ac58bdf2904e417c25263c78e435e637f9a4a8b4017b5a29b0ccdeee4f358435', 2.7, '2020-06-17 07:34:22');
INSERT INTO Ticket VALUES(X'99c593f2dfaf6f1628a8566c3596d52058cd6ad1c1e871cc8257e9fb46f2c2c7', 'a27360', 2, 0);
INSERT INTO Transaction VALUES('731377R881P1325007', 'a27360', X'99c593f2dfaf6f1628a8566c3596d52058cd6ad1c1e871cc8257e9fb46f2c2c7', 2.7, '2020-05-04 02:14:47');
INSERT INTO Ticket VALUES(X'e8c6a2df81d85a5e33d133ef85a2ae2c8741bc79bd927ab480c35e47dee924b0', 'a29258', 1, 0);
INSERT INTO Transaction VALUES('9252183033039556O5', 'a29258', X'e8c6a2df81d85a5e33d133ef85a2ae2c8741bc79bd927ab480c35e47dee924b0', 2.05, '2020-05-15 05:20:32');
INSERT INTO Ticket VALUES(X'a28e0b867f31b6cbfee58eec66be1d9aa4b3b2a6faa5efa8996f348762154015', 'a81633', 1, 0);
INSERT INTO Transaction VALUES('9N8767428412R975L7', 'a81633', X'a28e0b867f31b6cbfee58eec66be1d9aa4b3b2a6faa5efa8996f348762154015', 2.05, '2020-04-24 11:15:44');
INSERT INTO Ticket VALUES(X'6f71c19727eb77d29881ba3730d682f1845f95c56d138ab2a8d76e91b7dde3e6', 'a72926', 1, 0);
INSERT INTO Transaction VALUES('600391253580668419', 'a72926', X'6f71c19727eb77d29881ba3730d682f1845f95c56d138ab2a8d76e91b7dde3e6', 2.05, '2020-04-21 19:41:53');
INSERT INTO Ticket VALUES(X'ec6895ca98561494628e0c7cafc8e232232e1830cf8fdab84f7e23e0135ac360', 'a86968', 2, 0);
INSERT INTO Transaction VALUES('51T717999J52446809', 'a86968', X'ec6895ca98561494628e0c7cafc8e232232e1830cf8fdab84f7e23e0135ac360', 2.7, '2020-04-28 10:34:06');
INSERT INTO Ticket VALUES(X'a47b0c08d676cf5f0d33e2d85dc9eb5cd6ea7fd20e95010f342a87b3b1b411d5', 'a04094', 1, 0);
INSERT INTO Transaction VALUES('T1091692R76A66610J', 'a04094', X'a47b0c08d676cf5f0d33e2d85dc9eb5cd6ea7fd20e95010f342a87b3b1b411d5', 2.05, '2020-04-19 15:18:06');
INSERT INTO Ticket VALUES(X'63cb28565a4d77d80255ca350409ad7489ac0eb18a1048202e1f33c89541b225', 'a61832', 2, 0);
INSERT INTO Transaction VALUES('9562O1831048981897', 'a61832', X'63cb28565a4d77d80255ca350409ad7489ac0eb18a1048202e1f33c89541b225', 2.7, '2020-06-24 01:06:29');
INSERT INTO Ticket VALUES(X'67523450ff7f093860bce27790ae1b541304a2d1964f6979662e2ee724575dc7', 'a46471', 2, 0);
INSERT INTO Transaction VALUES('0398CQ74Y378307357', 'a46471', X'67523450ff7f093860bce27790ae1b541304a2d1964f6979662e2ee724575dc7', 2.7, '2020-06-27 18:42:23');
INSERT INTO Ticket VALUES(X'6169f5b81db66cce9cdfdf78fee8f9feed2b4a66700c9f8e930f4fa3ce156b5a', 'a54437', 1, 0);
INSERT INTO Transaction VALUES('72042B765955S7666H', 'a54437', X'6169f5b81db66cce9cdfdf78fee8f9feed2b4a66700c9f8e930f4fa3ce156b5a', 2.05, '2020-04-29 18:11:56');
INSERT INTO Ticket VALUES(X'f0633c49346cab9d5eb791367d1aeaab822fde07c61fc49895936a132d3167f8', 'a87120', 1, 0);
INSERT INTO Transaction VALUES('5YP58649949M491482', 'a87120', X'f0633c49346cab9d5eb791367d1aeaab822fde07c61fc49895936a132d3167f8', 2.05, '2020-07-02 10:30:06');
INSERT INTO Ticket VALUES(X'12705473154c691a3d173249957d75d5278c57b52c78be6dfab5c04e19ae3173', 'a90978', 2, 0);
INSERT INTO Transaction VALUES('47357H0684B2876067', 'a90978', X'12705473154c691a3d173249957d75d5278c57b52c78be6dfab5c04e19ae3173', 2.7, '2020-04-08 00:19:32');
INSERT INTO Ticket VALUES(X'5624e1c77cf2f0a85a67cebffe0f7d8e0426e2fab7800d5114a6dc4409d0d6fe', 'a75124', 1, 0);
INSERT INTO Transaction VALUES('5222031E45066O2171', 'a75124', X'5624e1c77cf2f0a85a67cebffe0f7d8e0426e2fab7800d5114a6dc4409d0d6fe', 2.05, '2020-06-14 18:37:04');
INSERT INTO Ticket VALUES(X'7fb55f75e810aaf8004bee90833a00e2046f971c7575e01d7d6c19865ff7a3cd', 'a62141', 1, 0);
INSERT INTO Transaction VALUES('314692226F5R494337', 'a62141', X'7fb55f75e810aaf8004bee90833a00e2046f971c7575e01d7d6c19865ff7a3cd', 2.05, '2020-04-28 05:37:31');
INSERT INTO Ticket VALUES(X'783f32011cecd0a425b1e63d77c84524f407366a72c31de0c164af3031d509ca', 'a86517', 2, 0);
INSERT INTO Transaction VALUES('738680546824425655', 'a86517', X'783f32011cecd0a425b1e63d77c84524f407366a72c31de0c164af3031d509ca', 2.7, '2020-06-02 13:47:59');
INSERT INTO Ticket VALUES(X'62c144fab43ee61d0badcd4d8b1aae113ae16f025bd9e1503e79f1807a23baba', 'a33876', 1, 0);
INSERT INTO Transaction VALUES('703284MM3131927884', 'a33876', X'62c144fab43ee61d0badcd4d8b1aae113ae16f025bd9e1503e79f1807a23baba', 2.05, '2020-03-26 19:19:05');
INSERT INTO Ticket VALUES(X'a6c9f4ea00d4333e0434b15e7b5a531c325bb19705b3d74721010866f4634e72', 'a54437', 2, 0);
INSERT INTO Transaction VALUES('18736843156W534068', 'a54437', X'a6c9f4ea00d4333e0434b15e7b5a531c325bb19705b3d74721010866f4634e72', 2.7, '2020-06-06 23:07:18');
INSERT INTO Ticket VALUES(X'7378e44c4c739bd20620055180b31481b228a7310e072e13bdb329c69cd58210', 'a16297', 2, 0);
INSERT INTO Transaction VALUES('721755J932836Q958D', 'a16297', X'7378e44c4c739bd20620055180b31481b228a7310e072e13bdb329c69cd58210', 2.7, '2020-04-07 03:22:30');
INSERT INTO Ticket VALUES(X'1231d66b82109505d633fd23362be58f500444fecada90affa8fd56331c058cd', 'a35004', 2, 0);
INSERT INTO Transaction VALUES('63788060122S548737', 'a35004', X'1231d66b82109505d633fd23362be58f500444fecada90affa8fd56331c058cd', 2.7, '2020-04-23 01:11:08');
INSERT INTO Ticket VALUES(X'5550c7b1d3a22bd3aaaac8302d91c4460a9e7ca52a41f937e3c65f3b2881263f', 'a12154', 1, 0);
INSERT INTO Transaction VALUES('0Q93222764751P5484', 'a12154', X'5550c7b1d3a22bd3aaaac8302d91c4460a9e7ca52a41f937e3c65f3b2881263f', 2.05, '2020-05-12 20:10:31');
INSERT INTO Ticket VALUES(X'db3309649fd89dc42a9e9aaa9aec7f119d58c0a50818f5713c8ab03054560993', 'a83006', 1, 0);
INSERT INTO Transaction VALUES('304981179564325G06', 'a83006', X'db3309649fd89dc42a9e9aaa9aec7f119d58c0a50818f5713c8ab03054560993', 2.05, '2020-05-21 13:30:03');
INSERT INTO Ticket VALUES(X'aebf6266bf0fd6e8445ec2c476619af743368026ade89ffc905b5c4bd526793c', 'a86517', 2, 0);
INSERT INTO Transaction VALUES('5L8184182560F33692', 'a86517', X'aebf6266bf0fd6e8445ec2c476619af743368026ade89ffc905b5c4bd526793c', 2.7, '2020-04-05 06:57:32');
INSERT INTO Ticket VALUES(X'fdf9b54ae24a64f2a8d66cfc7fbb4ea6baf48adb380584eea57e7999783ce7ff', 'a79790', 2, 0);
INSERT INTO Transaction VALUES('882525975758K50091', 'a79790', X'fdf9b54ae24a64f2a8d66cfc7fbb4ea6baf48adb380584eea57e7999783ce7ff', 2.7, '2020-06-10 09:42:07');
INSERT INTO Ticket VALUES(X'0982a6085d0743108694a9f8524f5493e3e2dea1fd1d2b1aedb198c20dfcca51', 'a50692', 1, 0);
INSERT INTO Transaction VALUES('145Y9935532IJ56SX3', 'a50692', X'0982a6085d0743108694a9f8524f5493e3e2dea1fd1d2b1aedb198c20dfcca51', 2.05, '2020-04-15 07:23:15');
INSERT INTO Ticket VALUES(X'8f4007814af5e2efd8e70ce1aaed4c8eb456c4fa435e6b00e3fb09370eff09cd', 'a46883', 2, 0);
INSERT INTO Transaction VALUES('7Y46102X689P137023', 'a46883', X'8f4007814af5e2efd8e70ce1aaed4c8eb456c4fa435e6b00e3fb09370eff09cd', 2.7, '2020-04-25 22:18:35');
INSERT INTO Ticket VALUES(X'177d7214a26cb0b589c94d528cb4e6b76f5bde29ca5fd974073fd7c13ab88c65', 'a87120', 2, 0);
INSERT INTO Transaction VALUES('73F13583P278762748', 'a87120', X'177d7214a26cb0b589c94d528cb4e6b76f5bde29ca5fd974073fd7c13ab88c65', 2.7, '2020-04-24 02:16:43');
INSERT INTO Ticket VALUES(X'f15a1fec3bf54b2c953a1c996b9b55d9bcb9c6160d84fb720f0bf0abb53edf76', 'a86968', 2, 0);
INSERT INTO Transaction VALUES('06A4543Y14R5321190', 'a86968', X'f15a1fec3bf54b2c953a1c996b9b55d9bcb9c6160d84fb720f0bf0abb53edf76', 2.7, '2020-03-26 03:43:08');
INSERT INTO Ticket VALUES(X'717dd6cb987a2e381864bf59f0d2f090f8c88a82a571146f48ee68c6496ea05f', 'a90730', 1, 0);
INSERT INTO Transaction VALUES('1H290249121E274078', 'a90730', X'717dd6cb987a2e381864bf59f0d2f090f8c88a82a571146f48ee68c6496ea05f', 2.05, '2020-05-12 05:54:17');
INSERT INTO Ticket VALUES(X'60a3d5e24154dd6d195bb04392d34d37270d9ea3158f5475c12486c6963d1f29', 'a90730', 1, 0);
INSERT INTO Transaction VALUES('T4518R396837526T09', 'a90730', X'60a3d5e24154dd6d195bb04392d34d37270d9ea3158f5475c12486c6963d1f29', 2.05, '2020-04-19 19:44:30');
INSERT INTO Ticket VALUES(X'4bbb32b8c6287ed6b43076eb0eb7a7a6008b79af648f8bb113ee1e358927fda9', 'a66484', 2, 0);
INSERT INTO Transaction VALUES('2096784053U16655L1', 'a66484', X'4bbb32b8c6287ed6b43076eb0eb7a7a6008b79af648f8bb113ee1e358927fda9', 2.7, '2020-04-23 19:40:56');
INSERT INTO Ticket VALUES(X'c871dfe0230c51cec4d2919c84b25d7cf779b3a748b370c021b9e5037e379127', 'a17359', 1, 0);
INSERT INTO Transaction VALUES('W568928P0281447889', 'a17359', X'c871dfe0230c51cec4d2919c84b25d7cf779b3a748b370c021b9e5037e379127', 2.05, '2020-07-03 05:12:56');
INSERT INTO Ticket VALUES(X'ac496bfde20547f134511d9d0d7956cf4dd1c0321743327758ed55a552c33fb5', 'a62910', 2, 0);
INSERT INTO Transaction VALUES('93682722261179A914', 'a62910', X'ac496bfde20547f134511d9d0d7956cf4dd1c0321743327758ed55a552c33fb5', 2.7, '2020-06-01 16:00:33');
INSERT INTO Ticket VALUES(X'9c266051e3b198e11dab960c2505e4b57f36ce2a66a41d4c692b784b7603bd00', 'a16297', 1, 0);
INSERT INTO Transaction VALUES('131865499513390718', 'a16297', X'9c266051e3b198e11dab960c2505e4b57f36ce2a66a41d4c692b784b7603bd00', 2.05, '2020-05-23 20:28:04');
INSERT INTO Ticket VALUES(X'b8c7c98ce077d16f3de631e1a4139bb3e8169f8fd614394445dfb7bbddfed0da', 'a08158', 2, 0);
INSERT INTO Transaction VALUES('161537G1879775X991', 'a08158', X'b8c7c98ce077d16f3de631e1a4139bb3e8169f8fd614394445dfb7bbddfed0da', 2.7, '2020-04-18 14:54:10');
INSERT INTO Ticket VALUES(X'432bc4c01855c6c5a177d3af0ad3c6ba24db8f798c12460c3c0efc24d50783bf', 'a61537', 2, 0);
INSERT INTO Transaction VALUES('120224005204586433', 'a61537', X'432bc4c01855c6c5a177d3af0ad3c6ba24db8f798c12460c3c0efc24d50783bf', 2.7, '2020-06-23 19:55:59');
INSERT INTO Ticket VALUES(X'1ff4abd4b33d48ed8ba525440f59ba95e3c3e229d937afd52b946e7e0ae07ce0', 'a67736', 1, 0);
INSERT INTO Transaction VALUES('I7652365995IW39468', 'a67736', X'1ff4abd4b33d48ed8ba525440f59ba95e3c3e229d937afd52b946e7e0ae07ce0', 2.05, '2020-05-18 23:56:40');
INSERT INTO Ticket VALUES(X'c8d3854384bd3242e7e63ab6bab4eaf39ac1e1f6d7c0fadb4d5e11acdc503f5a', 'a12462', 2, 0);
INSERT INTO Transaction VALUES('872060I797I509J224', 'a12462', X'c8d3854384bd3242e7e63ab6bab4eaf39ac1e1f6d7c0fadb4d5e11acdc503f5a', 2.7, '2020-05-12 19:36:07');
INSERT INTO Ticket VALUES(X'fb0aef4b92f2e399f772e66add76bfab01ac16891a678b485b38df258e1ee138', 'a28488', 2, 0);
INSERT INTO Transaction VALUES('748AW5745508N5R968', 'a28488', X'fb0aef4b92f2e399f772e66add76bfab01ac16891a678b485b38df258e1ee138', 2.7, '2020-06-21 22:58:34');
INSERT INTO Ticket VALUES(X'82d3592a4f977d8dd06efea3fe3165719c96e99e38274b1e2daf38c8ee402846', 'a20481', 1, 0);
INSERT INTO Transaction VALUES('6771277G897I0224V8', 'a20481', X'82d3592a4f977d8dd06efea3fe3165719c96e99e38274b1e2daf38c8ee402846', 2.05, '2020-05-06 15:54:36');
INSERT INTO Ticket VALUES(X'90cad383c0924f7419f20034d91fafd4b1dc7d0909ddf621e1ea82344641d469', 'a51166', 2, 0);
INSERT INTO Transaction VALUES('83X066374W968L0I30', 'a51166', X'90cad383c0924f7419f20034d91fafd4b1dc7d0909ddf621e1ea82344641d469', 2.7, '2020-05-27 08:56:29');
INSERT INTO Ticket VALUES(X'f9a49f8c8c8cdd79e909605cc0f6b93b0d732cbfda65431bf7a897d7caf65c8f', 'a21855', 2, 0);
INSERT INTO Transaction VALUES('697835364123191061', 'a21855', X'f9a49f8c8c8cdd79e909605cc0f6b93b0d732cbfda65431bf7a897d7caf65c8f', 2.7, '2020-04-17 06:10:33');
INSERT INTO Ticket VALUES(X'2be76a1c4f9133e5f873592f3b09d23b00c35101f0203a619a9bdc5a2f9e8696', 'a86517', 1, 0);
INSERT INTO Transaction VALUES('316632J70Q460829D2', 'a86517', X'2be76a1c4f9133e5f873592f3b09d23b00c35101f0203a619a9bdc5a2f9e8696', 2.05, '2020-03-28 11:44:42');
INSERT INTO Ticket VALUES(X'10b7973844b3b4c457eaf979daf01fe09d5b603235374b34cd1e3faf65289b9e', 'a69149', 1, 0);
INSERT INTO Transaction VALUES('004631796692921197', 'a69149', X'10b7973844b3b4c457eaf979daf01fe09d5b603235374b34cd1e3faf65289b9e', 2.05, '2020-04-07 18:56:45');
INSERT INTO Ticket VALUES(X'87083d96a598b989c06b18da3960e42f936f7207159fd6d77ce0913a031ea7ed', 'a84440', 1, 0);
INSERT INTO Transaction VALUES('77Z62743Z381147317', 'a84440', X'87083d96a598b989c06b18da3960e42f936f7207159fd6d77ce0913a031ea7ed', 2.05, '2020-06-17 11:54:36');
INSERT INTO Ticket VALUES(X'f57d974144739b51a95ca6f690dc57ee6efa4037c219ecd0aedfb5733b7afc29', 'a20044', 1, 0);
INSERT INTO Transaction VALUES('1E7W59D7447207XI29', 'a20044', X'f57d974144739b51a95ca6f690dc57ee6efa4037c219ecd0aedfb5733b7afc29', 2.05, '2020-06-25 12:17:00');
INSERT INTO Ticket VALUES(X'721c429ff1d8d1c6b18a1af707216f953fbc42c5efb80b4be52cc0244df1a4af', 'a12154', 2, 0);
INSERT INTO Transaction VALUES('24N8L1616045724D47', 'a12154', X'721c429ff1d8d1c6b18a1af707216f953fbc42c5efb80b4be52cc0244df1a4af', 2.7, '2020-05-03 02:16:29');
INSERT INTO Ticket VALUES(X'5317b3b9b55c704774d8831c66dda4692e68b46a9bf329ce54dbf848b51c6ae2', 'a81633', 1, 0);
INSERT INTO Transaction VALUES('2Y34M6518903157Y33', 'a81633', X'5317b3b9b55c704774d8831c66dda4692e68b46a9bf329ce54dbf848b51c6ae2', 2.05, '2020-06-10 00:01:31');
INSERT INTO Ticket VALUES(X'758884f2590a89fa59934abc50c93ba81babffa0e6611f5eed032c0e58611226', 'a35004', 2, 0);
INSERT INTO Transaction VALUES('M09537E32258037355', 'a35004', X'758884f2590a89fa59934abc50c93ba81babffa0e6611f5eed032c0e58611226', 2.7, '2020-03-29 09:57:54');
INSERT INTO Ticket VALUES(X'083a9c0227a7150005d80ad82a90dc10a8e84f3b9c2c0f2c5ba9ba779b4c14ce', 'a54354', 2, 0);
INSERT INTO Transaction VALUES('459S96783159046701', 'a54354', X'083a9c0227a7150005d80ad82a90dc10a8e84f3b9c2c0f2c5ba9ba779b4c14ce', 2.7, '2020-05-10 07:54:09');
INSERT INTO Ticket VALUES(X'a730ba9366807db53bf02b6316924c94a27c44bd08135b86fe79ea61a206d34d', 'a12248', 1, 0);
INSERT INTO Transaction VALUES('34119SR39698594X38', 'a12248', X'a730ba9366807db53bf02b6316924c94a27c44bd08135b86fe79ea61a206d34d', 2.05, '2020-05-04 00:20:52');
INSERT INTO Ticket VALUES(X'7130e9f704fbc8b38303370f197e5fabe335d0c75a660a46b62a55adbacaed52', 'a62141', 2, 0);
INSERT INTO Transaction VALUES('7045151394412M9673', 'a62141', X'7130e9f704fbc8b38303370f197e5fabe335d0c75a660a46b62a55adbacaed52', 2.7, '2020-05-03 17:05:22');
INSERT INTO Ticket VALUES(X'fbb123bec4f5771a3fa7d3b0593827f02897dbffde1cdef713c66a33076b7cc3', 'a29258', 2, 0);
INSERT INTO Transaction VALUES('57635553380269873P', 'a29258', X'fbb123bec4f5771a3fa7d3b0593827f02897dbffde1cdef713c66a33076b7cc3', 2.7, '2020-04-29 09:24:29');
INSERT INTO Ticket VALUES(X'0c9f91c51438aa7dff163c371c590fabe009e7cf591b1078c5fb83f82cf08707', 'a51166', 2, 0);
INSERT INTO Transaction VALUES('427021988U8858E188', 'a51166', X'0c9f91c51438aa7dff163c371c590fabe009e7cf591b1078c5fb83f82cf08707', 2.7, '2020-05-08 05:37:01');
INSERT INTO Ticket VALUES(X'50ec37a03d00b1138beece51fb67a8437cbcdcbbc5ee1cffb25b555068eea43e', 'a46982', 2, 0);
INSERT INTO Transaction VALUES('529828759544577347', 'a46982', X'50ec37a03d00b1138beece51fb67a8437cbcdcbbc5ee1cffb25b555068eea43e', 2.7, '2020-06-17 03:42:01');
INSERT INTO Ticket VALUES(X'4e951ab2085e9d168d3322fe0007477518f69e740cd90854dd4a5a53896c3bc4', 'a46471', 1, 0);
INSERT INTO Transaction VALUES('22264M295485119875', 'a46471', X'4e951ab2085e9d168d3322fe0007477518f69e740cd90854dd4a5a53896c3bc4', 2.05, '2020-05-28 11:58:22');
INSERT INTO Ticket VALUES(X'43a39b9bc9b230189f6e6231791dfc25438e9c8948346a02e07c64d8f045b479', 'a93012', 2, 0);
INSERT INTO Transaction VALUES('524P066556V4217755', 'a93012', X'43a39b9bc9b230189f6e6231791dfc25438e9c8948346a02e07c64d8f045b479', 2.7, '2020-04-28 17:14:53');
INSERT INTO Ticket VALUES(X'79def658bd0792db11a0b1749e79d2047e6949a68fde39be1557370b1d7bf217', 'a22705', 1, 0);
INSERT INTO Transaction VALUES('4V45DI083371159X16', 'a22705', X'79def658bd0792db11a0b1749e79d2047e6949a68fde39be1557370b1d7bf217', 2.05, '2020-05-01 21:47:59');
INSERT INTO Ticket VALUES(X'25163cec8ba90400d98afcea01afd28f88c6eaefe023ecead977279d82d15527', 'a49426', 1, 0);
INSERT INTO Transaction VALUES('01438019248R970778', 'a49426', X'25163cec8ba90400d98afcea01afd28f88c6eaefe023ecead977279d82d15527', 2.05, '2020-04-13 23:58:54');
INSERT INTO Ticket VALUES(X'4d1dd3345f1d5b87c0b301f3b14fafba930867e61d0ae3f26c968dddd570de0d', 'a36731', 1, 0);
INSERT INTO Transaction VALUES('555R71661515405014', 'a36731', X'4d1dd3345f1d5b87c0b301f3b14fafba930867e61d0ae3f26c968dddd570de0d', 2.05, '2020-06-02 19:02:34');
INSERT INTO Ticket VALUES(X'5240151cae6f90a927cd62195b1672aafb413222fae0ac4d13a518999fb4f8c3', 'a46982', 1, 0);
INSERT INTO Transaction VALUES('418220429200759002', 'a46982', X'5240151cae6f90a927cd62195b1672aafb413222fae0ac4d13a518999fb4f8c3', 2.05, '2020-04-17 14:33:12');
INSERT INTO Ticket VALUES(X'cb98d86b9e654f3df8dc4b87b1411ea43082ce18c4013e6919df018177a35200', 'a73073', 1, 0);
INSERT INTO Transaction VALUES('052588802878307438', 'a73073', X'cb98d86b9e654f3df8dc4b87b1411ea43082ce18c4013e6919df018177a35200', 2.05, '2020-05-23 09:15:53');
INSERT INTO Ticket VALUES(X'f286202997db34205a697856bc783a994df014f545350743d698222d07f6c481', 'a08585', 1, 0);
INSERT INTO Transaction VALUES('740835914W2080359R', 'a08585', X'f286202997db34205a697856bc783a994df014f545350743d698222d07f6c481', 2.05, '2020-05-05 15:40:16');
INSERT INTO Ticket VALUES(X'06a0a28bec65dcc410bacc2c9bccf0a968ba455c4e2cd13517e9f29c1da61f12', 'a61537', 1, 0);
INSERT INTO Transaction VALUES('05096J67012828L83H', 'a61537', X'06a0a28bec65dcc410bacc2c9bccf0a968ba455c4e2cd13517e9f29c1da61f12', 2.05, '2020-04-29 20:38:22');
INSERT INTO Ticket VALUES(X'40d7495ff6885b188921f094425ab7d016a1c8a6dca401c497f177e04e8f5d46', 'a46736', 1, 0);
INSERT INTO Transaction VALUES('264242077256193275', 'a46736', X'40d7495ff6885b188921f094425ab7d016a1c8a6dca401c497f177e04e8f5d46', 2.05, '2020-05-18 20:02:46');
INSERT INTO Ticket VALUES(X'3f22682d935fef07d9132639289133fba77addc8a13fa6203aa7e872d0f11c16', 'a53258', 2, 0);
INSERT INTO Transaction VALUES('61Y8253S8W08182211', 'a53258', X'3f22682d935fef07d9132639289133fba77addc8a13fa6203aa7e872d0f11c16', 2.7, '2020-06-11 07:44:17');
INSERT INTO Ticket VALUES(X'accac28965801c61e06e752a39b1fbce7416d9ff5ce892a269cb0430470080f6', 'a04176', 2, 0);
INSERT INTO Transaction VALUES('489253608908563000', 'a04176', X'accac28965801c61e06e752a39b1fbce7416d9ff5ce892a269cb0430470080f6', 2.7, '2020-04-02 05:17:36');
INSERT INTO Ticket VALUES(X'11a60e9e537973153e69c2b23c0654fa05fd01bdd49eb98029fdffea001774fc', 'a96704', 2, 0);
INSERT INTO Transaction VALUES('35016Z54Q8520022N7', 'a96704', X'11a60e9e537973153e69c2b23c0654fa05fd01bdd49eb98029fdffea001774fc', 2.7, '2020-05-12 19:16:28');
INSERT INTO Ticket VALUES(X'497babad6cfc2adad50a65510f1eb019a0abde11165544f38cf4b3c7ee227ac9', 'a66484', 1, 0);
INSERT INTO Transaction VALUES('2212637C95YT1O0064', 'a66484', X'497babad6cfc2adad50a65510f1eb019a0abde11165544f38cf4b3c7ee227ac9', 2.05, '2020-04-27 18:26:40');
INSERT INTO Ticket VALUES(X'37b4989e7a2187bf9500f0a5f13ae2a17439499418e6a7d220a68e9b4f535e52', 'a16297', 1, 0);
INSERT INTO Transaction VALUES('53744119675099296F', 'a16297', X'37b4989e7a2187bf9500f0a5f13ae2a17439499418e6a7d220a68e9b4f535e52', 2.05, '2020-03-28 20:42:01');
INSERT INTO Ticket VALUES(X'679b68d830e5c257fcccd02150f25379dc035a14aca3ee513fce67414fb702c4', 'a57258', 1, 0);
INSERT INTO Transaction VALUES('R17663716M05397645', 'a57258', X'679b68d830e5c257fcccd02150f25379dc035a14aca3ee513fce67414fb702c4', 2.05, '2020-05-27 05:59:20');
INSERT INTO Ticket VALUES(X'e8fa9697b13c2abb34623fd45c93e6621b50c5a28c98d0160ee060186b2e7df5', 'a58334', 2, 0);
INSERT INTO Transaction VALUES('008293368861276677', 'a58334', X'e8fa9697b13c2abb34623fd45c93e6621b50c5a28c98d0160ee060186b2e7df5', 2.7, '2020-06-13 20:31:49');
INSERT INTO Ticket VALUES(X'15a22a779db8ae66740b71a4d0a88e748531b144681f33e6c81107ea23622b0e', 'a50784', 2, 0);
INSERT INTO Transaction VALUES('396560A65389757U14', 'a50784', X'15a22a779db8ae66740b71a4d0a88e748531b144681f33e6c81107ea23622b0e', 2.7, '2020-05-02 19:57:29');
INSERT INTO Ticket VALUES(X'9d64f1c710c15c236823c48411f3030699a2b8721d2beb6819cbb3ec70fc7b3d', 'a28488', 1, 0);
INSERT INTO Transaction VALUES('049C592661816C6453', 'a28488', X'9d64f1c710c15c236823c48411f3030699a2b8721d2beb6819cbb3ec70fc7b3d', 2.05, '2020-05-01 19:19:05');
INSERT INTO Ticket VALUES(X'af6450bf10758795a87c3a89d4b8753a5a5e3c0a89925aab452bc5d9bee683b0', 'a75124', 2, 0);
INSERT INTO Transaction VALUES('868639176594908749', 'a75124', X'af6450bf10758795a87c3a89d4b8753a5a5e3c0a89925aab452bc5d9bee683b0', 2.7, '2020-05-21 10:25:15');
INSERT INTO Ticket VALUES(X'98ad885bdd53d3f6c3b49b40406c41bce270befd3d4c8205a7e744257599724e', 'a84440', 2, 0);
INSERT INTO Transaction VALUES('746D5558R115923157', 'a84440', X'98ad885bdd53d3f6c3b49b40406c41bce270befd3d4c8205a7e744257599724e', 2.7, '2020-04-05 12:01:02');
INSERT INTO Ticket VALUES(X'87cdb586bfab5d604a3be1c75bd1ae9ca4cc47d08f283e7eb1b30f0a16523395', 'a88212', 1, 0);
INSERT INTO Transaction VALUES('5280627T133942157J', 'a88212', X'87cdb586bfab5d604a3be1c75bd1ae9ca4cc47d08f283e7eb1b30f0a16523395', 2.05, '2020-04-23 15:43:12');
INSERT INTO Ticket VALUES(X'9bd0e998783bb1a9cb8025b22d5d853743d80e2439e3de038a2402ad8188f937', 'a51754', 2, 0);
INSERT INTO Transaction VALUES('033892X1522097F07V', 'a51754', X'9bd0e998783bb1a9cb8025b22d5d853743d80e2439e3de038a2402ad8188f937', 2.7, '2020-04-18 11:35:29');
INSERT INTO Ticket VALUES(X'b5eda55cb4d0aab0faa2833ab1635b4286a9848894dcce2f0e5e250273bf0249', 'a61887', 2, 0);
INSERT INTO Transaction VALUES('LO88X8035379746546', 'a61887', X'b5eda55cb4d0aab0faa2833ab1635b4286a9848894dcce2f0e5e250273bf0249', 2.7, '2020-06-14 13:47:13');
INSERT INTO Ticket VALUES(X'797490a161d1a116059ec4fec97dd26b41b2cb1b46e7127ee776f5c2522f0db5', 'a95152', 2, 0);
INSERT INTO Transaction VALUES('3486208610740Z2687', 'a95152', X'797490a161d1a116059ec4fec97dd26b41b2cb1b46e7127ee776f5c2522f0db5', 2.7, '2020-04-25 16:09:31');
INSERT INTO Ticket VALUES(X'861999131e8eb28dc6245ef106beef20fe0d4d7b5c86bda00844e7aa72989018', 'a00759', 1, 0);
INSERT INTO Transaction VALUES('832758353005367582', 'a00759', X'861999131e8eb28dc6245ef106beef20fe0d4d7b5c86bda00844e7aa72989018', 2.05, '2020-06-13 01:29:48');
INSERT INTO Ticket VALUES(X'738ba5cc333a37e5e48192311d85d224ce4306aa5c68e48be67bcbccd6b9dfbb', 'a85089', 1, 0);
INSERT INTO Transaction VALUES('127331V41284658220', 'a85089', X'738ba5cc333a37e5e48192311d85d224ce4306aa5c68e48be67bcbccd6b9dfbb', 2.05, '2020-07-01 21:32:13');
INSERT INTO Ticket VALUES(X'862a3bff357892d18689404bc26eb86d83b45a4bc127be85f24e98192b3b4430', 'a86025', 1, 0);
INSERT INTO Transaction VALUES('786827609426513O4N', 'a86025', X'862a3bff357892d18689404bc26eb86d83b45a4bc127be85f24e98192b3b4430', 2.05, '2020-06-26 10:50:36');
INSERT INTO Ticket VALUES(X'a979c9e6802cb81410f5589a284f451b4c43fdc21580b39ffe55ff83380ca02b', 'a52516', 1, 0);
INSERT INTO Transaction VALUES('6986017171L1067838', 'a52516', X'a979c9e6802cb81410f5589a284f451b4c43fdc21580b39ffe55ff83380ca02b', 2.05, '2020-04-09 22:23:04');
INSERT INTO Ticket VALUES(X'02a167e4926fc8a22d24621c19dd775d25956997a4d0716be840ba6aafdbe330', 'a62141', 1, 0);
INSERT INTO Transaction VALUES('0332372R6038743658', 'a62141', X'02a167e4926fc8a22d24621c19dd775d25956997a4d0716be840ba6aafdbe330', 2.05, '2020-04-22 09:46:29');
INSERT INTO Ticket VALUES(X'5680987a34181a1892bc2d3a08d72ffb2868fa39f87e9f47fb834bc786e94dd5', 'a80899', 2, 0);
INSERT INTO Transaction VALUES('666A40559044733897', 'a80899', X'5680987a34181a1892bc2d3a08d72ffb2868fa39f87e9f47fb834bc786e94dd5', 2.7, '2020-04-11 13:22:17');
INSERT INTO Ticket VALUES(X'6702eb7909237744b695f55dc988ac723c1bb524e0e5fb998a13267deb108004', 'a33876', 1, 0);
INSERT INTO Transaction VALUES('184111U412U9228472', 'a33876', X'6702eb7909237744b695f55dc988ac723c1bb524e0e5fb998a13267deb108004', 2.05, '2020-06-03 18:55:21');
INSERT INTO Ticket VALUES(X'0213f9417761c2ed9476a5bed5ea390a34ddbec1169db5007921094cc1647f13', 'a46471', 1, 0);
INSERT INTO Transaction VALUES('44874Z978188387654', 'a46471', X'0213f9417761c2ed9476a5bed5ea390a34ddbec1169db5007921094cc1647f13', 2.05, '2020-06-23 01:42:20');
INSERT INTO Ticket VALUES(X'62b6d1efe8c7b8075a714d8e95a0cba73fe91c92fab40dd3d8244c3ad7e69233', 'a80899', 2, 0);
INSERT INTO Transaction VALUES('144057204996049903', 'a80899', X'62b6d1efe8c7b8075a714d8e95a0cba73fe91c92fab40dd3d8244c3ad7e69233', 2.7, '2020-04-11 09:08:46');
INSERT INTO Ticket VALUES(X'f4834643c68d324f09475984db7a0efc3e1b7705c676fc28b97929689f8d5a57', 'a61832', 2, 0);
INSERT INTO Transaction VALUES('316760490498102480', 'a61832', X'f4834643c68d324f09475984db7a0efc3e1b7705c676fc28b97929689f8d5a57', 2.7, '2020-06-12 00:17:22');
INSERT INTO Ticket VALUES(X'cad0aaff9ec8ced88fafd9d13f014d365787702bf5f66d8305c4403307597961', 'a25353', 2, 0);
INSERT INTO Transaction VALUES('161711201E5988208W', 'a25353', X'cad0aaff9ec8ced88fafd9d13f014d365787702bf5f66d8305c4403307597961', 2.7, '2020-04-02 19:34:09');
INSERT INTO Ticket VALUES(X'38b3c84f0a0febee0ebdd191a08aa5bd3f4ff04997a17b494a7c9065fe2a97ff', 'a81593', 2, 0);
INSERT INTO Transaction VALUES('79605326662W263993', 'a81593', X'38b3c84f0a0febee0ebdd191a08aa5bd3f4ff04997a17b494a7c9065fe2a97ff', 2.7, '2020-04-11 03:10:58');
INSERT INTO Ticket VALUES(X'66891fdccfad5e13a56c21ed33706f23a1ee9e12d3d03fb8b54ca39aca6f176f', 'a12248', 1, 0);
INSERT INTO Transaction VALUES('9863581R41S0263666', 'a12248', X'66891fdccfad5e13a56c21ed33706f23a1ee9e12d3d03fb8b54ca39aca6f176f', 2.05, '2020-05-04 03:39:04');
INSERT INTO Ticket VALUES(X'33fd0362e6784a5ed269c215c638600e7035c9760f93f354f87849548b97848a', 'a50784', 2, 0);
INSERT INTO Transaction VALUES('17891787F16O0WXQ34', 'a50784', X'33fd0362e6784a5ed269c215c638600e7035c9760f93f354f87849548b97848a', 2.7, '2020-04-28 02:50:52');
INSERT INTO Ticket VALUES(X'64f94a739a02e7fea06f5d0465aeaa021668b24b428b8dea4ecba1cb174165fd', 'a81593', 1, 0);
INSERT INTO Transaction VALUES('747485834139877309', 'a81593', X'64f94a739a02e7fea06f5d0465aeaa021668b24b428b8dea4ecba1cb174165fd', 2.05, '2020-05-22 18:42:05');
INSERT INTO Ticket VALUES(X'9f2b30eee972286df8325a98f65fc7f9bc3c2a1355b497542201036a9bb3c13e', 'a04176', 2, 0);
INSERT INTO Transaction VALUES('068439768V76509LU2', 'a04176', X'9f2b30eee972286df8325a98f65fc7f9bc3c2a1355b497542201036a9bb3c13e', 2.7, '2020-05-26 19:42:39');
INSERT INTO Ticket VALUES(X'cfa808dd761ed9cf62e9a7b40e729e29ee4f332062fd98bc664fae270173aee5', 'a12462', 2, 0);
INSERT INTO Transaction VALUES('65687Z0Z4H88436946', 'a12462', X'cfa808dd761ed9cf62e9a7b40e729e29ee4f332062fd98bc664fae270173aee5', 2.7, '2020-05-09 19:50:53');
INSERT INTO Ticket VALUES(X'ab37478150fb62dcdaf83cae56286016847539faace15f677d42edf7198413c0', 'a37326', 2, 0);
INSERT INTO Transaction VALUES('703205916O42697116', 'a37326', X'ab37478150fb62dcdaf83cae56286016847539faace15f677d42edf7198413c0', 2.7, '2020-06-20 09:06:42');
INSERT INTO Ticket VALUES(X'd85eff36d4a6eefb7bf0130f6c7564cd6ea3156584a6e95cf88bd91faf598098', 'a86788', 1, 0);
INSERT INTO Transaction VALUES('736227619139827443', 'a86788', X'd85eff36d4a6eefb7bf0130f6c7564cd6ea3156584a6e95cf88bd91faf598098', 2.05, '2020-05-19 15:00:42');
INSERT INTO Ticket VALUES(X'8e75f026dba7dfca91f9450071c360ccba71bbd475e8c6012b41434870484326', 'a75124', 2, 0);
INSERT INTO Transaction VALUES('90850433621635F273', 'a75124', X'8e75f026dba7dfca91f9450071c360ccba71bbd475e8c6012b41434870484326', 2.7, '2020-04-14 00:16:45');
INSERT INTO Ticket VALUES(X'7a0775b37b39cdfce21fbe76f059b397e60f5e9fc240bcd9b78cf8a7d61d80d4', 'a46471', 1, 0);
INSERT INTO Transaction VALUES('M62616307K76685025', 'a46471', X'7a0775b37b39cdfce21fbe76f059b397e60f5e9fc240bcd9b78cf8a7d61d80d4', 2.05, '2020-04-30 09:02:14');
INSERT INTO Ticket VALUES(X'455ed3b798ce69c1f971b0a9ca6e614502a1f052631dd60181c8bc9973027b6b', 'a29258', 2, 0);
INSERT INTO Transaction VALUES('016915297I2252674J', 'a29258', X'455ed3b798ce69c1f971b0a9ca6e614502a1f052631dd60181c8bc9973027b6b', 2.7, '2020-06-25 21:57:55');
INSERT INTO Ticket VALUES(X'1bb990ec626536505eb1a2f1e4155f20ab1ea3d8b4ec64cc75826870c195e035', 'a90978', 2, 0);
INSERT INTO Transaction VALUES('9301220J0496439587', 'a90978', X'1bb990ec626536505eb1a2f1e4155f20ab1ea3d8b4ec64cc75826870c195e035', 2.7, '2020-04-29 00:25:25');
INSERT INTO Ticket VALUES(X'e7309c341d0059f76edd255dc726f0b2752af59530799928389c55578438ff8e', 'a80247', 1, 0);
INSERT INTO Transaction VALUES('05I810885184934038', 'a80247', X'e7309c341d0059f76edd255dc726f0b2752af59530799928389c55578438ff8e', 2.05, '2020-04-09 08:24:39');
INSERT INTO Ticket VALUES(X'0d7dee48a70e04367c41e1ee4a3ff60ce3c50068907ac3eb463f3096bf6654e9', 'a81633', 1, 0);
INSERT INTO Transaction VALUES('218374803477326869', 'a81633', X'0d7dee48a70e04367c41e1ee4a3ff60ce3c50068907ac3eb463f3096bf6654e9', 2.05, '2020-06-14 20:30:29');
INSERT INTO Ticket VALUES(X'c889da54a4bf147df69a3592300980d45e1704a9343fb3e10f86c818627f2a0d', 'a21855', 2, 0);
INSERT INTO Transaction VALUES('635015400887616314', 'a21855', X'c889da54a4bf147df69a3592300980d45e1704a9343fb3e10f86c818627f2a0d', 2.7, '2020-05-26 08:20:56');
INSERT INTO Ticket VALUES(X'41c10b5a117b03c8afa62ed6cea34a5cbbedd51169fa058f389346ceb03c3753', 'a33876', 2, 0);
INSERT INTO Transaction VALUES('4049084Z9E004FL17I', 'a33876', X'41c10b5a117b03c8afa62ed6cea34a5cbbedd51169fa058f389346ceb03c3753', 2.7, '2020-04-18 06:58:18');
INSERT INTO Ticket VALUES(X'73f3fe105d0dce2501658e7009b3ef31aa5fac16a747fb1f15f655b5194ceeb9', 'a58334', 1, 0);
INSERT INTO Transaction VALUES('13E17298946498H091', 'a58334', X'73f3fe105d0dce2501658e7009b3ef31aa5fac16a747fb1f15f655b5194ceeb9', 2.05, '2020-05-30 05:01:18');
INSERT INTO Ticket VALUES(X'14af4892840e3c2b479c687c66e81196adf9ee7924967d25af2c0551eba1914e', 'a39615', 2, 0);
INSERT INTO Transaction VALUES('6M133824QN5522504G', 'a39615', X'14af4892840e3c2b479c687c66e81196adf9ee7924967d25af2c0551eba1914e', 2.7, '2020-03-31 06:36:24');
INSERT INTO Ticket VALUES(X'b8fa7c5ecc229b77bfc423d82d16911aec4c9e26e5e99f7884e69a717b09df3a', 'a33876', 1, 0);
INSERT INTO Transaction VALUES('973074214123935473', 'a33876', X'b8fa7c5ecc229b77bfc423d82d16911aec4c9e26e5e99f7884e69a717b09df3a', 2.05, '2020-05-26 19:28:36');
INSERT INTO Ticket VALUES(X'50df06a8e45912612e053a20b9fa5bfadbf9177bc5f00ff588789a7303538e1f', 'a46736', 2, 0);
INSERT INTO Transaction VALUES('4835013293A4107650', 'a46736', X'50df06a8e45912612e053a20b9fa5bfadbf9177bc5f00ff588789a7303538e1f', 2.7, '2020-04-18 16:57:43');
INSERT INTO Ticket VALUES(X'a4985b13133b9c5c77a43c3de7f882eab4ef97408daf3e67871a72f6760a8dd2', 'a25353', 2, 0);
INSERT INTO Transaction VALUES('9565591304526P7025', 'a25353', X'a4985b13133b9c5c77a43c3de7f882eab4ef97408daf3e67871a72f6760a8dd2', 2.7, '2020-05-22 22:02:23');
INSERT INTO Ticket VALUES(X'ece537091b1a4f09b4fffb05fef8686a67b15831745a2e907cc434fa10288d50', 'a51166', 2, 0);
INSERT INTO Transaction VALUES('279582316684138672', 'a51166', X'ece537091b1a4f09b4fffb05fef8686a67b15831745a2e907cc434fa10288d50', 2.7, '2020-04-05 07:21:31');
INSERT INTO Ticket VALUES(X'a2dea47cf6889134306a48977f8032f2e6362ebd1560014970fa43c8e4c0ea5d', 'a08158', 2, 0);
INSERT INTO Transaction VALUES('1657F8325846660816', 'a08158', X'a2dea47cf6889134306a48977f8032f2e6362ebd1560014970fa43c8e4c0ea5d', 2.7, '2020-03-31 08:31:53');
INSERT INTO Ticket VALUES(X'3ed9524c84c3de4b85fa630dff1bcb58b5748710907ca7a32a28f9a768514eef', 'a72926', 1, 0);
INSERT INTO Transaction VALUES('C45168535814639998', 'a72926', X'3ed9524c84c3de4b85fa630dff1bcb58b5748710907ca7a32a28f9a768514eef', 2.05, '2020-07-02 12:03:39');
INSERT INTO Ticket VALUES(X'4b65a6dbd340574c1f90ba7bf6f56a9d5c2099523473473c91ee110a8da1fa79', 'a26053', 2, 0);
INSERT INTO Transaction VALUES('9A0228700905636097', 'a26053', X'4b65a6dbd340574c1f90ba7bf6f56a9d5c2099523473473c91ee110a8da1fa79', 2.7, '2020-04-16 20:22:24');
INSERT INTO Ticket VALUES(X'd65e9866c80052d54d702d90729668a77f34d8b1cd5c0d581eeaf24cc14fb0da', 'a54437', 1, 0);
INSERT INTO Transaction VALUES('5457641S44353SH102', 'a54437', X'd65e9866c80052d54d702d90729668a77f34d8b1cd5c0d581eeaf24cc14fb0da', 2.05, '2020-04-02 08:15:01');
INSERT INTO Ticket VALUES(X'13f19a72215976b2be8dc6c7f1609ef072e15276e321a4cb131774ab5a8f83fb', 'a80247', 2, 0);
INSERT INTO Transaction VALUES('9829816R4573173307', 'a80247', X'13f19a72215976b2be8dc6c7f1609ef072e15276e321a4cb131774ab5a8f83fb', 2.7, '2020-04-26 12:31:34');
INSERT INTO Ticket VALUES(X'e6547acdbcb17dfcb897cfbb10f60edc403d76c3583b784f2e0a83cd439911a4', 'a86517', 1, 0);
INSERT INTO Transaction VALUES('4E1296654521324321', 'a86517', X'e6547acdbcb17dfcb897cfbb10f60edc403d76c3583b784f2e0a83cd439911a4', 2.05, '2020-06-14 11:39:01');
INSERT INTO Ticket VALUES(X'a7e90e96807e621d29836049885c78613b8e492b21af31a68752dcc50d01f410', 'a69149', 1, 0);
INSERT INTO Transaction VALUES('644357009326760970', 'a69149', X'a7e90e96807e621d29836049885c78613b8e492b21af31a68752dcc50d01f410', 2.05, '2020-04-28 12:51:06');
INSERT INTO Ticket VALUES(X'040bba5c25f0ac637260e1c0ed489a241be68b5e8029008c029e035c1accacf9', 'a44839', 1, 0);
INSERT INTO Transaction VALUES('083930415263953429', 'a44839', X'040bba5c25f0ac637260e1c0ed489a241be68b5e8029008c029e035c1accacf9', 2.05, '2020-06-16 17:52:19');
INSERT INTO Ticket VALUES(X'f80c0015714094650d375d82fc2384bff5a7917eb4393cba35af88bf6ed05072', 'a55528', 2, 0);
INSERT INTO Transaction VALUES('708269997315342728', 'a55528', X'f80c0015714094650d375d82fc2384bff5a7917eb4393cba35af88bf6ed05072', 2.7, '2020-04-09 12:36:41');
INSERT INTO Ticket VALUES(X'355518c5c4ac2ddf4a10b5d05ee07d8934083cc22a3d6b596d5c5d6c376b8e10', 'a46982', 1, 0);
INSERT INTO Transaction VALUES('92252288W000200362', 'a46982', X'355518c5c4ac2ddf4a10b5d05ee07d8934083cc22a3d6b596d5c5d6c376b8e10', 2.05, '2020-05-18 20:10:14');
INSERT INTO Ticket VALUES(X'c3664b7b3a5afd06cc467d55a50fd71c4497f363feb15c64d09738b30f0c6edd', 'a48917', 2, 0);
INSERT INTO Transaction VALUES('134C320R1252961322', 'a48917', X'c3664b7b3a5afd06cc467d55a50fd71c4497f363feb15c64d09738b30f0c6edd', 2.7, '2020-04-30 04:53:10');
INSERT INTO Ticket VALUES(X'46d3f4a6be8cb674a67e54c7ba5cfc1fb2393f6320ccbcba69f644e31ea3e368', 'a62141', 2, 0);
INSERT INTO Transaction VALUES('82J5993022U2808205', 'a62141', X'46d3f4a6be8cb674a67e54c7ba5cfc1fb2393f6320ccbcba69f644e31ea3e368', 2.7, '2020-05-20 09:44:26');
INSERT INTO Ticket VALUES(X'6d1f1700c4d2c4409e70800902dbb0b4562f02aab594e73cb4b07ffa432e8a33', 'a93451', 1, 0);
INSERT INTO Transaction VALUES('F526H912407R303478', 'a93451', X'6d1f1700c4d2c4409e70800902dbb0b4562f02aab594e73cb4b07ffa432e8a33', 2.05, '2020-06-30 13:14:48');
INSERT INTO Ticket VALUES(X'211b877d3835bae13de242b24a2b95e468010fdb3de5ce06e5bdfadcc9d68816', 'a58814', 1, 0);
INSERT INTO Transaction VALUES('904298320705A7O16J', 'a58814', X'211b877d3835bae13de242b24a2b95e468010fdb3de5ce06e5bdfadcc9d68816', 2.05, '2020-06-08 07:31:06');
INSERT INTO Ticket VALUES(X'9219057397355f3603365b8a1d2e634f4f2174833b4119e495ce95f56c6348f0', 'a20481', 1, 0);
INSERT INTO Transaction VALUES('833102122665630469', 'a20481', X'9219057397355f3603365b8a1d2e634f4f2174833b4119e495ce95f56c6348f0', 2.05, '2020-05-29 21:11:10');
INSERT INTO Ticket VALUES(X'46abc7bb751b8841b820e9e4dd7b3e8c11ea95a5ebff2901999ed16082680728', 'a12248', 2, 0);
INSERT INTO Transaction VALUES('417E15447605M819B2', 'a12248', X'46abc7bb751b8841b820e9e4dd7b3e8c11ea95a5ebff2901999ed16082680728', 2.7, '2020-04-30 05:58:02');
INSERT INTO Ticket VALUES(X'9c2e4e6d38f8eee17fee944c0aee90dad9a26d47fcb9da7fe21d8eadce6f573a', 'a79863', 1, 0);
INSERT INTO Transaction VALUES('01150F80834O37136N', 'a79863', X'9c2e4e6d38f8eee17fee944c0aee90dad9a26d47fcb9da7fe21d8eadce6f573a', 2.05, '2020-04-26 02:43:24');
INSERT INTO Ticket VALUES(X'8598d328f863bd571b570d953345aa31b4f3022862ba203d3fb9385d0d317dd7', 'a87120', 2, 0);
INSERT INTO Transaction VALUES('79467005470R556077', 'a87120', X'8598d328f863bd571b570d953345aa31b4f3022862ba203d3fb9385d0d317dd7', 2.7, '2020-04-27 16:37:44');
INSERT INTO Ticket VALUES(X'25e696aad55d351dca17302c5f108c97466cf3572e2ed7b111f75f67dd8dfbee', 'a16297', 2, 0);
INSERT INTO Transaction VALUES('66PE1022722759P9L1', 'a16297', X'25e696aad55d351dca17302c5f108c97466cf3572e2ed7b111f75f67dd8dfbee', 2.7, '2020-06-10 07:34:58');
INSERT INTO Ticket VALUES(X'10e2ef15a20c36a140a97ff0d76f6c539243e989339ccf76a2fc04aa8179115c', 'a12248', 1, 0);
INSERT INTO Transaction VALUES('019162497D248487T9', 'a12248', X'10e2ef15a20c36a140a97ff0d76f6c539243e989339ccf76a2fc04aa8179115c', 2.05, '2020-04-10 05:04:59');
INSERT INTO Ticket VALUES(X'f9ab3d4e4368ae001f2d84ac6ce236443e26fe29c7bd5f629b57cca4a357c5cf', 'a58334', 2, 0);
INSERT INTO Transaction VALUES('68919H745395442003', 'a58334', X'f9ab3d4e4368ae001f2d84ac6ce236443e26fe29c7bd5f629b57cca4a357c5cf', 2.7, '2020-04-16 14:57:37');
INSERT INTO Ticket VALUES(X'e693b5ec5a925e4f99614ed814412bb4be4d699613ad19e6f039167d0987d797', 'a61312', 1, 0);
INSERT INTO Transaction VALUES('X42J96872407831219', 'a61312', X'e693b5ec5a925e4f99614ed814412bb4be4d699613ad19e6f039167d0987d797', 2.05, '2020-04-21 10:03:00');
INSERT INTO Ticket VALUES(X'e6cf31c5187cec080bfc1ad4fb0942bbe310593b81ef0ca71939063e3a40ecb5', 'a43248', 2, 0);
INSERT INTO Transaction VALUES('860S54237645086463', 'a43248', X'e6cf31c5187cec080bfc1ad4fb0942bbe310593b81ef0ca71939063e3a40ecb5', 2.7, '2020-05-10 17:06:20');
INSERT INTO Ticket VALUES(X'5e0718c7b3314f2d171e5a02d8e5f31d1a39b1f35b49a3a279c504506a52005e', 'a25353', 2, 0);
INSERT INTO Transaction VALUES('9126043AF158884531', 'a25353', X'5e0718c7b3314f2d171e5a02d8e5f31d1a39b1f35b49a3a279c504506a52005e', 2.7, '2020-06-21 16:34:28');
INSERT INTO Ticket VALUES(X'e0410a983c6c16f92e60529243b79911f1354003d9ae87b906de518117dadccc', 'a79863', 1, 0);
INSERT INTO Transaction VALUES('58924810254U480984', 'a79863', X'e0410a983c6c16f92e60529243b79911f1354003d9ae87b906de518117dadccc', 2.05, '2020-05-05 10:34:44');
INSERT INTO Ticket VALUES(X'c137b54d87517cc573a5c0d53f093ede95bf1ca1fdc513e66cf2591367b9e866', 'a26053', 1, 0);
INSERT INTO Transaction VALUES('430162870309140025', 'a26053', X'c137b54d87517cc573a5c0d53f093ede95bf1ca1fdc513e66cf2591367b9e866', 2.05, '2020-05-01 21:55:03');
INSERT INTO Ticket VALUES(X'970c8799dd3b8c55e2cc6f952ebd9f55f2835c2fe746f6a772548ee9fcfdac1b', 'a75124', 2, 0);
INSERT INTO Transaction VALUES('4O1433031F56Y2934D', 'a75124', X'970c8799dd3b8c55e2cc6f952ebd9f55f2835c2fe746f6a772548ee9fcfdac1b', 2.7, '2020-03-31 16:05:47');
INSERT INTO Ticket VALUES(X'73324d09a01d0d0449df63e35bf530aad0b7f313cfe076b5a015112c566e4251', 'a99616', 1, 0);
INSERT INTO Transaction VALUES('13C214M7G406866501', 'a99616', X'73324d09a01d0d0449df63e35bf530aad0b7f313cfe076b5a015112c566e4251', 2.05, '2020-04-19 11:19:55');
INSERT INTO Ticket VALUES(X'6501b2c3ebe780d998888c6b711ac6bf6bd74d5b9083c11025faeada1fd7f55b', 'a85089', 2, 0);
INSERT INTO Transaction VALUES('911648044A29655011', 'a85089', X'6501b2c3ebe780d998888c6b711ac6bf6bd74d5b9083c11025faeada1fd7f55b', 2.7, '2020-04-04 05:06:04');
INSERT INTO Ticket VALUES(X'2bd0db2ee48df34e8ab34524ade6f52491e04175cc2adeccf1f2c948bc98a93d', 'a12154', 2, 0);
INSERT INTO Transaction VALUES('0317682X6712400861', 'a12154', X'2bd0db2ee48df34e8ab34524ade6f52491e04175cc2adeccf1f2c948bc98a93d', 2.7, '2020-06-25 20:22:57');
INSERT INTO Ticket VALUES(X'721428f516ec0fea4924471de911fdf0ab1d2c499c8f2257cdf1f5d752a56e3f', 'a04176', 2, 0);
INSERT INTO Transaction VALUES('11U86057014332H987', 'a04176', X'721428f516ec0fea4924471de911fdf0ab1d2c499c8f2257cdf1f5d752a56e3f', 2.7, '2020-05-13 17:25:18');
INSERT INTO Ticket VALUES(X'29d8dac62cfc808ceb51737bc300443372c3ea80441016bc0caff5c6e4669932', 'a29258', 2, 0);
INSERT INTO Transaction VALUES('163363386138474684', 'a29258', X'29d8dac62cfc808ceb51737bc300443372c3ea80441016bc0caff5c6e4669932', 2.7, '2020-05-31 18:05:11');
INSERT INTO Ticket VALUES(X'99039bd26bbfe2858644b5c2ad0e05e1dc29093eb0fa1533ae223720201bc932', 'a69149', 2, 0);
INSERT INTO Transaction VALUES('3480377811324E1S62', 'a69149', X'99039bd26bbfe2858644b5c2ad0e05e1dc29093eb0fa1533ae223720201bc932', 2.7, '2020-05-13 11:31:02');
INSERT INTO Ticket VALUES(X'1ead54481978b2817db54c1ec6f09cbf8c5c669854e5de0288361400c4d11a5c', 'a00286', 2, 0);
INSERT INTO Transaction VALUES('213942466890325990', 'a00286', X'1ead54481978b2817db54c1ec6f09cbf8c5c669854e5de0288361400c4d11a5c', 2.7, '2020-04-30 15:52:46');
INSERT INTO Ticket VALUES(X'740c1c7c148d98d31163c3f16ce26ae3aadcb9d2e3da2e1a12cee1374ca50012', 'a20044', 1, 0);
INSERT INTO Transaction VALUES('0M6416353761601322', 'a20044', X'740c1c7c148d98d31163c3f16ce26ae3aadcb9d2e3da2e1a12cee1374ca50012', 2.05, '2020-06-07 06:06:48');
INSERT INTO Ticket VALUES(X'64762b6167c63d9f2428c85658bc77d69b7f0722931acc9418b8c73f44523aaa', 'a12248', 1, 0);
INSERT INTO Transaction VALUES('815489985117024678', 'a12248', X'64762b6167c63d9f2428c85658bc77d69b7f0722931acc9418b8c73f44523aaa', 2.05, '2020-05-04 00:29:47');
INSERT INTO Ticket VALUES(X'6dd9536dc923f8397157645e3d8ea22a0113f6f140f37bca2a686747c5421929', 'a00759', 2, 0);
INSERT INTO Transaction VALUES('352075197428705775', 'a00759', X'6dd9536dc923f8397157645e3d8ea22a0113f6f140f37bca2a686747c5421929', 2.7, '2020-03-26 21:32:15');
INSERT INTO Ticket VALUES(X'eeadcc82ec3bba1dead1474bfd61aa06f242580716d3d22407e122c52be992c0', 'a75124', 2, 0);
INSERT INTO Transaction VALUES('737670B46560683375', 'a75124', X'eeadcc82ec3bba1dead1474bfd61aa06f242580716d3d22407e122c52be992c0', 2.7, '2020-06-05 22:50:50');
INSERT INTO Ticket VALUES(X'83731202177002b660f6f1a779eabba2b8763b01ff35356e92fc6bd49cc06b1d', 'a80899', 1, 0);
INSERT INTO Transaction VALUES('52620P68D8488P2985', 'a80899', X'83731202177002b660f6f1a779eabba2b8763b01ff35356e92fc6bd49cc06b1d', 2.05, '2020-03-28 14:36:12');
INSERT INTO Ticket VALUES(X'c8b7611669209abaa13410a215772401936303b3acb4fdc5852bf9c9ce791587', 'a62910', 2, 0);
INSERT INTO Transaction VALUES('270116171790712770', 'a62910', X'c8b7611669209abaa13410a215772401936303b3acb4fdc5852bf9c9ce791587', 2.7, '2020-07-01 01:55:36');
INSERT INTO Ticket VALUES(X'e7c42942eafa2f494515174c9b7a9e013a11743e4afa20ed8cd305162b3379a3', 'a86968', 1, 0);
INSERT INTO Transaction VALUES('3L40S2526372398853', 'a86968', X'e7c42942eafa2f494515174c9b7a9e013a11743e4afa20ed8cd305162b3379a3', 2.05, '2020-06-23 02:40:50');
INSERT INTO Ticket VALUES(X'17a2d20c7bb970f2b612a6912d6be9da21b365a4e365b5f5475094e097d7add0', 'a44839', 2, 0);
INSERT INTO Transaction VALUES('309345179925157891', 'a44839', X'17a2d20c7bb970f2b612a6912d6be9da21b365a4e365b5f5475094e097d7add0', 2.7, '2020-04-19 09:05:14');
INSERT INTO Ticket VALUES(X'2f302c6e6d6fe1f83ef2ebe331304c2de09603c776693206c7a99a1fb56d8c28', 'a54437', 1, 0);
INSERT INTO Transaction VALUES('67H40G155811613971', 'a54437', X'2f302c6e6d6fe1f83ef2ebe331304c2de09603c776693206c7a99a1fb56d8c28', 2.05, '2020-04-19 07:13:22');
INSERT INTO Ticket VALUES(X'beff207943cb04a72727bdd7aa7cc1362bc742fed6a7a6aaa58d1470bfc1d932', 'a08585', 2, 0);
INSERT INTO Transaction VALUES('234606621066702160', 'a08585', X'beff207943cb04a72727bdd7aa7cc1362bc742fed6a7a6aaa58d1470bfc1d932', 2.7, '2020-04-25 03:47:28');
INSERT INTO Ticket VALUES(X'1a101cfc4004913c8b8e5b80231944ac53ad011715f532c83e7a528468a63301', 'a08158', 2, 0);
INSERT INTO Transaction VALUES('5844426J2366I8UQ46', 'a08158', X'1a101cfc4004913c8b8e5b80231944ac53ad011715f532c83e7a528468a63301', 2.7, '2020-06-01 09:37:54');
INSERT INTO Ticket VALUES(X'3da5d93b27ae8721097d32d56bf3e5320c6e3c68b96599e817629635a4d5cf88', 'a51166', 1, 0);
INSERT INTO Transaction VALUES('P6584Z327286E4K638', 'a51166', X'3da5d93b27ae8721097d32d56bf3e5320c6e3c68b96599e817629635a4d5cf88', 2.05, '2020-04-19 02:17:51');
INSERT INTO Ticket VALUES(X'68978817e0ad851f7870777d983b12a1d01d35a7d4052067c57f9031bfe3e29f', 'a12867', 1, 0);
INSERT INTO Transaction VALUES('295261520002734716', 'a12867', X'68978817e0ad851f7870777d983b12a1d01d35a7d4052067c57f9031bfe3e29f', 2.05, '2020-07-02 10:38:24');
INSERT INTO Ticket VALUES(X'25ec8194b3416dc5ffb063266fbafdd5e3b146b635ddce532d5a05e7e6f4c599', 'a75258', 1, 0);
INSERT INTO Transaction VALUES('620J797J8217050896', 'a75258', X'25ec8194b3416dc5ffb063266fbafdd5e3b146b635ddce532d5a05e7e6f4c599', 2.05, '2020-04-15 05:00:05');
INSERT INTO Ticket VALUES(X'd229586beedaa3f896f6b32cfe479fe1862ee1e1ad5bda904d279240a0344f4d', 'a04094', 1, 0);
INSERT INTO Transaction VALUES('4462T4462379918300', 'a04094', X'd229586beedaa3f896f6b32cfe479fe1862ee1e1ad5bda904d279240a0344f4d', 2.05, '2020-06-14 07:15:13');
INSERT INTO Ticket VALUES(X'e074d2ca9bd15edb17cae0fb92955394008c8a6f1a109929e87306c7af88ae31', 'a93012', 1, 0);
INSERT INTO Transaction VALUES('V6501370927544N217', 'a93012', X'e074d2ca9bd15edb17cae0fb92955394008c8a6f1a109929e87306c7af88ae31', 2.05, '2020-06-06 02:51:10');
INSERT INTO Ticket VALUES(X'd5f97c572eccad164787075de67629959ce75ef8a1a2f6d7207708996d4b08cd', 'a58334', 1, 0);
INSERT INTO Transaction VALUES('9992748692623290Y8', 'a58334', X'd5f97c572eccad164787075de67629959ce75ef8a1a2f6d7207708996d4b08cd', 2.05, '2020-05-01 13:20:30');
INSERT INTO Ticket VALUES(X'9a1657e792b62f9630da8aed5d30b05498a87c5cf22b2036fed6c4d29f893734', 'a28488', 2, 0);
INSERT INTO Transaction VALUES('81085349T47868815C', 'a28488', X'9a1657e792b62f9630da8aed5d30b05498a87c5cf22b2036fed6c4d29f893734', 2.7, '2020-04-27 20:15:40');
INSERT INTO Ticket VALUES(X'fa58ff12dee7c7a88c7449a57a9caecc3208b0baa62db4a5695768cff6764eb1', 'a38536', 2, 0);
INSERT INTO Transaction VALUES('I5B96827102Q201096', 'a38536', X'fa58ff12dee7c7a88c7449a57a9caecc3208b0baa62db4a5695768cff6764eb1', 2.7, '2020-06-16 13:36:20');
INSERT INTO Ticket VALUES(X'70875714c814bf20f43e06fe103c223d9ee771ef586651631d1ebe124abf108f', 'a54437', 1, 0);
INSERT INTO Transaction VALUES('370542268495573624', 'a54437', X'70875714c814bf20f43e06fe103c223d9ee771ef586651631d1ebe124abf108f', 2.05, '2020-05-13 09:00:15');
INSERT INTO Ticket VALUES(X'1c9726d6a68f4bfdec85a2d89250ab4937b62f0d52f5c8a814255c5e4697a3c5', 'a21855', 1, 0);
INSERT INTO Transaction VALUES('552402O293629M7527', 'a21855', X'1c9726d6a68f4bfdec85a2d89250ab4937b62f0d52f5c8a814255c5e4697a3c5', 2.05, '2020-06-04 18:33:08');
INSERT INTO Ticket VALUES(X'58221a114baedfb39435bba794230e6532d00aa384596068bf15a578d0975060', 'a16297', 1, 0);
INSERT INTO Transaction VALUES('760354U5802052486G', 'a16297', X'58221a114baedfb39435bba794230e6532d00aa384596068bf15a578d0975060', 2.05, '2020-05-29 05:49:50');
INSERT INTO Ticket VALUES(X'51e668520bc6d658e3653674e0acb794de37c19dfec3b134c38330e6e7d4d991', 'a91123', 2, 0);
INSERT INTO Transaction VALUES('X22842214K18733423', 'a91123', X'51e668520bc6d658e3653674e0acb794de37c19dfec3b134c38330e6e7d4d991', 2.7, '2020-05-23 20:18:46');
INSERT INTO Ticket VALUES(X'06d362d01ca6e2a3c0474660bd3761c1ad3388bdd44324ba1a27beeaef23378f', 'a27360', 1, 0);
INSERT INTO Transaction VALUES('8819495529616247YW', 'a27360', X'06d362d01ca6e2a3c0474660bd3761c1ad3388bdd44324ba1a27beeaef23378f', 2.05, '2020-05-30 23:37:23');
INSERT INTO Ticket VALUES(X'86de25c54449f55bc627b5c4c8ead0859ea338114f30ab6fdfdaf6c97376b183', 'a26273', 2, 0);
INSERT INTO Transaction VALUES('6436674E6G85581358', 'a26273', X'86de25c54449f55bc627b5c4c8ead0859ea338114f30ab6fdfdaf6c97376b183', 2.7, '2020-04-23 00:01:37');
INSERT INTO Ticket VALUES(X'1b8a393cfcf8e70c757ebb20fb2229119f355b26c6891f4913c50977db370085', 'a08220', 2, 0);
INSERT INTO Transaction VALUES('3228158391095P6213', 'a08220', X'1b8a393cfcf8e70c757ebb20fb2229119f355b26c6891f4913c50977db370085', 2.7, '2020-05-08 15:38:43');
INSERT INTO Ticket VALUES(X'9dc0b73a57e41610e2a858fbe58c17afed1242db7d6ef6faefe67d60e8c6ed34', 'a61312', 1, 0);
INSERT INTO Transaction VALUES('1E30AJ044547699773', 'a61312', X'9dc0b73a57e41610e2a858fbe58c17afed1242db7d6ef6faefe67d60e8c6ed34', 2.05, '2020-07-03 16:06:12');
INSERT INTO Ticket VALUES(X'a731aa18162a8779682af5051ddd99109ad4143487ac2aa8e69ff90d04293633', 'a22705', 2, 0);
INSERT INTO Transaction VALUES('402448128X938894K3', 'a22705', X'a731aa18162a8779682af5051ddd99109ad4143487ac2aa8e69ff90d04293633', 2.7, '2020-04-05 14:54:05');
INSERT INTO Ticket VALUES(X'37d3723c8e95ada2edab57c9567ae96d3db3c7cad0c5c60618c4abedb679ab05', 'a90730', 2, 0);
INSERT INTO Transaction VALUES('1236R9970163711217', 'a90730', X'37d3723c8e95ada2edab57c9567ae96d3db3c7cad0c5c60618c4abedb679ab05', 2.7, '2020-05-27 16:07:33');
INSERT INTO Ticket VALUES(X'6a47fcb20c7cea2264cc4d15115a88eeebe06c289b5f355fbb7daa91cf9fb2be', 'a08220', 1, 0);
INSERT INTO Transaction VALUES('1565912360A8005445', 'a08220', X'6a47fcb20c7cea2264cc4d15115a88eeebe06c289b5f355fbb7daa91cf9fb2be', 2.05, '2020-05-07 08:53:49');
INSERT INTO Ticket VALUES(X'70ab749a58882c592e19a930ad9fe6bf3062c009b745050586eb81a6cf3c40d7', 'a87514', 1, 0);
INSERT INTO Transaction VALUES('587953277O70345331', 'a87514', X'70ab749a58882c592e19a930ad9fe6bf3062c009b745050586eb81a6cf3c40d7', 2.05, '2020-06-29 18:41:25');
INSERT INTO Ticket VALUES(X'047102d64fc99c18bd2f19597a9302421b139041d6bd9b1483ac484c461733da', 'a44839', 1, 0);
INSERT INTO Transaction VALUES('8452142571J8095582', 'a44839', X'047102d64fc99c18bd2f19597a9302421b139041d6bd9b1483ac484c461733da', 2.05, '2020-06-30 15:32:32');
INSERT INTO Ticket VALUES(X'ec627e42a608c6d18d1d56e0defb5a370e5181e6b10e80716f953b3a3ee007f4', 'a00286', 2, 0);
INSERT INTO Transaction VALUES('41N628868587584578', 'a00286', X'ec627e42a608c6d18d1d56e0defb5a370e5181e6b10e80716f953b3a3ee007f4', 2.7, '2020-05-25 06:29:21');
INSERT INTO Ticket VALUES(X'c8825b0ba566850d6b8cab2adb221b75461c79e62af998b6fce26867d07ef241', 'a46769', 1, 0);
INSERT INTO Transaction VALUES('853L0W3360J1434476', 'a46769', X'c8825b0ba566850d6b8cab2adb221b75461c79e62af998b6fce26867d07ef241', 2.05, '2020-04-29 13:00:33');
INSERT INTO Ticket VALUES(X'75cdd39d4471d68c4c2d2eea83a7801973f730ecd4a75d9fc751fdf3ab5740fc', 'a38536', 2, 0);
INSERT INTO Transaction VALUES('920061840183096J61', 'a38536', X'75cdd39d4471d68c4c2d2eea83a7801973f730ecd4a75d9fc751fdf3ab5740fc', 2.7, '2020-04-02 14:15:17');
INSERT INTO Ticket VALUES(X'5ebd6576024b45731e634810ebb64e3f9ead233db3b1d60702c12f231968e8b8', 'a73073', 1, 0);
INSERT INTO Transaction VALUES('322352683578815165', 'a73073', X'5ebd6576024b45731e634810ebb64e3f9ead233db3b1d60702c12f231968e8b8', 2.05, '2020-05-14 00:30:37');
INSERT INTO Ticket VALUES(X'f587de5a45e85a2a1320dc09a8c625e78025d589165edb4bffda601470e29bb6', 'a58334', 2, 0);
INSERT INTO Transaction VALUES('58AN692351P1175103', 'a58334', X'f587de5a45e85a2a1320dc09a8c625e78025d589165edb4bffda601470e29bb6', 2.7, '2020-06-26 08:19:02');
INSERT INTO Ticket VALUES(X'31115ae0de3a2879a738373d0ac5c616916a42b014bcf03e3a5e5c6b15e0efc4', 'a87120', 2, 0);
INSERT INTO Transaction VALUES('8291C841D79592M636', 'a87120', X'31115ae0de3a2879a738373d0ac5c616916a42b014bcf03e3a5e5c6b15e0efc4', 2.7, '2020-04-07 01:55:57');
INSERT INTO Ticket VALUES(X'dcd66c29fa2c548e2a76c8d627fcb79c33bf7839f6ccf0acccdcd566d4c28ea5', 'a50559', 1, 0);
INSERT INTO Transaction VALUES('3762QN091128464835', 'a50559', X'dcd66c29fa2c548e2a76c8d627fcb79c33bf7839f6ccf0acccdcd566d4c28ea5', 2.05, '2020-05-19 15:43:09');
INSERT INTO Ticket VALUES(X'84c718b197acd5e8f6ef07ea27b5db9850d51085368243790e3b2f00e3c6ac3b', 'a20044', 1, 0);
INSERT INTO Transaction VALUES('1S1663E18010825631', 'a20044', X'84c718b197acd5e8f6ef07ea27b5db9850d51085368243790e3b2f00e3c6ac3b', 2.05, '2020-04-03 00:50:38');
INSERT INTO Ticket VALUES(X'7a3400de721e8baa481d400a8d77e5342aa687b785f13828419a3c31f4186fc8', 'a91123', 2, 0);
INSERT INTO Transaction VALUES('15Y104614713783459', 'a91123', X'7a3400de721e8baa481d400a8d77e5342aa687b785f13828419a3c31f4186fc8', 2.7, '2020-06-16 04:13:36');
INSERT INTO Ticket VALUES(X'69343a33f0fa9d2d8f8ef2b5151e1c5fb630f016343ef0e62339d4376dd6ea97', 'a46769', 2, 0);
INSERT INTO Transaction VALUES('148295398659569921', 'a46769', X'69343a33f0fa9d2d8f8ef2b5151e1c5fb630f016343ef0e62339d4376dd6ea97', 2.7, '2020-06-09 11:43:01');
INSERT INTO Ticket VALUES(X'9d75cb6e4c427da42a2a0d8f081c8c9ca325e0b89296730e4f1a41c3598cf441', 'a62910', 1, 0);
INSERT INTO Transaction VALUES('L5919807494270Z58D', 'a62910', X'9d75cb6e4c427da42a2a0d8f081c8c9ca325e0b89296730e4f1a41c3598cf441', 2.05, '2020-04-05 03:06:22');
INSERT INTO Ticket VALUES(X'af4a6493aa7267377ec0f87c5074625bcec70d181f1824484440c52781bb1f66', 'a87514', 1, 0);
INSERT INTO Transaction VALUES('L1434215288Y360070', 'a87514', X'af4a6493aa7267377ec0f87c5074625bcec70d181f1824484440c52781bb1f66', 2.05, '2020-04-10 03:12:17');
INSERT INTO Ticket VALUES(X'4a0521568b3a686cdd2d1d6d278e2eaef62fbba815eadac602d018d50379273c', 'a51166', 1, 0);
INSERT INTO Transaction VALUES('45312060796M334T23', 'a51166', X'4a0521568b3a686cdd2d1d6d278e2eaef62fbba815eadac602d018d50379273c', 2.05, '2020-03-26 09:17:54');
INSERT INTO Ticket VALUES(X'454ee58f6fe52e8e0266e4ce05b37193bd57e726fda686eb843c0362bc11e9d6', 'a63317', 1, 0);
INSERT INTO Transaction VALUES('4919901W81433J5897', 'a63317', X'454ee58f6fe52e8e0266e4ce05b37193bd57e726fda686eb843c0362bc11e9d6', 2.05, '2020-05-10 18:25:14');
INSERT INTO Ticket VALUES(X'dafc7c46b8daf48741b6a178db273f8d58632ec475fcce7e2ffabab000abfb0d', 'a27360', 1, 0);
INSERT INTO Transaction VALUES('Y197275U0Z08012780', 'a27360', X'dafc7c46b8daf48741b6a178db273f8d58632ec475fcce7e2ffabab000abfb0d', 2.05, '2020-04-26 11:39:55');
INSERT INTO Ticket VALUES(X'aabd158790c2055a9a8c509b56625f19e7d2c51165857e323de825468ade871c', 'a08585', 2, 0);
INSERT INTO Transaction VALUES('163484D6U05879000E', 'a08585', X'aabd158790c2055a9a8c509b56625f19e7d2c51165857e323de825468ade871c', 2.7, '2020-04-05 02:01:47');
INSERT INTO Ticket VALUES(X'537a88befed7ffb25a7bdd5ccc4a4fe8ef579cca436267f3fd85e88e7085d68f', 'a61887', 2, 0);
INSERT INTO Transaction VALUES('1750301W0471585173', 'a61887', X'537a88befed7ffb25a7bdd5ccc4a4fe8ef579cca436267f3fd85e88e7085d68f', 2.7, '2020-04-29 13:30:11');
INSERT INTO Ticket VALUES(X'4c7eb80b92ffbc5313c711fd2c1dc02011c01f88d3123169106ee198cfbb5090', 'a67736', 2, 0);
INSERT INTO Transaction VALUES('429818685937680496', 'a67736', X'4c7eb80b92ffbc5313c711fd2c1dc02011c01f88d3123169106ee198cfbb5090', 2.7, '2020-06-04 13:29:44');
INSERT INTO Ticket VALUES(X'17e3edd5db3413f758d10fb00fc391387ad7c38f93200f5203ccc45e42c55bd8', 'a17359', 2, 0);
INSERT INTO Transaction VALUES('1904FS551590663176', 'a17359', X'17e3edd5db3413f758d10fb00fc391387ad7c38f93200f5203ccc45e42c55bd8', 2.7, '2020-05-28 14:18:43');
INSERT INTO Ticket VALUES(X'ea6e556f6e43dba4b1f5d0201922407683dedca323b3e92c9699dc419aeea536', 'a08585', 1, 0);
INSERT INTO Transaction VALUES('7506T1892Q15335161', 'a08585', X'ea6e556f6e43dba4b1f5d0201922407683dedca323b3e92c9699dc419aeea536', 2.05, '2020-05-23 03:16:21');
INSERT INTO Ticket VALUES(X'7bf384a9074be04ad432054edc670247e1eec5e83d41aac985bc52481cd779f1', 'a62910', 1, 0);
INSERT INTO Transaction VALUES('051663860463063529', 'a62910', X'7bf384a9074be04ad432054edc670247e1eec5e83d41aac985bc52481cd779f1', 2.05, '2020-04-06 18:39:04');
INSERT INTO Ticket VALUES(X'28d6c6ccfef5d7e55e7730fcd1b667c2e8dfaa704b732e26b45ca9afd9996493', 'a63317', 2, 0);
INSERT INTO Transaction VALUES('1827K8515692I48772', 'a63317', X'28d6c6ccfef5d7e55e7730fcd1b667c2e8dfaa704b732e26b45ca9afd9996493', 2.7, '2020-06-28 12:05:31');
INSERT INTO Ticket VALUES(X'4bc700ab9bacb1ace658ff6520c46adb1ee15ce16515a5ea0ab6bf55e496f390', 'a50559', 1, 0);
INSERT INTO Transaction VALUES('5137936739P058Y279', 'a50559', X'4bc700ab9bacb1ace658ff6520c46adb1ee15ce16515a5ea0ab6bf55e496f390', 2.05, '2020-04-03 10:07:38');
INSERT INTO Ticket VALUES(X'e60aafd93675549b3ef848ba914386c1c9ad9dd378329338f13515fd6af43196', 'a79346', 2, 0);
INSERT INTO Transaction VALUES('57299146K7X0402552', 'a79346', X'e60aafd93675549b3ef848ba914386c1c9ad9dd378329338f13515fd6af43196', 2.7, '2020-05-22 23:36:33');
INSERT INTO Ticket VALUES(X'19b1d99efa748cf809669df682b6a62c62af4051b6499be5066b394a0e3aa6e1', 'a16297', 1, 0);
INSERT INTO Transaction VALUES('11738286J3258D9441', 'a16297', X'19b1d99efa748cf809669df682b6a62c62af4051b6499be5066b394a0e3aa6e1', 2.05, '2020-06-03 11:25:14');
INSERT INTO Ticket VALUES(X'c02f09c605a0f0fd6e45d0bc06eeb2e5a5e281f808c72a99cd3db8ea024f2036', 'a04094', 1, 0);
INSERT INTO Transaction VALUES('8M2933268808128970', 'a04094', X'c02f09c605a0f0fd6e45d0bc06eeb2e5a5e281f808c72a99cd3db8ea024f2036', 2.05, '2020-05-20 03:23:04');
INSERT INTO Ticket VALUES(X'30330da148fff91c874fd286e861322d17557f3cd570185c8947f9d73d149b20', 'a80899', 1, 0);
INSERT INTO Transaction VALUES('676856559A29410700', 'a80899', X'30330da148fff91c874fd286e861322d17557f3cd570185c8947f9d73d149b20', 2.05, '2020-04-14 13:33:18');

INSERT INTO Meal VALUES('2020-05-14', 1, 'Sopa de feijo', 'Filetes de pescada panados com arroz xauxau', 1, NULL);
INSERT INTO Meal VALUES('2020-05-14', 1, 'Creme de ervilhas', 'Bife de peru com batas no forno', 2, NULL);
INSERT INTO Meal VALUES('2020-05-14', 1, 'Sopa camponesa', 'Tofu assado com pimentos batatinha no forno', 3, NULL);
INSERT INTO Meal VALUES('2020-05-14', 1, 'Sopa de penca', 'Gratinado de legumes com cogumelos', 4, NULL);
INSERT INTO Meal VALUES('2020-05-14', 2, 'Sopa de gro-de-bico', 'Lasanha', 1, NULL);
INSERT INTO Meal VALUES('2020-05-14', 2, 'Sopa de nabias', 'Tofu de tomatada com batata cozida', 3, NULL);
INSERT INTO Meal VALUES('2020-05-14', 2, 'Sopa de couve flor', 'Esparguete a Bolonhesa', 2, NULL);
INSERT INTO Meal VALUES('2020-05-14', 2, 'Creme de cenoura', 'Quiche de alho francs', 4, NULL);
INSERT INTO Meal VALUES('2020-05-15', 1, 'Creme de abbora', 'Pizza', 1, NULL);
INSERT INTO Meal VALUES('2020-05-15', 1, 'Sopa de legumes', 'Frango Assado com massa cozida', 2, NULL);
INSERT INTO Meal VALUES('2020-05-15', 1, 'Sopa de couve flor', 'Feijoada  transmontana vegetariana com arroz integral', 3, NULL);
INSERT INTO Meal VALUES('2020-05-15', 1, 'Creme de abbora', 'Caldeirada de tofu', 4, NULL);
INSERT INTO Meal VALUES('2020-05-15', 2, 'Sopa de legumes', 'Badejo com arroz', 1, NULL);
INSERT INTO Meal VALUES('2020-05-15', 2, 'Sopa de couve-flor', 'Tofu assado com pimentos batatinha no forno', 3, NULL);
INSERT INTO Meal VALUES('2020-05-15', 2, 'Creme de ervilhas', 'Almondegas com arroz', 2, NULL);
INSERT INTO Meal VALUES('2020-05-15', 2, 'Creme de legumes', 'Strogonoff de seitan com arroz de cenoura', 4, NULL);
INSERT INTO Meal VALUES('2020-05-16', 1, 'Sopa de couve-flor', 'Almondegas com arroz', 1, NULL);
INSERT INTO Meal VALUES('2020-05-16', 1, 'Sopa de legumes', 'Lasanha', 2, NULL);
INSERT INTO Meal VALUES('2020-05-16', 1, 'Creme de tomate', 'Pataniscas de algas com arroz colorido', 3, NULL);
INSERT INTO Meal VALUES('2020-05-16', 1, 'Sopa de nabias', 'Gratinado de legumes com cogumelos', 4, NULL);
INSERT INTO Meal VALUES('2020-05-16', 2, 'Sopa de gro-de-bico', 'Atum com massa gratinada', 1, NULL);
INSERT INTO Meal VALUES('2020-05-16', 2, 'Sopa de feijo-verde', 'Berinjela recheada', 3, NULL);
INSERT INTO Meal VALUES('2020-05-16', 2, 'Creme de legumes', 'Pure de batata com carne estudafa', 2, NULL);
INSERT INTO Meal VALUES('2020-05-16', 2, 'Sopa de feijo', 'Quiche de alho francs', 4, NULL);
INSERT INTO Meal VALUES('2020-05-17', 1, 'Creme de ervilhas', 'Almondegas com arroz', 1, NULL);
INSERT INTO Meal VALUES('2020-05-17', 1, 'Sopa de curgete', 'Atum com massa gratinada', 2, NULL);
INSERT INTO Meal VALUES('2020-05-17', 1, 'Sopa de nabias', 'Rissois vejetarianos com arroz', 3, NULL);
INSERT INTO Meal VALUES('2020-05-17', 1, 'Sopa de nabos', 'Bifinhos de seitan com molho de cogumelos com massa salteada com cenoura e couve-branca', 4, NULL);
INSERT INTO Meal VALUES('2020-05-17', 2, 'Sopa de curgete', 'Bife de peru com batas no forno', 1, NULL);
INSERT INTO Meal VALUES('2020-05-17', 2, 'Sopa de curgete', 'Feijoada de algas e arroz branco', 3, NULL);
INSERT INTO Meal VALUES('2020-05-17', 2, 'Sopa camponesa', 'Frango Assado com massa cozida', 2, NULL);
INSERT INTO Meal VALUES('2020-05-17', 2, 'Sopa de feijo', 'Feijoada de algas e arroz branco', 4, NULL);
INSERT INTO Meal VALUES('2020-05-18', 1, 'Sopa de curgete', 'Vitela estufada com esparguete', 1, NULL);
INSERT INTO Meal VALUES('2020-05-18', 1, 'Sopa juliana', 'Bifes de porco grelhados com arroz de ervilha', 2, NULL);
INSERT INTO Meal VALUES('2020-05-18', 1, 'Sopa de nabos', 'Hamburguer de lentilha com arroz', 3, NULL);
INSERT INTO Meal VALUES('2020-05-18', 1, 'Sopa juliana', 'Quiche de alho francs', 4, NULL);
INSERT INTO Meal VALUES('2020-05-18', 2, 'Sopa de nabias', 'Feijoada com arroz', 1, NULL);
INSERT INTO Meal VALUES('2020-05-18', 2, 'Sopa de legumes', 'Feijoada de algas com arroz branco', 3, NULL);
INSERT INTO Meal VALUES('2020-05-18', 2, 'Sopa de alho francs', 'Cachorro com batatas fritas', 2, NULL);
INSERT INTO Meal VALUES('2020-05-18', 2, 'Sopa de couve-flor', 'Caldeirada de tofu', 4, NULL);
INSERT INTO Meal VALUES('2020-05-19', 1, 'Sopa de legumes', 'Massa com salmao', 1, NULL);
INSERT INTO Meal VALUES('2020-05-19', 1, 'Sopa de feijo-verde', 'Atum com massa gratinada', 2, NULL);
INSERT INTO Meal VALUES('2020-05-19', 1, 'Sopa de feijo-verde', 'Dhal de lentilhas', 3, NULL);
INSERT INTO Meal VALUES('2020-05-19', 1, 'Sopa de couve flor', 'Estufado de lentilhas', 4, NULL);
INSERT INTO Meal VALUES('2020-05-19', 2, 'Creme de abbora', 'Cachorro com batatas fritas', 1, NULL);
INSERT INTO Meal VALUES('2020-05-19', 2, 'Sopa juliana', 'Lasanha de brocolos e requeijo', 3, NULL);
INSERT INTO Meal VALUES('2020-05-19', 2, 'Sopa de curgete', 'Bacalhau com natas', 2, NULL);
INSERT INTO Meal VALUES('2020-05-19', 2, 'Sopa de gro-de-bico', 'Feijoada  transmontana vegetariana com arroz integral', 4, NULL);
INSERT INTO Meal VALUES('2020-05-20', 1, 'Sopa de gro-de-bico', 'Bacalhau com natas', 1, NULL);
INSERT INTO Meal VALUES('2020-05-20', 1, 'Sopa de alho francs', 'Pure de batata com carne estudafa', 2, NULL);
INSERT INTO Meal VALUES('2020-05-20', 1, 'Sopa de couve flor', 'Tofu assado com pimentos', 3, NULL);
INSERT INTO Meal VALUES('2020-05-20', 1, 'Sopa de feijo-verde', 'Salada de Bulgur', 4, NULL);
INSERT INTO Meal VALUES('2020-05-20', 2, 'Sopa de feijo-verde', 'Filetes de pescada panados com arroz xauxau', 1, NULL);
INSERT INTO Meal VALUES('2020-05-20', 2, 'Sopa de gro-de-bico', 'Sufle de cenoura ', 3, NULL);
INSERT INTO Meal VALUES('2020-05-20', 2, 'Sopa juliana', 'Massa com salmao', 2, NULL);
INSERT INTO Meal VALUES('2020-05-20', 2, 'Creme de abbora', 'Berinjela recheada', 4, NULL);
INSERT INTO Meal VALUES('2020-05-21', 1, 'Sopa de nabos', 'Massa com salmao', 1, NULL);
INSERT INTO Meal VALUES('2020-05-21', 1, 'Creme de legumes', 'Badejo com arroz', 2, NULL);
INSERT INTO Meal VALUES('2020-05-21', 1, 'Sopa de nabias', 'Sufle de cenoura ', 3, NULL);
INSERT INTO Meal VALUES('2020-05-21', 1, 'Sopa de penca', 'Estufado de lentilhas', 4, NULL);
INSERT INTO Meal VALUES('2020-05-21', 2, 'Sopa de brcolos', 'Vitela estufada com esparguete', 1, NULL);
INSERT INTO Meal VALUES('2020-05-21', 2, 'Creme de cenoura', 'Curgete recheada com salada quente de batata', 3, NULL);
INSERT INTO Meal VALUES('2020-05-21', 2, 'Creme de cenoura', 'Badejo com arroz', 2, NULL);
INSERT INTO Meal VALUES('2020-05-21', 2, 'Sopa de couve-flor', 'Feijoada de algas com arroz branco', 4, NULL);
INSERT INTO Meal VALUES('2020-05-22', 1, 'Sopa de nabos', 'Rissois com batata frita', 1, NULL);
INSERT INTO Meal VALUES('2020-05-22', 1, 'Sopa de brcolos', 'Bifes de porco grelhados com arroz de ervilha', 2, NULL);
INSERT INTO Meal VALUES('2020-05-22', 1, 'Creme de legumes', 'Tofu assado com pimentos batatinha no forno', 3, NULL);
INSERT INTO Meal VALUES('2020-05-22', 1, 'Sopa de feijo-verde', 'Cogumelos recheados com batata', 4, NULL);
INSERT INTO Meal VALUES('2020-05-22', 2, 'Sopa de couve flor', 'Atum com massa gratinada', 1, NULL);
INSERT INTO Meal VALUES('2020-05-22', 2, 'Sopa de nabias', 'Estufado de lentilhas', 3, NULL);
INSERT INTO Meal VALUES('2020-05-22', 2, 'Sopa de penca', 'Frango Assado com massa cozida', 2, NULL);
INSERT INTO Meal VALUES('2020-05-22', 2, 'Sopa de legumes', 'Strogonoff de seitan com arroz de cenoura', 4, NULL);
INSERT INTO Meal VALUES('2020-05-23', 1, 'Sopa de penca', 'Batatas cozidas com posta de Atum', 1, NULL);
INSERT INTO Meal VALUES('2020-05-23', 1, 'Creme de cenoura', 'Frango Assado com massa cozida', 2, NULL);
INSERT INTO Meal VALUES('2020-05-23', 1, 'Sopa de penca', 'Estufado de lentilhas', 3, NULL);
INSERT INTO Meal VALUES('2020-05-23', 1, 'Sopa de nabos', 'Tofu de tomatada com batata cozida', 4, NULL);
INSERT INTO Meal VALUES('2020-05-23', 2, 'Sopa de alho francs', 'Esparguete a Bolonhesa', 1, NULL);
INSERT INTO Meal VALUES('2020-05-23', 2, 'Sopa de couve-flor', 'Tofu de tomatada com batata cozida', 3, NULL);
INSERT INTO Meal VALUES('2020-05-23', 2, 'Sopa de nabias', 'Massa com salmao', 2, NULL);
INSERT INTO Meal VALUES('2020-05-23', 2, 'Sopa de brcolos', 'Berinjela recheada', 4, NULL);
INSERT INTO Meal VALUES('2020-05-24', 1, 'Sopa camponesa', 'Atum com massa gratinada', 1, NULL);
INSERT INTO Meal VALUES('2020-05-24', 1, 'Sopa de penca', 'Bacalhau com natas', 2, NULL);
INSERT INTO Meal VALUES('2020-05-24', 1, 'Sopa de penca', 'Caldeirada de tofu', 3, NULL);
INSERT INTO Meal VALUES('2020-05-24', 1, 'Sopa de nabias', 'Gratinado de legumes com cogumelos', 4, NULL);
INSERT INTO Meal VALUES('2020-05-24', 2, 'Sopa de nabos', 'Lasanha', 1, NULL);
INSERT INTO Meal VALUES('2020-05-24', 2, 'Sopa de gro-de-bico', 'Massa de tofu', 3, NULL);
INSERT INTO Meal VALUES('2020-05-24', 2, 'Sopa de nabias', 'Bacalhau com natas', 2, NULL);
INSERT INTO Meal VALUES('2020-05-24', 2, 'Sopa de gro-de-bico', 'Sufle de cenoura ', 4, NULL);
INSERT INTO Meal VALUES('2020-05-25', 1, 'Creme de legumes', 'Massa com salmao', 1, NULL);
INSERT INTO Meal VALUES('2020-05-25', 1, 'Sopa de penca', 'Frango Assado com massa cozida', 2, NULL);
INSERT INTO Meal VALUES('2020-05-25', 1, 'Sopa de nabos', 'Pataniscas de algas com arroz colorido', 3, NULL);
INSERT INTO Meal VALUES('2020-05-25', 1, 'Sopa de legumes', 'Francesinha vegetariana com batata frita', 4, NULL);
INSERT INTO Meal VALUES('2020-05-25', 2, 'Creme de abbora', 'Badejo com arroz', 1, NULL);
INSERT INTO Meal VALUES('2020-05-25', 2, 'Creme de cenoura', 'Strogonoff de beringela', 3, NULL);
INSERT INTO Meal VALUES('2020-05-25', 2, 'Sopa de legumes', 'Batatas cozidas com posta de Atum', 2, NULL);
INSERT INTO Meal VALUES('2020-05-25', 2, 'Sopa de couve-flor', 'Lasanha vegetariana', 4, NULL);
INSERT INTO Meal VALUES('2020-05-26', 1, 'Sopa de feijo', 'Pure de batata com carne estudafa', 1, NULL);
INSERT INTO Meal VALUES('2020-05-26', 1, 'Sopa de penca', 'Esparguete a Bolonhesa', 2, NULL);
INSERT INTO Meal VALUES('2020-05-26', 1, 'Sopa de nabias', 'Strogonoff de seitan com arroz de cenoura', 3, NULL);
INSERT INTO Meal VALUES('2020-05-26', 1, 'Sopa de penca', 'Feijoada de algas com arroz branco', 4, NULL);
INSERT INTO Meal VALUES('2020-05-26', 2, 'Sopa de nabos', 'Esparguete a Bolonhesa', 1, NULL);
INSERT INTO Meal VALUES('2020-05-26', 2, 'Creme de legumes', 'Berinjela recheada', 3, NULL);
INSERT INTO Meal VALUES('2020-05-26', 2, 'Sopa juliana', 'Lasanha', 2, NULL);
INSERT INTO Meal VALUES('2020-05-26', 2, 'Creme de ervilhas', 'Strogonoff de seitan com arroz de cenoura', 4, NULL);
INSERT INTO Meal VALUES('2020-05-27', 1, 'Sopa de nabos', 'Filetes de pescada panados com arroz xauxau', 1, NULL);
INSERT INTO Meal VALUES('2020-05-27', 1, 'Sopa de couve-flor', 'Bifes de porco grelhados com arroz de ervilha', 2, NULL);
INSERT INTO Meal VALUES('2020-05-27', 1, 'Caldo verde', 'Berinjela recheada', 3, NULL);
INSERT INTO Meal VALUES('2020-05-27', 1, 'Sopa de alho francs', 'Rissois vejetarianos com arroz', 4, NULL);
INSERT INTO Meal VALUES('2020-05-27', 2, 'Sopa de penca', 'Coxa de frango assado com batata frita', 1, NULL);
INSERT INTO Meal VALUES('2020-05-27', 2, 'Creme de abbora', 'Chili de seitan com arroz integral', 3, NULL);
INSERT INTO Meal VALUES('2020-05-27', 2, 'Sopa de nabos', 'Coxa de frango assado com batata frita', 2, NULL);
INSERT INTO Meal VALUES('2020-05-27', 2, 'Sopa de couve flor', 'Salada de Bulgur', 4, NULL);
INSERT INTO Meal VALUES('2020-05-28', 1, 'Sopa de penca', 'Vitela estufada com esparguete', 1, NULL);
INSERT INTO Meal VALUES('2020-05-28', 1, 'Sopa de alho francs', 'Pure de batata com carne estudafa', 2, NULL);
INSERT INTO Meal VALUES('2020-05-28', 1, 'Creme de legumes', 'Lasanha vegetariana', 3, NULL);
INSERT INTO Meal VALUES('2020-05-28', 1, 'Creme de ervilhas', 'Strogonoff de seitan com arroz de cenoura', 4, NULL);
INSERT INTO Meal VALUES('2020-05-28', 2, 'Creme de abbora', 'Bife de peru com batas no forno', 1, NULL);
INSERT INTO Meal VALUES('2020-05-28', 2, 'Sopa de nabos', 'Cuscuz de milho', 3, NULL);
INSERT INTO Meal VALUES('2020-05-28', 2, 'Sopa camponesa', 'Feijoada com arroz', 2, NULL);
INSERT INTO Meal VALUES('2020-05-28', 2, 'Sopa de legumes', 'Tofu de tomatada com batata cozida', 4, NULL);
INSERT INTO Meal VALUES('2020-05-29', 1, 'Sopa de feijo', 'Carne de porco a aletejana', 1, NULL);
INSERT INTO Meal VALUES('2020-05-29', 1, 'Caldo verde', 'Carne de porco a aletejana', 2, NULL);
INSERT INTO Meal VALUES('2020-05-29', 1, 'Sopa de brcolos', 'Lasanha de brocolos e requeijo', 3, NULL);
INSERT INTO Meal VALUES('2020-05-29', 1, 'Sopa de feijo-verde', 'Beringela recheada com arroz de pumentos', 4, NULL);
INSERT INTO Meal VALUES('2020-05-29', 2, 'Sopa de penca', 'Batatas cozidas com posta de Atum', 1, NULL);
INSERT INTO Meal VALUES('2020-05-29', 2, 'Creme de ervilhas', 'Tofu de tomatada com batata cozida', 3, NULL);
INSERT INTO Meal VALUES('2020-05-29', 2, 'Creme de legumes', 'Cachorro com batatas fritas', 2, NULL);
INSERT INTO Meal VALUES('2020-05-29', 2, 'Sopa de alho francs', 'Legumes salteados com tofu e massa chinesa', 4, NULL);
INSERT INTO Meal VALUES('2020-05-30', 1, 'Sopa juliana', 'Lasanha', 1, NULL);
INSERT INTO Meal VALUES('2020-05-30', 1, 'Sopa juliana', 'Vitela estufada com esparguete', 2, NULL);
INSERT INTO Meal VALUES('2020-05-30', 1, 'Creme de cenoura', 'Quiche de alho francs', 3, NULL);
INSERT INTO Meal VALUES('2020-05-30', 1, 'Sopa de brcolos', 'Croquetes de milho com arroz', 4, NULL);
INSERT INTO Meal VALUES('2020-05-30', 2, 'Sopa de couve-flor', 'Massa com salmao', 1, NULL);
INSERT INTO Meal VALUES('2020-05-30', 2, 'Sopa de alho francs', 'Croquetes de milho com arroz', 3, NULL);
INSERT INTO Meal VALUES('2020-05-30', 2, 'Creme de legumes', 'Atum com massa gratinada', 2, NULL);
INSERT INTO Meal VALUES('2020-05-30', 2, 'Creme de tomate', 'Dhal de lentilhas', 4, NULL);
INSERT INTO Meal VALUES('2020-05-31', 1, 'Creme de abbora', 'Bife de peru com batas no forno', 1, NULL);
INSERT INTO Meal VALUES('2020-05-31', 1, 'Sopa de legumes', 'Rissois com batata frita', 2, NULL);
INSERT INTO Meal VALUES('2020-05-31', 1, 'Sopa de penca', 'Dhal de lentilhas', 3, NULL);
INSERT INTO Meal VALUES('2020-05-31', 1, 'Sopa de legumes', 'Tofu assado com pimentos', 4, NULL);
INSERT INTO Meal VALUES('2020-05-31', 2, 'Sopa de nabias', 'Esparguete a Bolonhesa', 1, NULL);
INSERT INTO Meal VALUES('2020-05-31', 2, 'Sopa de couve flor', 'Beringela recheada com arroz de pumentos', 3, NULL);
INSERT INTO Meal VALUES('2020-05-31', 2, 'Sopa de nabias', 'Bacalhau com natas', 2, NULL);
INSERT INTO Meal VALUES('2020-05-31', 2, 'Sopa de penca', 'Cuscuz de milho', 4, NULL);
INSERT INTO Meal VALUES('2020-06-01', 1, 'Sopa de alho francs', 'Lasanha', 1, NULL);
INSERT INTO Meal VALUES('2020-06-01', 1, 'Sopa de feijo', 'Bacalhau com natas', 2, NULL);
INSERT INTO Meal VALUES('2020-06-01', 1, 'Sopa de penca', 'Rissois vejetarianos com arroz', 3, NULL);
INSERT INTO Meal VALUES('2020-06-01', 1, 'Sopa de feijo', 'Espetadinhas de tofu com legumes', 4, NULL);
INSERT INTO Meal VALUES('2020-06-01', 2, 'Sopa de penca', 'Esparguete a Bolonhesa', 1, NULL);
INSERT INTO Meal VALUES('2020-06-01', 2, 'Sopa de feijo-verde', 'Tofu assado com pimentos', 3, NULL);
INSERT INTO Meal VALUES('2020-06-01', 2, 'Caldo verde', 'Filetes de pescada panados com arroz xauxau', 2, NULL);
INSERT INTO Meal VALUES('2020-06-01', 2, 'Sopa de legumes', 'Croquetes de milho com arroz', 4, NULL);
INSERT INTO Meal VALUES('2020-06-02', 1, 'Sopa juliana', 'Carne de porco a aletejana', 1, NULL);
INSERT INTO Meal VALUES('2020-06-02', 1, 'Sopa de couve flor', 'Rancho', 2, NULL);
INSERT INTO Meal VALUES('2020-06-02', 1, 'Creme de abbora', 'Feijoada de algas com arroz branco', 3, NULL);
INSERT INTO Meal VALUES('2020-06-02', 1, 'Sopa de alho francs', 'Cuscuz de milho', 4, NULL);
INSERT INTO Meal VALUES('2020-06-02', 2, 'Creme de abbora', 'Rissois com batata frita', 1, NULL);
INSERT INTO Meal VALUES('2020-06-02', 2, 'Sopa juliana', 'Empado de arroz integral com lentilhas', 3, NULL);
INSERT INTO Meal VALUES('2020-06-02', 2, 'Sopa de penca', 'Esparguete a Bolonhesa', 2, NULL);
INSERT INTO Meal VALUES('2020-06-02', 2, 'Sopa de penca', 'Pataniscas de alho-francs', 4, NULL);
INSERT INTO Meal VALUES('2020-06-03', 1, 'Creme de tomate', 'Massa com salmao', 1, NULL);
INSERT INTO Meal VALUES('2020-06-03', 1, 'Sopa de feijo', 'Filetes de pescada panados com arroz xauxau', 2, NULL);
INSERT INTO Meal VALUES('2020-06-03', 1, 'Creme de ervilhas', 'Salada de Bulgur', 3, NULL);
INSERT INTO Meal VALUES('2020-06-03', 1, 'Sopa de feijo-verde', 'Estufado de lentilhas', 4, NULL);
INSERT INTO Meal VALUES('2020-06-03', 2, 'Creme de ervilhas', 'Almondegas com arroz', 1, NULL);
INSERT INTO Meal VALUES('2020-06-03', 2, 'Sopa de penca', 'Empado de arroz integral com lentilhas', 3, NULL);
INSERT INTO Meal VALUES('2020-06-03', 2, 'Sopa de nabos', 'Atum com massa gratinada', 2, NULL);
INSERT INTO Meal VALUES('2020-06-03', 2, 'Creme de legumes', 'Croquetes de seja co fussili salteada', 4, NULL);
INSERT INTO Meal VALUES('2020-06-04', 1, 'Sopa de couve-flor', 'Bife de peru com batas no forno', 1, NULL);
INSERT INTO Meal VALUES('2020-06-04', 1, 'Sopa de brcolos', 'Badejo com arroz', 2, NULL);
INSERT INTO Meal VALUES('2020-06-04', 1, 'Creme de ervilhas', 'Feijoada  transmontana vegetariana com arroz integral', 3, NULL);
INSERT INTO Meal VALUES('2020-06-04', 1, 'Creme de abbora', 'Legumes salteados com tofu e massa chinesa', 4, NULL);
INSERT INTO Meal VALUES('2020-06-04', 2, 'Sopa de legumes', 'Almondegas com arroz', 1, NULL);
INSERT INTO Meal VALUES('2020-06-04', 2, 'Sopa de gro-de-bico', 'Dhal de lentilhas', 3, NULL);
INSERT INTO Meal VALUES('2020-06-04', 2, 'Creme de ervilhas', 'Vitela estufada com esparguete', 2, NULL);
INSERT INTO Meal VALUES('2020-06-04', 2, 'Creme de ervilhas', 'Sufle de cenoura ', 4, NULL);
INSERT INTO Meal VALUES('2020-06-05', 1, 'Sopa de penca', 'Atum com massa gratinada', 1, NULL);
INSERT INTO Meal VALUES('2020-06-05', 1, 'Sopa de alho francs', 'Rancho', 2, NULL);
INSERT INTO Meal VALUES('2020-06-05', 1, 'Sopa de penca', 'Dhal de lentilhas', 3, NULL);
INSERT INTO Meal VALUES('2020-06-05', 1, 'Sopa de feijo-verde', 'Sufle de cenoura ', 4, NULL);
INSERT INTO Meal VALUES('2020-06-05', 2, 'Creme de cenoura', 'Filetes de pescada panados com arroz xauxau', 1, NULL);
INSERT INTO Meal VALUES('2020-06-05', 2, 'Sopa camponesa', 'Sufle de cenoura ', 3, NULL);
INSERT INTO Meal VALUES('2020-06-05', 2, 'Sopa de feijo', 'Almondegas com arroz', 2, NULL);
INSERT INTO Meal VALUES('2020-06-05', 2, 'Sopa de couve-flor', 'Feijoada de algas com arroz branco', 4, NULL);
INSERT INTO Meal VALUES('2020-06-06', 1, 'Sopa de brcolos', 'Coxa de frango assado com batata frita', 1, NULL);
INSERT INTO Meal VALUES('2020-06-06', 1, 'Sopa camponesa', 'Feijoada com arroz', 2, NULL);
INSERT INTO Meal VALUES('2020-06-06', 1, 'Sopa camponesa', 'Strogonoff de seitan com arroz de cenoura', 3, NULL);
INSERT INTO Meal VALUES('2020-06-06', 1, 'Creme de ervilhas', 'Cuscuz de milho', 4, NULL);
INSERT INTO Meal VALUES('2020-06-06', 2, 'Creme de ervilhas', 'Carne de porco a aletejana', 1, NULL);
INSERT INTO Meal VALUES('2020-06-06', 2, 'Sopa de legumes', 'Lasanha vegetariana', 3, NULL);
INSERT INTO Meal VALUES('2020-06-06', 2, 'Sopa de brcolos', 'Atum com massa gratinada', 2, NULL);
INSERT INTO Meal VALUES('2020-06-06', 2, 'Sopa de nabias', 'Bifinhos de seitan com molho de cogumelos com massa salteada com cenoura e couve-branca', 4, NULL);
INSERT INTO Meal VALUES('2020-06-07', 1, 'Sopa de curgete', 'Batatas cozidas com posta de Atum', 1, NULL);
INSERT INTO Meal VALUES('2020-06-07', 1, 'Sopa de couve-flor', 'Almondegas com arroz', 2, NULL);
INSERT INTO Meal VALUES('2020-06-07', 1, 'Sopa de gro-de-bico', 'Beringela recheada com arroz de pumentos', 3, NULL);
INSERT INTO Meal VALUES('2020-06-07', 1, 'Creme de legumes', 'Beringela recheada com arroz de pumentos', 4, NULL);
INSERT INTO Meal VALUES('2020-06-07', 2, 'Sopa de couve-flor', 'Carne de porco a aletejana', 1, NULL);
INSERT INTO Meal VALUES('2020-06-07', 2, 'Sopa de legumes', 'Dhal de lentilhas', 3, NULL);
INSERT INTO Meal VALUES('2020-06-07', 2, 'Sopa de gro-de-bico', 'Almondegas com arroz', 2, NULL);
INSERT INTO Meal VALUES('2020-06-07', 2, 'Sopa de feijo', 'Lasanha vegetariana', 4, NULL);
INSERT INTO Meal VALUES('2020-06-08', 1, 'Creme de ervilhas', 'Lasanha', 1, NULL);
INSERT INTO Meal VALUES('2020-06-08', 1, 'Sopa camponesa', 'Pure de batata com carne estudafa', 2, NULL);
INSERT INTO Meal VALUES('2020-06-08', 1, 'Sopa de curgete', 'Cogumelos recheados com batata', 3, NULL);
INSERT INTO Meal VALUES('2020-06-08', 1, 'Sopa de couve-flor', 'Feijoada  transmontana vegetariana com arroz integral', 4, NULL);
INSERT INTO Meal VALUES('2020-06-08', 2, 'Creme de cenoura', 'Rissois com batata frita', 1, NULL);
INSERT INTO Meal VALUES('2020-06-08', 2, 'Sopa de feijo', 'Dhal de lentilhas', 3, NULL);
INSERT INTO Meal VALUES('2020-06-08', 2, 'Creme de cenoura', 'Bacalhau com natas', 2, NULL);
INSERT INTO Meal VALUES('2020-06-08', 2, 'Creme de abbora', 'Bifinhos de seitan com molho de cogumelos com massa salteada com cenoura e couve-branca', 4, NULL);
INSERT INTO Meal VALUES('2020-06-09', 1, 'Sopa de alho francs', 'Feijoada com arroz', 1, NULL);
INSERT INTO Meal VALUES('2020-06-09', 1, 'Caldo verde', 'Coxa de frango assado com batata frita', 2, NULL);
INSERT INTO Meal VALUES('2020-06-09', 1, 'Creme de cenoura', 'Lasanha de brocolos e requeijo', 3, NULL);
INSERT INTO Meal VALUES('2020-06-09', 1, 'Sopa de curgete', 'Empado de arroz integral com lentilhas', 4, NULL);
INSERT INTO Meal VALUES('2020-06-09', 2, 'Creme de ervilhas', 'Rancho', 1, NULL);
INSERT INTO Meal VALUES('2020-06-09', 2, 'Sopa camponesa', 'Salada de Bulgur', 3, NULL);
INSERT INTO Meal VALUES('2020-06-09', 2, 'Sopa camponesa', 'Lasanha', 2, NULL);
INSERT INTO Meal VALUES('2020-06-09', 2, 'Creme de tomate', 'Tofu assado com pimentos batatinha no forno', 4, NULL);
INSERT INTO Meal VALUES('2020-06-10', 1, 'Creme de abbora', 'Almondegas com arroz', 1, NULL);
INSERT INTO Meal VALUES('2020-06-10', 1, 'Sopa de nabos', 'Pizza', 2, NULL);
INSERT INTO Meal VALUES('2020-06-10', 1, 'Sopa de feijo', 'Strogonoff de beringela', 3, NULL);
INSERT INTO Meal VALUES('2020-06-10', 1, 'Creme de legumes', 'Strogonoff de beringela', 4, NULL);
INSERT INTO Meal VALUES('2020-06-10', 2, 'Sopa de feijo', 'Carne de porco a aletejana', 1, NULL);
INSERT INTO Meal VALUES('2020-06-10', 2, 'Sopa de legumes', 'Croquetes de seja co fussili salteada', 3, NULL);
INSERT INTO Meal VALUES('2020-06-10', 2, 'Creme de cenoura', 'Bacalhau com natas', 2, NULL);
INSERT INTO Meal VALUES('2020-06-10', 2, 'Sopa de couve-flor', 'Tofu assado com pimentos batatinha no forno', 4, NULL);
INSERT INTO Meal VALUES('2020-06-11', 1, 'Sopa de gro-de-bico', 'Carne de porco a aletejana', 1, NULL);
INSERT INTO Meal VALUES('2020-06-11', 1, 'Caldo verde', 'Frango Assado com massa cozida', 2, NULL);
INSERT INTO Meal VALUES('2020-06-11', 1, 'Sopa de couve-flor', 'Rissois vejetarianos com arroz', 3, NULL);
INSERT INTO Meal VALUES('2020-06-11', 1, 'Sopa de gro-de-bico', 'Empado de arroz integral com lentilhas', 4, NULL);
INSERT INTO Meal VALUES('2020-06-11', 2, 'Creme de abbora', 'Coxa de frango assado com batata frita', 1, NULL);
INSERT INTO Meal VALUES('2020-06-11', 2, 'Creme de ervilhas', 'Strogonoff de beringela', 3, NULL);
INSERT INTO Meal VALUES('2020-06-11', 2, 'Sopa de nabias', 'Coxa de frango assado com batata frita', 2, NULL);
INSERT INTO Meal VALUES('2020-06-11', 2, 'Sopa de couve flor', 'Bifinhos de seitan com molho de cogumelos com massa salteada com cenoura e couve-branca', 4, NULL);
INSERT INTO Meal VALUES('2020-06-12', 1, 'Creme de tomate', 'Atum com massa gratinada', 1, NULL);
INSERT INTO Meal VALUES('2020-06-12', 1, 'Sopa de brcolos', 'Badejo com arroz', 2, NULL);
INSERT INTO Meal VALUES('2020-06-12', 1, 'Sopa de alho francs', 'Feijoada  transmontana vegetariana com arroz integral', 3, NULL);
INSERT INTO Meal VALUES('2020-06-12', 1, 'Sopa de penca', 'Feijoada  transmontana vegetariana com arroz integral', 4, NULL);
INSERT INTO Meal VALUES('2020-06-12', 2, 'Sopa de alho francs', 'Vitela estufada com esparguete', 1, NULL);
INSERT INTO Meal VALUES('2020-06-12', 2, 'Creme de legumes', 'Hamburguer de lentilha com arroz', 3, NULL);
INSERT INTO Meal VALUES('2020-06-12', 2, 'Sopa de legumes', 'Esparguete a Bolonhesa', 2, NULL);
INSERT INTO Meal VALUES('2020-06-12', 2, 'Sopa juliana', 'Croquetes de seja co fussili salteada', 4, NULL);
INSERT INTO Meal VALUES('2020-06-13', 1, 'Creme de tomate', 'Rissois com batata frita', 1, NULL);
INSERT INTO Meal VALUES('2020-06-13', 1, 'Sopa de gro-de-bico', 'Badejo com arroz', 2, NULL);
INSERT INTO Meal VALUES('2020-06-13', 1, 'Creme de ervilhas', 'Quiche de alho francs', 3, NULL);
INSERT INTO Meal VALUES('2020-06-13', 1, 'Creme de abbora', 'Caldeirada de tofu', 4, NULL);
INSERT INTO Meal VALUES('2020-06-13', 2, 'Sopa de feijo', 'Atum com massa gratinada', 1, NULL);
INSERT INTO Meal VALUES('2020-06-13', 2, 'Caldo verde', 'Massa de tofu', 3, NULL);
INSERT INTO Meal VALUES('2020-06-13', 2, 'Caldo verde', 'Atum com massa gratinada', 2, NULL);
INSERT INTO Meal VALUES('2020-06-13', 2, 'Sopa camponesa', 'Quiche de alho francs', 4, NULL);
INSERT INTO Meal VALUES('2020-06-14', 1, 'Creme de cenoura', 'Atum com massa gratinada', 1, NULL);
INSERT INTO Meal VALUES('2020-06-14', 1, 'Sopa de alho francs', 'Lasanha', 2, NULL);
INSERT INTO Meal VALUES('2020-06-14', 1, 'Sopa juliana', 'Curgete recheada com salada quente de batata', 3, NULL);
INSERT INTO Meal VALUES('2020-06-14', 1, 'Sopa de couve flor', 'Strogonoff de beringela', 4, NULL);
INSERT INTO Meal VALUES('2020-06-14', 2, 'Sopa de curgete', 'Coxa de frango assado com batata frita', 1, NULL);
INSERT INTO Meal VALUES('2020-06-14', 2, 'Sopa de penca', 'Bifinhos de seitan com molho de cogumelos com massa salteada com cenoura e couve-branca', 3, NULL);
INSERT INTO Meal VALUES('2020-06-14', 2, 'Sopa de nabos', 'Cachorro com batatas fritas', 2, NULL);
INSERT INTO Meal VALUES('2020-06-14', 2, 'Creme de abbora', 'Empado de arroz integral com lentilhas', 4, NULL);
INSERT INTO Meal VALUES('2020-06-15', 1, 'Sopa de nabias', 'Batatas cozidas com posta de Atum', 1, NULL);
INSERT INTO Meal VALUES('2020-06-15', 1, 'Sopa de nabias', 'Carne de porco a aletejana', 2, NULL);
INSERT INTO Meal VALUES('2020-06-15', 1, 'Caldo verde', 'Legumes salteados com tofu e massa chinesa', 3, NULL);
INSERT INTO Meal VALUES('2020-06-15', 1, 'Creme de cenoura', 'Lasanha vegetariana', 4, NULL);
INSERT INTO Meal VALUES('2020-06-15', 2, 'Creme de abbora', 'Atum com massa gratinada', 1, NULL);
INSERT INTO Meal VALUES('2020-06-15', 2, 'Sopa de feijo-verde', 'Rissois vejetarianos com arroz', 3, NULL);
INSERT INTO Meal VALUES('2020-06-15', 2, 'Sopa de couve-flor', 'Vitela estufada com esparguete', 2, NULL);
INSERT INTO Meal VALUES('2020-06-15', 2, 'Caldo verde', 'Espetadinhas de tofu com legumes', 4, NULL);
INSERT INTO Meal VALUES('2020-06-16', 1, 'Creme de tomate', 'Bacalhau com natas', 1, NULL);
INSERT INTO Meal VALUES('2020-06-16', 1, 'Sopa de nabos', 'Carne de porco a aletejana', 2, NULL);
INSERT INTO Meal VALUES('2020-06-16', 1, 'Creme de cenoura', 'Bifinhos de seitan com molho de cogumelos com massa salteada com cenoura e couve-branca', 3, NULL);
INSERT INTO Meal VALUES('2020-06-16', 1, 'Creme de cenoura', 'Pataniscas de alho-francs', 4, NULL);
INSERT INTO Meal VALUES('2020-06-16', 2, 'Sopa de penca', 'Massa com salmao', 1, NULL);
INSERT INTO Meal VALUES('2020-06-16', 2, 'Sopa de nabias', 'Feijoada de algas e arroz branco', 3, NULL);
INSERT INTO Meal VALUES('2020-06-16', 2, 'Creme de legumes', 'Vitela estufada com esparguete', 2, NULL);
INSERT INTO Meal VALUES('2020-06-16', 2, 'Sopa de legumes', 'Tofu de tomatada com batata cozida', 4, NULL);
INSERT INTO Meal VALUES('2020-06-17', 1, 'Sopa de nabos', 'Bacalhau com natas', 1, NULL);
INSERT INTO Meal VALUES('2020-06-17', 1, 'Sopa de legumes', 'Pizza', 2, NULL);
INSERT INTO Meal VALUES('2020-06-17', 1, 'Sopa de nabias', 'Massa de tofu', 3, NULL);
INSERT INTO Meal VALUES('2020-06-17', 1, 'Creme de ervilhas', 'Dhal de lentilhas', 4, NULL);
INSERT INTO Meal VALUES('2020-06-17', 2, 'Sopa de feijo', 'Filetes de pescada panados com arroz xauxau', 1, NULL);
INSERT INTO Meal VALUES('2020-06-17', 2, 'Sopa de curgete', 'Croquetes de seja co fussili salteada', 3, NULL);
INSERT INTO Meal VALUES('2020-06-17', 2, 'Sopa de legumes', 'Lasanha', 2, NULL);
INSERT INTO Meal VALUES('2020-06-17', 2, 'Creme de ervilhas', 'Estufado de lentilhas', 4, NULL);
INSERT INTO Meal VALUES('2020-06-18', 1, 'Caldo verde', 'Rissois com batata frita', 1, NULL);
INSERT INTO Meal VALUES('2020-06-18', 1, 'Sopa de feijo', 'Feijoada com arroz', 2, NULL);
INSERT INTO Meal VALUES('2020-06-18', 1, 'Sopa de nabias', 'Croquetes de milho com arroz', 3, NULL);
INSERT INTO Meal VALUES('2020-06-18', 1, 'Sopa camponesa', 'Gratinado de legumes com cogumelos', 4, NULL);
INSERT INTO Meal VALUES('2020-06-18', 2, 'Sopa de penca', 'Esparguete a Bolonhesa', 1, NULL);
INSERT INTO Meal VALUES('2020-06-18', 2, 'Sopa de gro-de-bico', 'Caldeirada de tofu', 3, NULL);
INSERT INTO Meal VALUES('2020-06-18', 2, 'Sopa de couve flor', 'Pizza', 2, NULL);
INSERT INTO Meal VALUES('2020-06-18', 2, 'Sopa de feijo-verde', 'Bifinhos de seitan com molho de cogumelos com massa salteada com cenoura e couve-branca', 4, NULL);
INSERT INTO Meal VALUES('2020-06-19', 1, 'Sopa de legumes', 'Peru assado com batatas', 1, NULL);
INSERT INTO Meal VALUES('2020-06-19', 1, 'Sopa de alho francs', 'Cachorro com batatas fritas', 2, NULL);
INSERT INTO Meal VALUES('2020-06-19', 1, 'Creme de tomate', 'Lasanha vegetariana', 3, NULL);
INSERT INTO Meal VALUES('2020-06-19', 1, 'Creme de cenoura', 'Gratinado de legumes com cogumelos', 4, NULL);
INSERT INTO Meal VALUES('2020-06-19', 2, 'Caldo verde', 'Frango Assado com massa cozida', 1, NULL);
INSERT INTO Meal VALUES('2020-06-19', 2, 'Sopa de curgete', 'Cogumelos recheados com batata', 3, NULL);
INSERT INTO Meal VALUES('2020-06-19', 2, 'Sopa de couve flor', 'Esparguete a Bolonhesa', 2, NULL);
INSERT INTO Meal VALUES('2020-06-19', 2, 'Sopa de feijo', 'Dhal de lentilhas', 4, NULL);
INSERT INTO Meal VALUES('2020-06-20', 1, 'Creme de cenoura', 'Bife de peru com batas no forno', 1, NULL);
INSERT INTO Meal VALUES('2020-06-20', 1, 'Sopa de nabos', 'Pure de batata com carne estudafa', 2, NULL);
INSERT INTO Meal VALUES('2020-06-20', 1, 'Sopa de feijo', 'Salada de Bulgur', 3, NULL);
INSERT INTO Meal VALUES('2020-06-20', 1, 'Sopa de alho francs', 'Lasanha vegetariana', 4, NULL);
INSERT INTO Meal VALUES('2020-06-20', 2, 'Sopa de feijo', 'Pizza', 1, NULL);
INSERT INTO Meal VALUES('2020-06-20', 2, 'Creme de ervilhas', 'Pataniscas de algas com arroz colorido', 3, NULL);
INSERT INTO Meal VALUES('2020-06-20', 2, 'Creme de abbora', 'Lasanha', 2, NULL);
INSERT INTO Meal VALUES('2020-06-20', 2, 'Creme de cenoura', 'Croquetes de seja co fussili salteada', 4, NULL);
INSERT INTO Meal VALUES('2020-06-21', 1, 'Creme de legumes', 'Bifes de porco grelhados com arroz de ervilha', 1, NULL);
INSERT INTO Meal VALUES('2020-06-21', 1, 'Sopa de couve flor', 'Rancho', 2, NULL);
INSERT INTO Meal VALUES('2020-06-21', 1, 'Sopa de couve-flor', 'Cuscuz de milho', 3, NULL);
INSERT INTO Meal VALUES('2020-06-21', 1, 'Sopa de alho francs', 'Francesinha vegetariana com batata frita', 4, NULL);
INSERT INTO Meal VALUES('2020-06-21', 2, 'Sopa de feijo-verde', 'Badejo com arroz', 1, NULL);
INSERT INTO Meal VALUES('2020-06-21', 2, 'Creme de tomate', 'Cogumelos recheados com batata', 3, NULL);
INSERT INTO Meal VALUES('2020-06-21', 2, 'Sopa de nabos', 'Rissois com batata frita', 2, NULL);
INSERT INTO Meal VALUES('2020-06-21', 2, 'Sopa de feijo-verde', 'Empado de arroz integral com lentilhas', 4, NULL);
INSERT INTO Meal VALUES('2020-06-22', 1, 'Sopa camponesa', 'Vitela estufada com esparguete', 1, NULL);
INSERT INTO Meal VALUES('2020-06-22', 1, 'Creme de ervilhas', 'Almondegas com arroz', 2, NULL);
INSERT INTO Meal VALUES('2020-06-22', 1, 'Creme de legumes', 'Dhal de lentilhas', 3, NULL);
INSERT INTO Meal VALUES('2020-06-22', 1, 'Sopa de feijo', 'Strogonoff de seitan com arroz de cenoura', 4, NULL);
INSERT INTO Meal VALUES('2020-06-22', 2, 'Sopa de nabias', 'Carne de porco a aletejana', 1, NULL);
INSERT INTO Meal VALUES('2020-06-22', 2, 'Sopa de couve-flor', 'Caldeirada de tofu', 3, NULL);
INSERT INTO Meal VALUES('2020-06-22', 2, 'Sopa de couve flor', 'Pizza', 2, NULL);
INSERT INTO Meal VALUES('2020-06-22', 2, 'Sopa de nabias', 'Lasanha de brocolos e requeijo', 4, NULL);
INSERT INTO Meal VALUES('2020-06-23', 1, 'Sopa de nabos', 'Pure de batata com carne estudafa', 1, NULL);
INSERT INTO Meal VALUES('2020-06-23', 1, 'Sopa de nabias', 'Carne de porco a aletejana', 2, NULL);
INSERT INTO Meal VALUES('2020-06-23', 1, 'Sopa de penca', 'Berinjela recheada', 3, NULL);
INSERT INTO Meal VALUES('2020-06-23', 1, 'Sopa de penca', 'Croquetes de milho com arroz', 4, NULL);
INSERT INTO Meal VALUES('2020-06-23', 2, 'Sopa de couve flor', 'Frango Assado com massa cozida', 1, NULL);
INSERT INTO Meal VALUES('2020-06-23', 2, 'Sopa de brcolos', 'Lasanha vegetariana', 3, NULL);
INSERT INTO Meal VALUES('2020-06-23', 2, 'Creme de legumes', 'Vitela estufada com esparguete', 2, NULL);
INSERT INTO Meal VALUES('2020-06-23', 2, 'Sopa de nabias', 'Berinjela recheada', 4, NULL);
INSERT INTO Meal VALUES('2020-06-24', 1, 'Sopa de gro-de-bico', 'Coxa de frango assado com batata frita', 1, NULL);
INSERT INTO Meal VALUES('2020-06-24', 1, 'Sopa de nabos', 'Bifes de porco grelhados com arroz de ervilha', 2, NULL);
INSERT INTO Meal VALUES('2020-06-24', 1, 'Creme de cenoura', 'Quiche de alho francs', 3, NULL);
INSERT INTO Meal VALUES('2020-06-24', 1, 'Sopa de nabos', 'Feijoada de algas e arroz branco', 4, NULL);
INSERT INTO Meal VALUES('2020-06-24', 2, 'Creme de legumes', 'Bifes de porco grelhados com arroz de ervilha', 1, NULL);
INSERT INTO Meal VALUES('2020-06-24', 2, 'Creme de legumes', 'Lasanha de brocolos e requeijo', 3, NULL);
INSERT INTO Meal VALUES('2020-06-24', 2, 'Sopa de penca', 'Cachorro com batatas fritas', 2, NULL);
INSERT INTO Meal VALUES('2020-06-24', 2, 'Sopa de legumes', 'Tofu assado com pimentos', 4, NULL);
INSERT INTO Meal VALUES('2020-06-25', 1, 'Creme de abbora', 'Pizza', 1, NULL);
INSERT INTO Meal VALUES('2020-06-25', 1, 'Sopa de nabos', 'Pure de batata com carne estudafa', 2, NULL);
INSERT INTO Meal VALUES('2020-06-25', 1, 'Sopa de penca', 'Croquetes de seja co fussili salteada', 3, NULL);
INSERT INTO Meal VALUES('2020-06-25', 1, 'Sopa de nabias', 'Quiche de alho francs', 4, NULL);
INSERT INTO Meal VALUES('2020-06-25', 2, 'Sopa de alho francs', 'Massa com salmao', 1, NULL);
INSERT INTO Meal VALUES('2020-06-25', 2, 'Sopa de couve flor', 'Croquetes de milho com arroz', 3, NULL);
INSERT INTO Meal VALUES('2020-06-25', 2, 'Sopa juliana', 'Feijoada com arroz', 2, NULL);
INSERT INTO Meal VALUES('2020-06-25', 2, 'Sopa de penca', 'Gratinado de legumes com cogumelos', 4, NULL);
INSERT INTO Meal VALUES('2020-06-26', 1, 'Sopa de nabos', 'Filetes de pescada panados com arroz xauxau', 1, NULL);
INSERT INTO Meal VALUES('2020-06-26', 1, 'Sopa de alho francs', 'Bifes de porco grelhados com arroz de ervilha', 2, NULL);
INSERT INTO Meal VALUES('2020-06-26', 1, 'Sopa de curgete', 'Hamburguer de lentilha com arroz', 3, NULL);
INSERT INTO Meal VALUES('2020-06-26', 1, 'Creme de legumes', 'Estufado de lentilhas', 4, NULL);
INSERT INTO Meal VALUES('2020-06-26', 2, 'Sopa de feijo', 'Bife de peru com batas no forno', 1, NULL);
INSERT INTO Meal VALUES('2020-06-26', 2, 'Sopa de penca', 'Caldeirada de tofu', 3, NULL);
INSERT INTO Meal VALUES('2020-06-26', 2, 'Sopa camponesa', 'Pure de batata com carne estudafa', 2, NULL);
INSERT INTO Meal VALUES('2020-06-26', 2, 'Sopa de curgete', 'Strogonoff de seitan com arroz de cenoura', 4, NULL);
INSERT INTO Meal VALUES('2020-06-27', 1, 'Sopa de gro-de-bico', 'Filetes de pescada panados com arroz xauxau', 1, NULL);
INSERT INTO Meal VALUES('2020-06-27', 1, 'Sopa de feijo', 'Almondegas com arroz', 2, NULL);
INSERT INTO Meal VALUES('2020-06-27', 1, 'Sopa de curgete', 'Chili de seitan com arroz integral', 3, NULL);
INSERT INTO Meal VALUES('2020-06-27', 1, 'Sopa de nabos', 'Bifinhos de seitan com molho de cogumelos com massa salteada com cenoura e couve-branca', 4, NULL);
INSERT INTO Meal VALUES('2020-06-27', 2, 'Creme de tomate', 'Bacalhau com natas', 1, NULL);
INSERT INTO Meal VALUES('2020-06-27', 2, 'Sopa de nabias', 'Tofu assado com pimentos batatinha no forno', 3, NULL);
INSERT INTO Meal VALUES('2020-06-27', 2, 'Sopa de alho francs', 'Bife de peru com batas no forno', 2, NULL);
INSERT INTO Meal VALUES('2020-06-27', 2, 'Sopa camponesa', 'Espetadinhas de tofu com legumes', 4, NULL);
INSERT INTO Meal VALUES('2020-06-28', 1, 'Sopa de penca', 'Filetes de pescada panados com arroz xauxau', 1, NULL);
INSERT INTO Meal VALUES('2020-06-28', 1, 'Creme de ervilhas', 'Bife de peru com batas no forno', 2, NULL);
INSERT INTO Meal VALUES('2020-06-28', 1, 'Creme de cenoura', 'Cuscuz de milho', 3, NULL);
INSERT INTO Meal VALUES('2020-06-28', 1, 'Caldo verde', 'Massa de tofu', 4, NULL);
INSERT INTO Meal VALUES('2020-06-28', 2, 'Sopa de feijo', 'Frango Assado com massa cozida', 1, NULL);
INSERT INTO Meal VALUES('2020-06-28', 2, 'Creme de tomate', 'Francesinha vegetariana com batata frita', 3, NULL);
INSERT INTO Meal VALUES('2020-06-28', 2, 'Sopa de gro-de-bico', 'Filetes de pescada panados com arroz xauxau', 2, NULL);
INSERT INTO Meal VALUES('2020-06-28', 2, 'Creme de cenoura', 'Lasanha vegetariana', 4, NULL);
INSERT INTO Meal VALUES('2020-06-29', 1, 'Sopa de brcolos', 'Atum com massa gratinada', 1, NULL);
INSERT INTO Meal VALUES('2020-06-29', 1, 'Creme de cenoura', 'Badejo com arroz', 2, NULL);
INSERT INTO Meal VALUES('2020-06-29', 1, 'Creme de legumes', 'Berinjela recheada', 3, NULL);
INSERT INTO Meal VALUES('2020-06-29', 1, 'Creme de tomate', 'Croquetes de seja co fussili salteada', 4, NULL);
INSERT INTO Meal VALUES('2020-06-29', 2, 'Creme de tomate', 'Bacalhau com natas', 1, NULL);
INSERT INTO Meal VALUES('2020-06-29', 2, 'Sopa de curgete', 'Salada de Bulgur', 3, NULL);
INSERT INTO Meal VALUES('2020-06-29', 2, 'Sopa de gro-de-bico', 'Almondegas com arroz', 2, NULL);
INSERT INTO Meal VALUES('2020-06-29', 2, 'Sopa de brcolos', 'Croquetes de milho com arroz', 4, NULL);
INSERT INTO Meal VALUES('2020-06-30', 1, 'Sopa de nabos', 'Bifes de porco grelhados com arroz de ervilha', 1, NULL);
INSERT INTO Meal VALUES('2020-06-30', 1, 'Sopa de penca', 'Bifes de porco grelhados com arroz de ervilha', 2, NULL);
INSERT INTO Meal VALUES('2020-06-30', 1, 'Sopa camponesa', 'Cuscuz de milho', 3, NULL);
INSERT INTO Meal VALUES('2020-06-30', 1, 'Sopa de feijo', 'Tofu de tomatada com batata cozida', 4, NULL);
INSERT INTO Meal VALUES('2020-06-30', 2, 'Sopa de feijo-verde', 'Pizza', 1, NULL);
INSERT INTO Meal VALUES('2020-06-30', 2, 'Sopa de couve flor', 'Caldeirada de tofu', 3, NULL);
INSERT INTO Meal VALUES('2020-06-30', 2, 'Sopa juliana', 'Coxa de frango assado com batata frita', 2, NULL);
INSERT INTO Meal VALUES('2020-06-30', 2, 'Sopa de curgete', 'Estufado de lentilhas', 4, NULL);
INSERT INTO Meal VALUES('2020-07-01', 1, 'Creme de ervilhas', 'Massa com salmao', 1, NULL);
INSERT INTO Meal VALUES('2020-07-01', 1, 'Sopa de penca', 'Massa com salmao', 2, NULL);
INSERT INTO Meal VALUES('2020-07-01', 1, 'Sopa de couve-flor', 'Cogumelos recheados com batata', 3, NULL);
INSERT INTO Meal VALUES('2020-07-01', 1, 'Creme de legumes', 'Pataniscas de alho-francs', 4, NULL);
INSERT INTO Meal VALUES('2020-07-01', 2, 'Creme de legumes', 'Pizza', 1, NULL);
INSERT INTO Meal VALUES('2020-07-01', 2, 'Creme de ervilhas', 'Estufado de lentilhas', 3, NULL);
INSERT INTO Meal VALUES('2020-07-01', 2, 'Sopa de penca', 'Batatas cozidas com posta de Atum', 2, NULL);
INSERT INTO Meal VALUES('2020-07-01', 2, 'Sopa de brcolos', 'Croquetes de milho com arroz', 4, NULL);
INSERT INTO Meal VALUES('2020-07-02', 1, 'Sopa de nabias', 'Rissois com batata frita', 1, NULL);
INSERT INTO Meal VALUES('2020-07-02', 1, 'Sopa de penca', 'Bifes de porco grelhados com arroz de ervilha', 2, NULL);
INSERT INTO Meal VALUES('2020-07-02', 1, 'Sopa de curgete', 'Bifinhos de seitan com molho de cogumelos com massa salteada com cenoura e couve-branca', 3, NULL);
INSERT INTO Meal VALUES('2020-07-02', 1, 'Sopa de nabos', 'Caldeirada de tofu', 4, NULL);
INSERT INTO Meal VALUES('2020-07-02', 2, 'Sopa de feijo', 'Cachorro com batatas fritas', 1, NULL);
INSERT INTO Meal VALUES('2020-07-02', 2, 'Sopa camponesa', 'Tofu de tomatada com batata cozida', 3, NULL);
INSERT INTO Meal VALUES('2020-07-02', 2, 'Sopa de couve-flor', 'Rancho', 2, NULL);
INSERT INTO Meal VALUES('2020-07-02', 2, 'Sopa de feijo', 'Berinjela recheada', 4, NULL);
INSERT INTO Meal VALUES('2020-07-03', 1, 'Creme de cenoura', 'Peru assado com batatas', 1, NULL);
INSERT INTO Meal VALUES('2020-07-03', 1, 'Sopa juliana', 'Rancho', 2, NULL);
INSERT INTO Meal VALUES('2020-07-03', 1, 'Creme de ervilhas', 'Quiche de alho francs', 3, NULL);
INSERT INTO Meal VALUES('2020-07-03', 1, 'Sopa de curgete', 'Feijoada de algas com arroz branco', 4, NULL);
INSERT INTO Meal VALUES('2020-07-03', 2, 'Sopa de curgete', 'Esparguete a Bolonhesa', 1, NULL);
INSERT INTO Meal VALUES('2020-07-03', 2, 'Creme de tomate', 'Legumes salteados com tofu e massa chinesa', 3, NULL);
INSERT INTO Meal VALUES('2020-07-03', 2, 'Sopa de penca', 'Carne de porco a aletejana', 2, NULL);
INSERT INTO Meal VALUES('2020-07-03', 2, 'Creme de tomate', 'Hamburguer de lentilha com arroz', 4, NULL);
INSERT INTO Meal VALUES('2020-07-04', 1, 'Sopa de couve flor', 'Massa com salmao', 1, NULL);
INSERT INTO Meal VALUES('2020-07-04', 1, 'Sopa de alho francs', 'Bacalhau com natas', 2, NULL);
INSERT INTO Meal VALUES('2020-07-04', 1, 'Creme de abbora', 'Sufle de cenoura ', 3, NULL);
INSERT INTO Meal VALUES('2020-07-04', 1, 'Sopa de couve-flor', 'Tofu assado com pimentos', 4, NULL);
INSERT INTO Meal VALUES('2020-07-04', 2, 'Creme de legumes', 'Atum com massa gratinada', 1, NULL);
INSERT INTO Meal VALUES('2020-07-04', 2, 'Sopa de penca', 'Espetadinhas de tofu com legumes', 3, NULL);
INSERT INTO Meal VALUES('2020-07-04', 2, 'Sopa de nabos', 'Feijoada com arroz', 2, NULL);
INSERT INTO Meal VALUES('2020-07-04', 2, 'Sopa de brcolos', 'Tofu assado com pimentos batatinha no forno', 4, NULL);
INSERT INTO Meal VALUES('2020-07-05', 1, 'Sopa de curgete', 'Peru assado com batatas', 1, NULL);
INSERT INTO Meal VALUES('2020-07-05', 1, 'Sopa de nabos', 'Pure de batata com carne estudafa', 2, NULL);
INSERT INTO Meal VALUES('2020-07-05', 1, 'Sopa de couve flor', 'Strogonoff de beringela', 3, NULL);
INSERT INTO Meal VALUES('2020-07-05', 1, 'Creme de abbora', 'Strogonoff de seitan com arroz de cenoura', 4, NULL);
INSERT INTO Meal VALUES('2020-07-05', 2, 'Creme de cenoura', 'Filetes de pescada panados com arroz xauxau', 1, NULL);
INSERT INTO Meal VALUES('2020-07-05', 2, 'Creme de legumes', 'Chili de seitan com arroz integral', 3, NULL);
INSERT INTO Meal VALUES('2020-07-05', 2, 'Sopa de nabos', 'Bacalhau com natas', 2, NULL);
INSERT INTO Meal VALUES('2020-07-05', 2, 'Sopa de nabos', 'Cogumelos recheados com batata', 4, NULL);
INSERT INTO Meal VALUES('2020-07-06', 1, 'Sopa de brcolos', 'Carne de porco a aletejana', 1, NULL);
INSERT INTO Meal VALUES('2020-07-06', 1, 'Sopa de feijo-verde', 'Esparguete a Bolonhesa', 2, NULL);
INSERT INTO Meal VALUES('2020-07-06', 1, 'Sopa de curgete', 'Bifinhos de seitan com molho de cogumelos com massa salteada com cenoura e couve-branca', 3, NULL);
INSERT INTO Meal VALUES('2020-07-06', 1, 'Creme de cenoura', 'Rissois vejetarianos com arroz', 4, NULL);
INSERT INTO Meal VALUES('2020-07-06', 2, 'Sopa de brcolos', 'Bife de peru com batas no forno', 1, NULL);
INSERT INTO Meal VALUES('2020-07-06', 2, 'Sopa camponesa', 'Berinjela recheada', 3, NULL);
INSERT INTO Meal VALUES('2020-07-06', 2, 'Sopa de gro-de-bico', 'Rissois com batata frita', 2, NULL);
INSERT INTO Meal VALUES('2020-07-06', 2, 'Sopa de alho francs', 'Tofu assado com pimentos batatinha no forno', 4, NULL);
INSERT INTO Meal VALUES('2020-07-07', 1, 'Sopa de gro-de-bico', 'Almondegas com arroz', 1, NULL);
INSERT INTO Meal VALUES('2020-07-07', 1, 'Sopa de penca', 'Peru assado com batatas', 2, NULL);
INSERT INTO Meal VALUES('2020-07-07', 1, 'Sopa de couve-flor', 'Feijoada de algas com arroz branco', 3, NULL);
INSERT INTO Meal VALUES('2020-07-07', 1, 'Sopa de penca', 'Estufado de lentilhas', 4, NULL);
INSERT INTO Meal VALUES('2020-07-07', 2, 'Sopa de penca', 'Lasanha', 1, NULL);
INSERT INTO Meal VALUES('2020-07-07', 2, 'Sopa de curgete', 'Pataniscas de alho-francs', 3, NULL);
INSERT INTO Meal VALUES('2020-07-07', 2, 'Sopa de feijo', 'Cachorro com batatas fritas', 2, NULL);
INSERT INTO Meal VALUES('2020-07-07', 2, 'Creme de abbora', 'Salada de Bulgur', 4, NULL);
INSERT INTO Meal VALUES('2020-07-08', 1, 'Sopa de nabos', 'Lasanha', 1, NULL);
INSERT INTO Meal VALUES('2020-07-08', 1, 'Sopa de couve flor', 'Massa com salmao', 2, NULL);
INSERT INTO Meal VALUES('2020-07-08', 1, 'Sopa de nabias', 'Gratinado de legumes com cogumelos', 3, NULL);
INSERT INTO Meal VALUES('2020-07-08', 1, 'Sopa de couve flor', 'Pataniscas de alho-francs', 4, NULL);
INSERT INTO Meal VALUES('2020-07-08', 2, 'Sopa de couve-flor', 'Almondegas com arroz', 1, NULL);
INSERT INTO Meal VALUES('2020-07-08', 2, 'Sopa camponesa', 'Cogumelos recheados com batata', 3, NULL);
INSERT INTO Meal VALUES('2020-07-08', 2, 'Sopa de curgete', 'Atum com massa gratinada', 2, NULL);
INSERT INTO Meal VALUES('2020-07-08', 2, 'Sopa de feijo', 'Gratinado de legumes com cogumelos', 4, NULL);
INSERT INTO Meal VALUES('2020-07-09', 1, 'Sopa de alho francs', 'Massa com salmao', 1, NULL);
INSERT INTO Meal VALUES('2020-07-09', 1, 'Sopa de couve flor', 'Filetes de pescada panados com arroz xauxau', 2, NULL);
INSERT INTO Meal VALUES('2020-07-09', 1, 'Sopa de feijo-verde', 'Feijoada de algas e arroz branco', 3, NULL);
INSERT INTO Meal VALUES('2020-07-09', 1, 'Sopa de alho francs', 'Lasanha vegetariana', 4, NULL);
INSERT INTO Meal VALUES('2020-07-09', 2, 'Creme de cenoura', 'Rissois com batata frita', 1, NULL);
INSERT INTO Meal VALUES('2020-07-09', 2, 'Sopa de penca', 'Caldeirada de tofu', 3, NULL);
INSERT INTO Meal VALUES('2020-07-09', 2, 'Sopa de feijo', 'Frango Assado com massa cozida', 2, NULL);
INSERT INTO Meal VALUES('2020-07-09', 2, 'Sopa camponesa', 'Empado de arroz integral com lentilhas', 4, NULL);
INSERT INTO Meal VALUES('2020-07-10', 1, 'Sopa de nabias', 'Rissois com batata frita', 1, NULL);
INSERT INTO Meal VALUES('2020-07-10', 1, 'Creme de cenoura', 'Coxa de frango assado com batata frita', 2, NULL);
INSERT INTO Meal VALUES('2020-07-10', 1, 'Sopa de nabos', 'Espetadinhas de tofu com legumes', 3, NULL);
INSERT INTO Meal VALUES('2020-07-10', 1, 'Sopa camponesa', 'Chili de seitan com arroz integral', 4, NULL);
INSERT INTO Meal VALUES('2020-07-10', 2, 'Sopa de penca', 'Pizza', 1, NULL);
INSERT INTO Meal VALUES('2020-07-10', 2, 'Sopa de curgete', 'Beringela recheada com arroz de pumentos', 3, NULL);
INSERT INTO Meal VALUES('2020-07-10', 2, 'Caldo verde', 'Pure de batata com carne estudafa', 2, NULL);
INSERT INTO Meal VALUES('2020-07-10', 2, 'Sopa de brcolos', 'Feijoada de algas com arroz branco', 4, NULL);
INSERT INTO Meal VALUES('2020-07-11', 1, 'Sopa de couve-flor', 'Almondegas com arroz', 1, NULL);
INSERT INTO Meal VALUES('2020-07-11', 1, 'Sopa de legumes', 'Pure de batata com carne estudafa', 2, NULL);
INSERT INTO Meal VALUES('2020-07-11', 1, 'Sopa de nabos', 'Strogonoff de beringela', 3, NULL);
INSERT INTO Meal VALUES('2020-07-11', 1, 'Creme de legumes', 'Dhal de lentilhas', 4, NULL);
INSERT INTO Meal VALUES('2020-07-11', 2, 'Sopa juliana', 'Esparguete a Bolonhesa', 1, NULL);
INSERT INTO Meal VALUES('2020-07-11', 2, 'Sopa de feijo-verde', 'Hamburguer de lentilha com arroz', 3, NULL);
INSERT INTO Meal VALUES('2020-07-11', 2, 'Sopa de alho francs', 'Lasanha', 2, NULL);
INSERT INTO Meal VALUES('2020-07-11', 2, 'Creme de abbora', 'Bifinhos de seitan com molho de cogumelos com massa salteada com cenoura e couve-branca', 4, NULL);
INSERT INTO Meal VALUES('2020-07-12', 1, 'Sopa de legumes', 'Frango Assado com massa cozida', 1, NULL);
INSERT INTO Meal VALUES('2020-07-12', 1, 'Sopa de penca', 'Batatas cozidas com posta de Atum', 2, NULL);
INSERT INTO Meal VALUES('2020-07-12', 1, 'Sopa de gro-de-bico', 'Empado de arroz integral com lentilhas', 3, NULL);
INSERT INTO Meal VALUES('2020-07-12', 1, 'Sopa juliana', 'Beringela recheada com arroz de pumentos', 4, NULL);
INSERT INTO Meal VALUES('2020-07-12', 2, 'Sopa de nabos', 'Bife de peru com batas no forno', 1, NULL);
INSERT INTO Meal VALUES('2020-07-12', 2, 'Creme de ervilhas', 'Legumes salteados com tofu e massa chinesa', 3, NULL);
INSERT INTO Meal VALUES('2020-07-12', 2, 'Sopa de legumes', 'Frango Assado com massa cozida', 2, NULL);
INSERT INTO Meal VALUES('2020-07-12', 2, 'Creme de legumes', 'Feijoada  transmontana vegetariana com arroz integral', 4, NULL);
INSERT INTO Meal VALUES('2020-07-13', 1, 'Creme de ervilhas', 'Rissois com batata frita', 1, NULL);
INSERT INTO Meal VALUES('2020-07-13', 1, 'Sopa de brcolos', 'Frango Assado com massa cozida', 2, NULL);
INSERT INTO Meal VALUES('2020-07-13', 1, 'Sopa de couve flor', 'Berinjela recheada', 3, NULL);
INSERT INTO Meal VALUES('2020-07-13', 1, 'Sopa de curgete', 'Cogumelos recheados com batata', 4, NULL);
INSERT INTO Meal VALUES('2020-07-13', 2, 'Creme de ervilhas', 'Pizza', 1, NULL);
INSERT INTO Meal VALUES('2020-07-13', 2, 'Sopa de gro-de-bico', 'Legumes salteados com tofu e massa chinesa', 3, NULL);
INSERT INTO Meal VALUES('2020-07-13', 2, 'Sopa de alho francs', 'Pizza', 2, NULL);
INSERT INTO Meal VALUES('2020-07-13', 2, 'Sopa de gro-de-bico', 'Feijoada  transmontana vegetariana com arroz integral', 4, NULL);
INSERT INTO Meal VALUES('2020-07-14', 1, 'Sopa de legumes', 'Pizza', 1, NULL);
INSERT INTO Meal VALUES('2020-07-14', 1, 'Sopa de nabias', 'Massa com salmao', 2, NULL);
INSERT INTO Meal VALUES('2020-07-14', 1, 'Creme de cenoura', 'Empado de arroz integral com lentilhas', 3, NULL);
INSERT INTO Meal VALUES('2020-07-14', 1, 'Creme de tomate', 'Pataniscas de algas com arroz colorido', 4, NULL);
INSERT INTO Meal VALUES('2020-07-14', 2, 'Creme de ervilhas', 'Carne de porco a aletejana', 1, NULL);
INSERT INTO Meal VALUES('2020-07-14', 2, 'Sopa de brcolos', 'Sufle de cenoura ', 3, NULL);
INSERT INTO Meal VALUES('2020-07-14', 2, 'Creme de legumes', 'Bifes de porco grelhados com arroz de ervilha', 2, NULL);
INSERT INTO Meal VALUES('2020-07-14', 2, 'Sopa de penca', 'Tofu assado com pimentos', 4, NULL);
INSERT INTO Meal VALUES('2020-07-15', 1, 'Creme de legumes', 'Peru assado com batatas', 1, NULL);
INSERT INTO Meal VALUES('2020-07-15', 1, 'Sopa de penca', 'Rancho', 2, NULL);
INSERT INTO Meal VALUES('2020-07-15', 1, 'Sopa de couve flor', 'Bifinhos de seitan com molho de cogumelos com massa salteada com cenoura e couve-branca', 3, NULL);
INSERT INTO Meal VALUES('2020-07-15', 1, 'Creme de tomate', 'Tofu assado com pimentos', 4, NULL);
INSERT INTO Meal VALUES('2020-07-15', 2, 'Sopa camponesa', 'Coxa de frango assado com batata frita', 1, NULL);
INSERT INTO Meal VALUES('2020-07-15', 2, 'Sopa de feijo', 'Croquetes de seja co fussili salteada', 3, NULL);
INSERT INTO Meal VALUES('2020-07-15', 2, 'Creme de abbora', 'Filetes de pescada panados com arroz xauxau', 2, NULL);
INSERT INTO Meal VALUES('2020-07-15', 2, 'Sopa de curgete', 'Croquetes de seja co fussili salteada', 4, NULL);
INSERT INTO Meal VALUES('2020-07-16', 1, 'Sopa juliana', 'Peru assado com batatas', 1, NULL);
INSERT INTO Meal VALUES('2020-07-16', 1, 'Sopa de brcolos', 'Massa com salmao', 2, NULL);
INSERT INTO Meal VALUES('2020-07-16', 1, 'Sopa de feijo-verde', 'Chili de seitan com arroz integral', 3, NULL);
INSERT INTO Meal VALUES('2020-07-16', 1, 'Sopa juliana', 'Curgete recheada com salada quente de batata', 4, NULL);
INSERT INTO Meal VALUES('2020-07-16', 2, 'Creme de cenoura', 'Pizza', 1, NULL);
INSERT INTO Meal VALUES('2020-07-16', 2, 'Sopa de curgete', 'Sufle de cenoura ', 3, NULL);
INSERT INTO Meal VALUES('2020-07-16', 2, 'Creme de tomate', 'Lasanha', 2, NULL);
INSERT INTO Meal VALUES('2020-07-16', 2, 'Sopa de brcolos', 'Feijoada de algas e arroz branco', 4, NULL);
INSERT INTO Meal VALUES('2020-07-17', 1, 'Sopa de penca', 'Batatas cozidas com posta de Atum', 1, NULL);
INSERT INTO Meal VALUES('2020-07-17', 1, 'Sopa de nabos', 'Peru assado com batatas', 2, NULL);
INSERT INTO Meal VALUES('2020-07-17', 1, 'Sopa de legumes', 'Lasanha de brocolos e requeijo', 3, NULL);
INSERT INTO Meal VALUES('2020-07-17', 1, 'Sopa de feijo-verde', 'Sufle de cenoura ', 4, NULL);
INSERT INTO Meal VALUES('2020-07-17', 2, 'Sopa juliana', 'Bifes de porco grelhados com arroz de ervilha', 1, NULL);
INSERT INTO Meal VALUES('2020-07-17', 2, 'Creme de legumes', 'Legumes salteados com tofu e massa chinesa', 3, NULL);
INSERT INTO Meal VALUES('2020-07-17', 2, 'Creme de cenoura', 'Feijoada com arroz', 2, NULL);
INSERT INTO Meal VALUES('2020-07-17', 2, 'Sopa de feijo', 'Sufle de cenoura ', 4, NULL);
INSERT INTO Meal VALUES('2020-07-18', 1, 'Sopa de brcolos', 'Peru assado com batatas', 1, NULL);
INSERT INTO Meal VALUES('2020-07-18', 1, 'Creme de ervilhas', 'Bife de peru com batas no forno', 2, NULL);
INSERT INTO Meal VALUES('2020-07-18', 1, 'Sopa de nabos', 'Lasanha vegetariana', 3, NULL);
INSERT INTO Meal VALUES('2020-07-18', 1, 'Sopa de nabias', 'Feijoada de algas e arroz branco', 4, NULL);
INSERT INTO Meal VALUES('2020-07-18', 2, 'Sopa de feijo-verde', 'Carne de porco a aletejana', 1, NULL);
INSERT INTO Meal VALUES('2020-07-18', 2, 'Sopa camponesa', 'Bifinhos de seitan com molho de cogumelos com massa salteada com cenoura e couve-branca', 3, NULL);
INSERT INTO Meal VALUES('2020-07-18', 2, 'Sopa de brcolos', 'Lasanha', 2, NULL);
INSERT INTO Meal VALUES('2020-07-18', 2, 'Sopa de nabias', 'Tofu assado com pimentos batatinha no forno', 4, NULL);
INSERT INTO Meal VALUES('2020-07-19', 1, 'Sopa juliana', 'Pure de batata com carne estudafa', 1, NULL);
INSERT INTO Meal VALUES('2020-07-19', 1, 'Sopa de curgete', 'Peru assado com batatas', 2, NULL);
INSERT INTO Meal VALUES('2020-07-19', 1, 'Sopa de nabias', 'Cogumelos recheados com batata', 3, NULL);
INSERT INTO Meal VALUES('2020-07-19', 1, 'Creme de cenoura', 'Bifinhos de seitan com molho de cogumelos com massa salteada com cenoura e couve-branca', 4, NULL);
INSERT INTO Meal VALUES('2020-07-19', 2, 'Sopa de couve flor', 'Pure de batata com carne estudafa', 1, NULL);
INSERT INTO Meal VALUES('2020-07-19', 2, 'Sopa de couve flor', 'Strogonoff de beringela', 3, NULL);
INSERT INTO Meal VALUES('2020-07-19', 2, 'Sopa de nabias', 'Massa com salmao', 2, NULL);
INSERT INTO Meal VALUES('2020-07-19', 2, 'Sopa de feijo-verde', 'Curgete recheada com salada quente de batata', 4, NULL);
INSERT INTO Meal VALUES('2020-07-20', 1, 'Sopa de penca', 'Bacalhau com natas', 1, NULL);
INSERT INTO Meal VALUES('2020-07-20', 1, 'Sopa juliana', 'Pizza', 2, NULL);
INSERT INTO Meal VALUES('2020-07-20', 1, 'Sopa de alho francs', 'Feijoada  transmontana vegetariana com arroz integral', 3, NULL);
INSERT INTO Meal VALUES('2020-07-20', 1, 'Creme de legumes', 'Hamburguer de lentilha com arroz', 4, NULL);
INSERT INTO Meal VALUES('2020-07-20', 2, 'Sopa de legumes', 'Frango Assado com massa cozida', 1, NULL);
INSERT INTO Meal VALUES('2020-07-20', 2, 'Sopa de nabias', 'Strogonoff de beringela', 3, NULL);
INSERT INTO Meal VALUES('2020-07-20', 2, 'Creme de ervilhas', 'Badejo com arroz', 2, NULL);
INSERT INTO Meal VALUES('2020-07-20', 2, 'Sopa de feijo', 'Legumes salteados com tofu e massa chinesa', 4, NULL);
INSERT INTO Meal VALUES('2020-07-21', 1, 'Sopa de penca', 'Batatas cozidas com posta de Atum', 1, NULL);
INSERT INTO Meal VALUES('2020-07-21', 1, 'Creme de abbora', 'Bifes de porco grelhados com arroz de ervilha', 2, NULL);
INSERT INTO Meal VALUES('2020-07-21', 1, 'Sopa de nabias', 'Rissois vejetarianos com arroz', 3, NULL);
INSERT INTO Meal VALUES('2020-07-21', 1, 'Sopa camponesa', 'Strogonoff de seitan com arroz de cenoura', 4, NULL);
INSERT INTO Meal VALUES('2020-07-21', 2, 'Sopa de nabias', 'Lasanha', 1, NULL);
INSERT INTO Meal VALUES('2020-07-21', 2, 'Creme de legumes', 'Beringela recheada com arroz de pumentos', 3, NULL);
INSERT INTO Meal VALUES('2020-07-21', 2, 'Creme de ervilhas', 'Massa com salmao', 2, NULL);
INSERT INTO Meal VALUES('2020-07-21', 2, 'Creme de ervilhas', 'Beringela recheada com arroz de pumentos', 4, NULL);
INSERT INTO Meal VALUES('2020-07-22', 1, 'Sopa de brcolos', 'Batatas cozidas com posta de Atum', 1, NULL);
INSERT INTO Meal VALUES('2020-07-22', 1, 'Sopa de feijo', 'Esparguete a Bolonhesa', 2, NULL);
INSERT INTO Meal VALUES('2020-07-22', 1, 'Creme de abbora', 'Empado de arroz integral com lentilhas', 3, NULL);
INSERT INTO Meal VALUES('2020-07-22', 1, 'Sopa de gro-de-bico', 'Lasanha vegetariana', 4, NULL);
INSERT INTO Meal VALUES('2020-07-22', 2, 'Sopa de curgete', 'Rancho', 1, NULL);
INSERT INTO Meal VALUES('2020-07-22', 2, 'Creme de tomate', 'Tofu assado com pimentos', 3, NULL);
INSERT INTO Meal VALUES('2020-07-22', 2, 'Sopa de nabias', 'Peru assado com batatas', 2, NULL);
INSERT INTO Meal VALUES('2020-07-22', 2, 'Sopa de penca', 'Empado de arroz integral com lentilhas', 4, NULL);
INSERT INTO Meal VALUES('2020-07-23', 1, 'Sopa de nabias', 'Pure de batata com carne estudafa', 1, NULL);
INSERT INTO Meal VALUES('2020-07-23', 1, 'Sopa de couve flor', 'Almondegas com arroz', 2, NULL);
INSERT INTO Meal VALUES('2020-07-23', 1, 'Sopa de nabias', 'Curgete recheada com salada quente de batata', 3, NULL);
INSERT INTO Meal VALUES('2020-07-23', 1, 'Creme de abbora', 'Caldeirada de tofu', 4, NULL);
INSERT INTO Meal VALUES('2020-07-23', 2, 'Sopa de penca', 'Batatas cozidas com posta de Atum', 1, NULL);
INSERT INTO Meal VALUES('2020-07-23', 2, 'Sopa camponesa', 'Cogumelos recheados com batata', 3, NULL);
INSERT INTO Meal VALUES('2020-07-23', 2, 'Creme de tomate', 'Massa com salmao', 2, NULL);
INSERT INTO Meal VALUES('2020-07-23', 2, 'Sopa de couve flor', 'Beringela recheada com arroz de pumentos', 4, NULL);
INSERT INTO Meal VALUES('2020-07-24', 1, 'Sopa camponesa', 'Feijoada com arroz', 1, NULL);
INSERT INTO Meal VALUES('2020-07-24', 1, 'Sopa de nabos', 'Filetes de pescada panados com arroz xauxau', 2, NULL);
INSERT INTO Meal VALUES('2020-07-24', 1, 'Sopa de penca', 'Cogumelos recheados com batata', 3, NULL);
INSERT INTO Meal VALUES('2020-07-24', 1, 'Creme de ervilhas', 'Strogonoff de seitan com arroz de cenoura', 4, NULL);
INSERT INTO Meal VALUES('2020-07-24', 2, 'Sopa de alho francs', 'Coxa de frango assado com batata frita', 1, NULL);
INSERT INTO Meal VALUES('2020-07-24', 2, 'Sopa de feijo', 'Tofu de tomatada com batata cozida', 3, NULL);
INSERT INTO Meal VALUES('2020-07-24', 2, 'Sopa camponesa', 'Lasanha', 2, NULL);
INSERT INTO Meal VALUES('2020-07-24', 2, 'Sopa de nabias', 'Curgete recheada com salada quente de batata', 4, NULL);
INSERT INTO Meal VALUES('2020-07-25', 1, 'Creme de ervilhas', 'Batatas cozidas com posta de Atum', 1, NULL);
INSERT INTO Meal VALUES('2020-07-25', 1, 'Sopa juliana', 'Bifes de porco grelhados com arroz de ervilha', 2, NULL);
INSERT INTO Meal VALUES('2020-07-25', 1, 'Creme de tomate', 'Tofu assado com pimentos batatinha no forno', 3, NULL);
INSERT INTO Meal VALUES('2020-07-25', 1, 'Sopa de nabias', 'Croquetes de seja co fussili salteada', 4, NULL);
INSERT INTO Meal VALUES('2020-07-25', 2, 'Sopa de alho francs', 'Feijoada com arroz', 1, NULL);
INSERT INTO Meal VALUES('2020-07-25', 2, 'Sopa de alho francs', 'Hamburguer de lentilha com arroz', 3, NULL);
INSERT INTO Meal VALUES('2020-07-25', 2, 'Sopa de legumes', 'Batatas cozidas com posta de Atum', 2, NULL);
INSERT INTO Meal VALUES('2020-07-25', 2, 'Creme de legumes', 'Empado de arroz integral com lentilhas', 4, NULL);
INSERT INTO Meal VALUES('2020-07-26', 1, 'Creme de ervilhas', 'Bifes de porco grelhados com arroz de ervilha', 1, NULL);
INSERT INTO Meal VALUES('2020-07-26', 1, 'Sopa de nabos', 'Cachorro com batatas fritas', 2, NULL);
INSERT INTO Meal VALUES('2020-07-26', 1, 'Sopa camponesa', 'Sufle de cenoura ', 3, NULL);
INSERT INTO Meal VALUES('2020-07-26', 1, 'Creme de cenoura', 'Legumes salteados com tofu e massa chinesa', 4, NULL);
INSERT INTO Meal VALUES('2020-07-26', 2, 'Sopa de curgete', 'Rancho', 1, NULL);
INSERT INTO Meal VALUES('2020-07-26', 2, 'Creme de tomate', 'Feijoada  transmontana vegetariana com arroz integral', 3, NULL);
INSERT INTO Meal VALUES('2020-07-26', 2, 'Sopa de gro-de-bico', 'Rissois com batata frita', 2, NULL);
INSERT INTO Meal VALUES('2020-07-26', 2, 'Sopa de feijo-verde', 'Empado de arroz integral com lentilhas', 4, NULL);
INSERT INTO Meal VALUES('2020-07-27', 1, 'Sopa camponesa', 'Pizza', 1, NULL);
INSERT INTO Meal VALUES('2020-07-27', 1, 'Sopa de legumes', 'Vitela estufada com esparguete', 2, NULL);
INSERT INTO Meal VALUES('2020-07-27', 1, 'Sopa de feijo', 'Francesinha vegetariana com batata frita', 3, NULL);
INSERT INTO Meal VALUES('2020-07-27', 1, 'Sopa de feijo-verde', 'Tofu de tomatada com batata cozida', 4, NULL);
INSERT INTO Meal VALUES('2020-07-27', 2, 'Caldo verde', 'Esparguete a Bolonhesa', 1, NULL);
INSERT INTO Meal VALUES('2020-07-27', 2, 'Sopa de nabias', 'Hamburguer de lentilha com arroz', 3, NULL);
INSERT INTO Meal VALUES('2020-07-27', 2, 'Creme de abbora', 'Filetes de pescada panados com arroz xauxau', 2, NULL);
INSERT INTO Meal VALUES('2020-07-27', 2, 'Sopa de penca', 'Beringela recheada com arroz de pumentos', 4, NULL);
INSERT INTO Meal VALUES('2020-07-28', 1, 'Sopa de couve flor', 'Bifes de porco grelhados com arroz de ervilha', 1, NULL);
INSERT INTO Meal VALUES('2020-07-28', 1, 'Sopa de couve-flor', 'Badejo com arroz', 2, NULL);
INSERT INTO Meal VALUES('2020-07-28', 1, 'Creme de tomate', 'Empado de arroz integral com lentilhas', 3, NULL);
INSERT INTO Meal VALUES('2020-07-28', 1, 'Sopa de nabos', 'Lasanha de brocolos e requeijo', 4, NULL);
INSERT INTO Meal VALUES('2020-07-28', 2, 'Sopa de curgete', 'Pizza', 1, NULL);
INSERT INTO Meal VALUES('2020-07-28', 2, 'Sopa de alho francs', 'Caldeirada de tofu', 3, NULL);
INSERT INTO Meal VALUES('2020-07-28', 2, 'Sopa de penca', 'Peru assado com batatas', 2, NULL);
INSERT INTO Meal VALUES('2020-07-28', 2, 'Sopa de nabos', 'Tofu de tomatada com batata cozida', 4, NULL);
INSERT INTO Meal VALUES('2020-07-29', 1, 'Sopa de couve-flor', 'Feijoada com arroz', 1, NULL);
INSERT INTO Meal VALUES('2020-07-29', 1, 'Sopa de couve flor', 'Frango Assado com massa cozida', 2, NULL);
INSERT INTO Meal VALUES('2020-07-29', 1, 'Sopa de couve-flor', 'Rissois vejetarianos com arroz', 3, NULL);
INSERT INTO Meal VALUES('2020-07-29', 1, 'Sopa de curgete', 'Pataniscas de algas com arroz colorido', 4, NULL);
INSERT INTO Meal VALUES('2020-07-29', 2, 'Sopa de alho francs', 'Rancho', 1, NULL);
INSERT INTO Meal VALUES('2020-07-29', 2, 'Creme de tomate', 'Cuscuz de milho', 3, NULL);
INSERT INTO Meal VALUES('2020-07-29', 2, 'Creme de cenoura', 'Pure de batata com carne estudafa', 2, NULL);
INSERT INTO Meal VALUES('2020-07-29', 2, 'Sopa de couve-flor', 'Croquetes de seja co fussili salteada', 4, NULL);
INSERT INTO Meal VALUES('2020-07-30', 1, 'Creme de cenoura', 'Esparguete a Bolonhesa', 1, NULL);
INSERT INTO Meal VALUES('2020-07-30', 1, 'Sopa de legumes', 'Massa com salmao', 2, NULL);
INSERT INTO Meal VALUES('2020-07-30', 1, 'Creme de cenoura', 'Tofu de tomatada com batata cozida', 3, NULL);
INSERT INTO Meal VALUES('2020-07-30', 1, 'Sopa de penca', 'Cogumelos recheados com batata', 4, NULL);
INSERT INTO Meal VALUES('2020-07-30', 2, 'Creme de abbora', 'Bife de peru com batas no forno', 1, NULL);
INSERT INTO Meal VALUES('2020-07-30', 2, 'Sopa de couve-flor', 'Dhal de lentilhas', 3, NULL);
INSERT INTO Meal VALUES('2020-07-30', 2, 'Caldo verde', 'Pure de batata com carne estudafa', 2, NULL);
INSERT INTO Meal VALUES('2020-07-30', 2, 'Sopa de penca', 'Croquetes de milho com arroz', 4, NULL);
INSERT INTO Meal VALUES('2020-07-31', 1, 'Caldo verde', 'Bifes de porco grelhados com arroz de ervilha', 1, NULL);
INSERT INTO Meal VALUES('2020-07-31', 1, 'Sopa de penca', 'Bife de peru com batas no forno', 2, NULL);
INSERT INTO Meal VALUES('2020-07-31', 1, 'Sopa de alho francs', 'Feijoada de algas e arroz branco', 3, NULL);
INSERT INTO Meal VALUES('2020-07-31', 1, 'Creme de legumes', 'Quiche de alho francs', 4, NULL);
INSERT INTO Meal VALUES('2020-07-31', 2, 'Sopa de nabos', 'Badejo com arroz', 1, NULL);
INSERT INTO Meal VALUES('2020-07-31', 2, 'Sopa de couve-flor', 'Hamburguer de lentilha com arroz', 3, NULL);
INSERT INTO Meal VALUES('2020-07-31', 2, 'Sopa de feijo', 'Cachorro com batatas fritas', 2, NULL);
INSERT INTO Meal VALUES('2020-07-31', 2, 'Sopa de brcolos', 'Berinjela recheada', 4, NULL);
INSERT INTO Meal VALUES('2020-08-01', 1, 'Sopa de feijo-verde', 'Pure de batata com carne estudafa', 1, NULL);
INSERT INTO Meal VALUES('2020-08-01', 1, 'Sopa de alho francs', 'Bacalhau com natas', 2, NULL);
INSERT INTO Meal VALUES('2020-08-01', 1, 'Creme de abbora', 'Feijoada de algas com arroz branco', 3, NULL);
INSERT INTO Meal VALUES('2020-08-01', 1, 'Sopa de curgete', 'Feijoada  transmontana vegetariana com arroz integral', 4, NULL);
INSERT INTO Meal VALUES('2020-08-01', 2, 'Sopa de brcolos', 'Bife de peru com batas no forno', 1, NULL);
INSERT INTO Meal VALUES('2020-08-01', 2, 'Creme de ervilhas', 'Croquetes de milho com arroz', 3, NULL);
INSERT INTO Meal VALUES('2020-08-01', 2, 'Sopa de curgete', 'Bife de peru com batas no forno', 2, NULL);
INSERT INTO Meal VALUES('2020-08-01', 2, 'Sopa de feijo', 'Berinjela recheada', 4, NULL);
INSERT INTO Meal VALUES('2020-08-02', 1, 'Sopa de penca', 'Carne de porco a aletejana', 1, NULL);
INSERT INTO Meal VALUES('2020-08-02', 1, 'Creme de legumes', 'Batatas cozidas com posta de Atum', 2, NULL);
INSERT INTO Meal VALUES('2020-08-02', 1, 'Sopa de curgete', 'Croquetes de milho com arroz', 3, NULL);
INSERT INTO Meal VALUES('2020-08-02', 1, 'Creme de cenoura', 'Strogonoff de beringela', 4, NULL);
INSERT INTO Meal VALUES('2020-08-02', 2, 'Creme de tomate', 'Cachorro com batatas fritas', 1, NULL);
INSERT INTO Meal VALUES('2020-08-02', 2, 'Sopa de curgete', 'Tofu assado com pimentos', 3, NULL);
INSERT INTO Meal VALUES('2020-08-02', 2, 'Sopa de brcolos', 'Bife de peru com batas no forno', 2, NULL);
INSERT INTO Meal VALUES('2020-08-02', 2, 'Sopa de couve-flor', 'Quiche de alho francs', 4, NULL);
INSERT INTO Meal VALUES('2020-08-03', 1, 'Creme de tomate', 'Bifes de porco grelhados com arroz de ervilha', 1, NULL);
INSERT INTO Meal VALUES('2020-08-03', 1, 'Creme de legumes', 'Peru assado com batatas', 2, NULL);
INSERT INTO Meal VALUES('2020-08-03', 1, 'Sopa de couve-flor', 'Curgete recheada com salada quente de batata', 3, NULL);
INSERT INTO Meal VALUES('2020-08-03', 1, 'Sopa de penca', 'Lasanha vegetariana', 4, NULL);
INSERT INTO Meal VALUES('2020-08-03', 2, 'Creme de legumes', 'Frango Assado com massa cozida', 1, NULL);
INSERT INTO Meal VALUES('2020-08-03', 2, 'Sopa camponesa', 'Cogumelos recheados com batata', 3, NULL);
INSERT INTO Meal VALUES('2020-08-03', 2, 'Sopa de gro-de-bico', 'Peru assado com batatas', 2, NULL);
INSERT INTO Meal VALUES('2020-08-03', 2, 'Sopa de brcolos', 'Cuscuz de milho', 4, NULL);
INSERT INTO Meal VALUES('2020-08-04', 1, 'Sopa de penca', 'Rancho', 1, NULL);
INSERT INTO Meal VALUES('2020-08-04', 1, 'Sopa de nabos', 'Bife de peru com batas no forno', 2, NULL);
INSERT INTO Meal VALUES('2020-08-04', 1, 'Sopa de nabos', 'Tofu assado com pimentos', 3, NULL);
INSERT INTO Meal VALUES('2020-08-04', 1, 'Sopa de feijo', 'Strogonoff de beringela', 4, NULL);
INSERT INTO Meal VALUES('2020-08-04', 2, 'Sopa de nabias', 'Filetes de pescada panados com arroz xauxau', 1, NULL);
INSERT INTO Meal VALUES('2020-08-04', 2, 'Sopa de curgete', 'Strogonoff de seitan com arroz de cenoura', 3, NULL);
INSERT INTO Meal VALUES('2020-08-04', 2, 'Sopa de brcolos', 'Massa com salmao', 2, NULL);
INSERT INTO Meal VALUES('2020-08-04', 2, 'Creme de abbora', 'Tofu assado com pimentos', 4, NULL);
INSERT INTO Meal VALUES('2020-08-05', 1, 'Sopa de nabias', 'Frango Assado com massa cozida', 1, NULL);
INSERT INTO Meal VALUES('2020-08-05', 1, 'Sopa de brcolos', 'Rancho', 2, NULL);
INSERT INTO Meal VALUES('2020-08-05', 1, 'Sopa de penca', 'Tofu de tomatada com batata cozida', 3, NULL);
INSERT INTO Meal VALUES('2020-08-05', 1, 'Sopa de alho francs', 'Gratinado de legumes com cogumelos', 4, NULL);
INSERT INTO Meal VALUES('2020-08-05', 2, 'Creme de cenoura', 'Rancho', 1, NULL);
INSERT INTO Meal VALUES('2020-08-05', 2, 'Creme de abbora', 'Curgete recheada com salada quente de batata', 3, NULL);
INSERT INTO Meal VALUES('2020-08-05', 2, 'Sopa de couve flor', 'Atum com massa gratinada', 2, NULL);
INSERT INTO Meal VALUES('2020-08-05', 2, 'Sopa de feijo-verde', 'Hamburguer de lentilha com arroz', 4, NULL);
INSERT INTO Meal VALUES('2020-08-06', 1, 'Creme de legumes', 'Feijoada com arroz', 1, NULL);
INSERT INTO Meal VALUES('2020-08-06', 1, 'Sopa juliana', 'Batatas cozidas com posta de Atum', 2, NULL);
INSERT INTO Meal VALUES('2020-08-06', 1, 'Sopa de penca', 'Croquetes de seja co fussili salteada', 3, NULL);
INSERT INTO Meal VALUES('2020-08-06', 1, 'Sopa de feijo-verde', 'Feijoada de algas com arroz branco', 4, NULL);
INSERT INTO Meal VALUES('2020-08-06', 2, 'Sopa de couve flor', 'Almondegas com arroz', 1, NULL);
INSERT INTO Meal VALUES('2020-08-06', 2, 'Creme de tomate', 'Berinjela recheada', 3, NULL);
INSERT INTO Meal VALUES('2020-08-06', 2, 'Sopa de couve flor', 'Atum com massa gratinada', 2, NULL);
INSERT INTO Meal VALUES('2020-08-06', 2, 'Sopa camponesa', 'Cuscuz de milho', 4, NULL);
INSERT INTO Meal VALUES('2020-08-07', 1, 'Sopa de couve flor', 'Batatas cozidas com posta de Atum', 1, NULL);
INSERT INTO Meal VALUES('2020-08-07', 1, 'Sopa de penca', 'Filetes de pescada panados com arroz xauxau', 2, NULL);
INSERT INTO Meal VALUES('2020-08-07', 1, 'Sopa de nabias', 'Berinjela recheada', 3, NULL);
INSERT INTO Meal VALUES('2020-08-07', 1, 'Sopa de couve-flor', 'Sufle de cenoura ', 4, NULL);
INSERT INTO Meal VALUES('2020-08-07', 2, 'Sopa de couve-flor', 'Lasanha', 1, NULL);
INSERT INTO Meal VALUES('2020-08-07', 2, 'Sopa de penca', 'Salada de Bulgur', 3, NULL);
INSERT INTO Meal VALUES('2020-08-07', 2, 'Sopa de curgete', 'Badejo com arroz', 2, NULL);
INSERT INTO Meal VALUES('2020-08-07', 2, 'Sopa de legumes', 'Tofu assado com pimentos', 4, NULL);
INSERT INTO Meal VALUES('2020-08-08', 1, 'Caldo verde', 'Bifes de porco grelhados com arroz de ervilha', 1, NULL);
INSERT INTO Meal VALUES('2020-08-08', 1, 'Creme de tomate', 'Pizza', 2, NULL);
INSERT INTO Meal VALUES('2020-08-08', 1, 'Sopa de feijo-verde', 'Hamburguer de lentilha com arroz', 3, NULL);
INSERT INTO Meal VALUES('2020-08-08', 1, 'Sopa de nabos', 'Feijoada de algas e arroz branco', 4, NULL);
INSERT INTO Meal VALUES('2020-08-08', 2, 'Sopa de brcolos', 'Filetes de pescada panados com arroz xauxau', 1, NULL);
INSERT INTO Meal VALUES('2020-08-08', 2, 'Creme de ervilhas', 'Empado de arroz integral com lentilhas', 3, NULL);
INSERT INTO Meal VALUES('2020-08-08', 2, 'Sopa de curgete', 'Rissois com batata frita', 2, NULL);
INSERT INTO Meal VALUES('2020-08-08', 2, 'Sopa de alho francs', 'Rissois vejetarianos com arroz', 4, NULL);
INSERT INTO Meal VALUES('2020-08-09', 1, 'Sopa de penca', 'Coxa de frango assado com batata frita', 1, NULL);
INSERT INTO Meal VALUES('2020-08-09', 1, 'Sopa de nabos', 'Bacalhau com natas', 2, NULL);
INSERT INTO Meal VALUES('2020-08-09', 1, 'Sopa de brcolos', 'Feijoada de algas e arroz branco', 3, NULL);
INSERT INTO Meal VALUES('2020-08-09', 1, 'Creme de ervilhas', 'Bifinhos de seitan com molho de cogumelos com massa salteada com cenoura e couve-branca', 4, NULL);
INSERT INTO Meal VALUES('2020-08-09', 2, 'Caldo verde', 'Carne de porco a aletejana', 1, NULL);
INSERT INTO Meal VALUES('2020-08-09', 2, 'Sopa camponesa', 'Hamburguer de lentilha com arroz', 3, NULL);
INSERT INTO Meal VALUES('2020-08-09', 2, 'Sopa juliana', 'Vitela estufada com esparguete', 2, NULL);
INSERT INTO Meal VALUES('2020-08-09', 2, 'Sopa de penca', 'Feijoada  transmontana vegetariana com arroz integral', 4, NULL);
INSERT INTO Meal VALUES('2020-08-10', 1, 'Sopa de feijo-verde', 'Frango Assado com massa cozida', 1, NULL);
INSERT INTO Meal VALUES('2020-08-10', 1, 'Caldo verde', 'Esparguete a Bolonhesa', 2, NULL);
INSERT INTO Meal VALUES('2020-08-10', 1, 'Sopa de alho francs', 'Legumes salteados com tofu e massa chinesa', 3, NULL);
INSERT INTO Meal VALUES('2020-08-10', 1, 'Sopa de legumes', 'Beringela recheada com arroz de pumentos', 4, NULL);
INSERT INTO Meal VALUES('2020-08-10', 2, 'Sopa de alho francs', 'Massa com salmao', 1, NULL);
INSERT INTO Meal VALUES('2020-08-10', 2, 'Creme de tomate', 'Sufle de cenoura ', 3, NULL);
INSERT INTO Meal VALUES('2020-08-10', 2, 'Sopa de feijo', 'Bife de peru com batas no forno', 2, NULL);
INSERT INTO Meal VALUES('2020-08-10', 2, 'Sopa de penca', 'Legumes salteados com tofu e massa chinesa', 4, NULL);
INSERT INTO Meal VALUES('2020-08-11', 1, 'Sopa de nabos', 'Bifes de porco grelhados com arroz de ervilha', 1, NULL);
INSERT INTO Meal VALUES('2020-08-11', 1, 'Sopa de feijo-verde', 'Peru assado com batatas', 2, NULL);
INSERT INTO Meal VALUES('2020-08-11', 1, 'Sopa de couve-flor', 'Strogonoff de beringela', 3, NULL);
INSERT INTO Meal VALUES('2020-08-11', 1, 'Sopa de feijo-verde', 'Feijoada de algas com arroz branco', 4, NULL);
INSERT INTO Meal VALUES('2020-08-11', 2, 'Creme de abbora', 'Coxa de frango assado com batata frita', 1, NULL);
INSERT INTO Meal VALUES('2020-08-11', 2, 'Caldo verde', 'Feijoada de algas com arroz branco', 3, NULL);
INSERT INTO Meal VALUES('2020-08-11', 2, 'Sopa camponesa', 'Bifes de porco grelhados com arroz de ervilha', 2, NULL);
INSERT INTO Meal VALUES('2020-08-11', 2, 'Sopa de couve-flor', 'Quiche de alho francs', 4, NULL);
INSERT INTO Meal VALUES('2020-08-12', 1, 'Sopa de penca', 'Vitela estufada com esparguete', 1, NULL);
INSERT INTO Meal VALUES('2020-08-12', 1, 'Sopa camponesa', 'Coxa de frango assado com batata frita', 2, NULL);
INSERT INTO Meal VALUES('2020-08-12', 1, 'Sopa de feijo', 'Lasanha vegetariana', 3, NULL);
INSERT INTO Meal VALUES('2020-08-12', 1, 'Sopa de alho francs', 'Croquetes de seja co fussili salteada', 4, NULL);
INSERT INTO Meal VALUES('2020-08-12', 2, 'Sopa de alho francs', 'Almondegas com arroz', 1, NULL);
INSERT INTO Meal VALUES('2020-08-12', 2, 'Sopa de legumes', 'Tofu assado com pimentos', 3, NULL);
INSERT INTO Meal VALUES('2020-08-12', 2, 'Sopa de nabias', 'Atum com massa gratinada', 2, NULL);
INSERT INTO Meal VALUES('2020-08-12', 2, 'Sopa juliana', 'Feijoada de algas com arroz branco', 4, NULL);
INSERT INTO Meal VALUES('2020-08-13', 1, 'Sopa de penca', 'Bifes de porco grelhados com arroz de ervilha', 1, NULL);
INSERT INTO Meal VALUES('2020-08-13', 1, 'Sopa de curgete', 'Coxa de frango assado com batata frita', 2, NULL);
INSERT INTO Meal VALUES('2020-08-13', 1, 'Sopa de couve flor', 'Feijoada  transmontana vegetariana com arroz integral', 3, NULL);
INSERT INTO Meal VALUES('2020-08-13', 1, 'Sopa de curgete', 'Strogonoff de beringela', 4, NULL);
INSERT INTO Meal VALUES('2020-08-13', 2, 'Sopa de nabias', 'Atum com massa gratinada', 1, NULL);
INSERT INTO Meal VALUES('2020-08-13', 2, 'Sopa de penca', 'Croquetes de milho com arroz', 3, NULL);
INSERT INTO Meal VALUES('2020-08-13', 2, 'Sopa de gro-de-bico', 'Frango Assado com massa cozida', 2, NULL);
INSERT INTO Meal VALUES('2020-08-13', 2, 'Sopa de couve-flor', 'Espetadinhas de tofu com legumes', 4, NULL);
INSERT INTO Meal VALUES('2020-08-14', 1, 'Sopa de alho francs', 'Lasanha', 1, NULL);
INSERT INTO Meal VALUES('2020-08-14', 1, 'Caldo verde', 'Almondegas com arroz', 2, NULL);
INSERT INTO Meal VALUES('2020-08-14', 1, 'Creme de legumes', 'Chili de seitan com arroz integral', 3, NULL);
INSERT INTO Meal VALUES('2020-08-14', 1, 'Creme de ervilhas', 'Bifinhos de seitan com molho de cogumelos com massa salteada com cenoura e couve-branca', 4, NULL);
INSERT INTO Meal VALUES('2020-08-14', 2, 'Sopa camponesa', 'Carne de porco a aletejana', 1, NULL);
INSERT INTO Meal VALUES('2020-08-14', 2, 'Sopa de nabos', 'Espetadinhas de tofu com legumes', 3, NULL);
INSERT INTO Meal VALUES('2020-08-14', 2, 'Creme de abbora', 'Coxa de frango assado com batata frita', 2, NULL);
INSERT INTO Meal VALUES('2020-08-14', 2, 'Sopa de legumes', 'Beringela recheada com arroz de pumentos', 4, NULL);
INSERT INTO Meal VALUES('2020-08-15', 1, 'Sopa de feijo-verde', 'Rissois com batata frita', 1, NULL);
INSERT INTO Meal VALUES('2020-08-15', 1, 'Creme de cenoura', 'Esparguete a Bolonhesa', 2, NULL);
INSERT INTO Meal VALUES('2020-08-15', 1, 'Creme de abbora', 'Pataniscas de algas com arroz colorido', 3, NULL);
INSERT INTO Meal VALUES('2020-08-15', 1, 'Sopa de penca', 'Feijoada de algas e arroz branco', 4, NULL);
INSERT INTO Meal VALUES('2020-08-15', 2, 'Sopa de couve flor', 'Massa com salmao', 1, NULL);
INSERT INTO Meal VALUES('2020-08-15', 2, 'Creme de tomate', 'Salada de Bulgur', 3, NULL);
INSERT INTO Meal VALUES('2020-08-15', 2, 'Creme de abbora', 'Almondegas com arroz', 2, NULL);
INSERT INTO Meal VALUES('2020-08-15', 2, 'Sopa de penca', 'Lasanha de brocolos e requeijo', 4, NULL);
INSERT INTO Meal VALUES('2020-08-16', 1, 'Sopa de couve-flor', 'Bife de peru com batas no forno', 1, NULL);
INSERT INTO Meal VALUES('2020-08-16', 1, 'Sopa de curgete', 'Bifes de porco grelhados com arroz de ervilha', 2, NULL);
INSERT INTO Meal VALUES('2020-08-16', 1, 'Sopa de penca', 'Pataniscas de alho-francs', 3, NULL);
INSERT INTO Meal VALUES('2020-08-16', 1, 'Sopa de nabias', 'Dhal de lentilhas', 4, NULL);
INSERT INTO Meal VALUES('2020-08-16', 2, 'Sopa de penca', 'Almondegas com arroz', 1, NULL);
INSERT INTO Meal VALUES('2020-08-16', 2, 'Caldo verde', 'Tofu assado com pimentos batatinha no forno', 3, NULL);
INSERT INTO Meal VALUES('2020-08-16', 2, 'Sopa de couve flor', 'Rancho', 2, NULL);
INSERT INTO Meal VALUES('2020-08-16', 2, 'Sopa de couve flor', 'Legumes salteados com tofu e massa chinesa', 4, NULL);
INSERT INTO Meal VALUES('2020-08-17', 1, 'Creme de tomate', 'Vitela estufada com esparguete', 1, NULL);
INSERT INTO Meal VALUES('2020-08-17', 1, 'Sopa juliana', 'Coxa de frango assado com batata frita', 2, NULL);
INSERT INTO Meal VALUES('2020-08-17', 1, 'Sopa juliana', 'Quiche de alho francs', 3, NULL);
INSERT INTO Meal VALUES('2020-08-17', 1, 'Sopa de couve-flor', 'Estufado de lentilhas', 4, NULL);
INSERT INTO Meal VALUES('2020-08-17', 2, 'Sopa de curgete', 'Badejo com arroz', 1, NULL);
INSERT INTO Meal VALUES('2020-08-17', 2, 'Sopa de alho francs', 'Strogonoff de beringela', 3, NULL);
INSERT INTO Meal VALUES('2020-08-17', 2, 'Sopa de brcolos', 'Vitela estufada com esparguete', 2, NULL);
INSERT INTO Meal VALUES('2020-08-17', 2, 'Sopa de couve flor', 'Massa de tofu', 4, NULL);
INSERT INTO Meal VALUES('2020-08-18', 1, 'Sopa de penca', 'Massa com salmao', 1, NULL);
INSERT INTO Meal VALUES('2020-08-18', 1, 'Creme de abbora', 'Frango Assado com massa cozida', 2, NULL);
INSERT INTO Meal VALUES('2020-08-18', 1, 'Sopa de curgete', 'Curgete recheada com salada quente de batata', 3, NULL);
INSERT INTO Meal VALUES('2020-08-18', 1, 'Sopa de nabias', 'Salada de Bulgur', 4, NULL);
INSERT INTO Meal VALUES('2020-08-18', 2, 'Sopa de couve flor', 'Peru assado com batatas', 1, NULL);
INSERT INTO Meal VALUES('2020-08-18', 2, 'Sopa de feijo-verde', 'Strogonoff de beringela', 3, NULL);
INSERT INTO Meal VALUES('2020-08-18', 2, 'Sopa camponesa', 'Filetes de pescada panados com arroz xauxau', 2, NULL);
INSERT INTO Meal VALUES('2020-08-18', 2, 'Sopa juliana', 'Massa de tofu', 4, NULL);
INSERT INTO Meal VALUES('2020-08-19', 1, 'Creme de ervilhas', 'Almondegas com arroz', 1, NULL);
INSERT INTO Meal VALUES('2020-08-19', 1, 'Sopa de alho francs', 'Carne de porco a aletejana', 2, NULL);
INSERT INTO Meal VALUES('2020-08-19', 1, 'Creme de cenoura', 'Feijoada de algas com arroz branco', 3, NULL);
INSERT INTO Meal VALUES('2020-08-19', 1, 'Sopa de curgete', 'Sufle de cenoura ', 4, NULL);
INSERT INTO Meal VALUES('2020-08-19', 2, 'Sopa de couve-flor', 'Filetes de pescada panados com arroz xauxau', 1, NULL);
INSERT INTO Meal VALUES('2020-08-19', 2, 'Creme de abbora', 'Strogonoff de beringela', 3, NULL);
INSERT INTO Meal VALUES('2020-08-19', 2, 'Sopa camponesa', 'Rissois com batata frita', 2, NULL);
INSERT INTO Meal VALUES('2020-08-19', 2, 'Sopa de brcolos', 'Beringela recheada com arroz de pumentos', 4, NULL);
INSERT INTO Meal VALUES('2020-08-20', 1, 'Creme de tomate', 'Vitela estufada com esparguete', 1, NULL);
INSERT INTO Meal VALUES('2020-08-20', 1, 'Sopa de alho francs', 'Rancho', 2, NULL);
INSERT INTO Meal VALUES('2020-08-20', 1, 'Sopa de nabos', 'Chili de seitan com arroz integral', 3, NULL);
INSERT INTO Meal VALUES('2020-08-20', 1, 'Sopa de penca', 'Lasanha de brocolos e requeijo', 4, NULL);
INSERT INTO Meal VALUES('2020-08-20', 2, 'Sopa de alho francs', 'Pure de batata com carne estudafa', 1, NULL);
INSERT INTO Meal VALUES('2020-08-20', 2, 'Sopa juliana', 'Caldeirada de tofu', 3, NULL);
INSERT INTO Meal VALUES('2020-08-20', 2, 'Sopa de penca', 'Lasanha', 2, NULL);
INSERT INTO Meal VALUES('2020-08-20', 2, 'Creme de abbora', 'Estufado de lentilhas', 4, NULL);
INSERT INTO Meal VALUES('2020-08-21', 1, 'Creme de abbora', 'Coxa de frango assado com batata frita', 1, NULL);
INSERT INTO Meal VALUES('2020-08-21', 1, 'Sopa de penca', 'Esparguete a Bolonhesa', 2, NULL);
INSERT INTO Meal VALUES('2020-08-21', 1, 'Creme de abbora', 'Rissois vejetarianos com arroz', 3, NULL);
INSERT INTO Meal VALUES('2020-08-21', 1, 'Sopa de feijo', 'Berinjela recheada', 4, NULL);
INSERT INTO Meal VALUES('2020-08-21', 2, 'Creme de ervilhas', 'Massa com salmao', 1, NULL);
INSERT INTO Meal VALUES('2020-08-21', 2, 'Sopa de penca', 'Bifinhos de seitan com molho de cogumelos com massa salteada com cenoura e couve-branca', 3, NULL);
INSERT INTO Meal VALUES('2020-08-21', 2, 'Creme de ervilhas', 'Bifes de porco grelhados com arroz de ervilha', 2, NULL);
INSERT INTO Meal VALUES('2020-08-21', 2, 'Creme de ervilhas', 'Bifinhos de seitan com molho de cogumelos com massa salteada com cenoura e couve-branca', 4, NULL);


UPDATE Ticket SET used = 1 WHERE id_ticket = X'b58c6f3beff0700ae5f797acd754285ef0b374ea40c0d302b8edd9a036e49d0b';INSERT INTO History VALUES('2020-06-28 09:43:40.751416', X'b58c6f3beff0700ae5f797acd754285ef0b374ea40c0d302b8edd9a036e49d0b', 'a79790');
UPDATE Ticket SET used = 1 WHERE id_ticket = X'f4642baae42fceb3bf2dfca50b0f8515e55006e621262a2ab881ab2742a5697f';INSERT INTO History VALUES('2020-04-19 10:58:52.988495', X'f4642baae42fceb3bf2dfca50b0f8515e55006e621262a2ab881ab2742a5697f', 'a00286');
UPDATE Ticket SET used = 1 WHERE id_ticket = X'3689fb7aeb5ce6f9305572aa2a03e710f821e0cc0e0142d24422e633341349cb';INSERT INTO History VALUES('2020-05-23 21:50:29.319279', X'3689fb7aeb5ce6f9305572aa2a03e710f821e0cc0e0142d24422e633341349cb', 'a48917');
UPDATE Ticket SET used = 1 WHERE id_ticket = X'd00fcca7208914db87eb23e91a1e51d30a464a1797c2c5c1674a5a89777bcb54';INSERT INTO History VALUES('2020-04-28 17:49:07.729095', X'd00fcca7208914db87eb23e91a1e51d30a464a1797c2c5c1674a5a89777bcb54', 'a80899');
UPDATE Ticket SET used = 1 WHERE id_ticket = X'177d7214a26cb0b589c94d528cb4e6b76f5bde29ca5fd974073fd7c13ab88c65';INSERT INTO History VALUES('2020-05-12 23:13:18.885830', X'177d7214a26cb0b589c94d528cb4e6b76f5bde29ca5fd974073fd7c13ab88c65', 'a87120');
UPDATE Ticket SET used = 1 WHERE id_ticket = X'eec124a75fe7e043bdf9d10cad2b4595dbbfd3231889db9567d1181d69989ed1';INSERT INTO History VALUES('2020-04-28 22:07:35.835318', X'eec124a75fe7e043bdf9d10cad2b4595dbbfd3231889db9567d1181d69989ed1', 'a57258');
UPDATE Ticket SET used = 1 WHERE id_ticket = X'49518bb9dc48bb28369b0bc360d152e0c21274114b81d438068fecd30ece6629';INSERT INTO History VALUES('2020-06-06 22:49:40.513778', X'49518bb9dc48bb28369b0bc360d152e0c21274114b81d438068fecd30ece6629', 'a95152');
UPDATE Ticket SET used = 1 WHERE id_ticket = X'504638dd541ed73957a7e998058b37df8ac5fc7ac6661b8bc7400797b7e46582';INSERT INTO History VALUES('2020-06-28 03:21:43.302984', X'504638dd541ed73957a7e998058b37df8ac5fc7ac6661b8bc7400797b7e46582', 'a46982');
UPDATE Ticket SET used = 1 WHERE id_ticket = X'1b8a393cfcf8e70c757ebb20fb2229119f355b26c6891f4913c50977db370085';INSERT INTO History VALUES('2020-05-23 17:53:00.575242', X'1b8a393cfcf8e70c757ebb20fb2229119f355b26c6891f4913c50977db370085', 'a08220');
UPDATE Ticket SET used = 1 WHERE id_ticket = X'dae42d396b875720eb04199cbc8e9c9dce3b2be526874562c4d327d53b3733d6';INSERT INTO History VALUES('2020-05-11 18:23:12.012287', X'dae42d396b875720eb04199cbc8e9c9dce3b2be526874562c4d327d53b3733d6', 'a63317');
UPDATE Ticket SET used = 1 WHERE id_ticket = X'4570c5be4b4697b838ae2381dd36cbed2e4518221a293c3b8da91936155cae82';INSERT INTO History VALUES('2020-06-29 05:34:56.967510', X'4570c5be4b4697b838ae2381dd36cbed2e4518221a293c3b8da91936155cae82', 'a27360');
UPDATE Ticket SET used = 1 WHERE id_ticket = X'9a9dc5a277c6f63af0b63dbc476cb860f06d9bb84f2ad2b61dffbd580dff2039';INSERT INTO History VALUES('2020-05-08 19:57:42.012726', X'9a9dc5a277c6f63af0b63dbc476cb860f06d9bb84f2ad2b61dffbd580dff2039', 'a91123');
UPDATE Ticket SET used = 1 WHERE id_ticket = X'e9821f0051d721ab4b8dc5f46511a1b37dfef673640fe09acee3837b044b0a02';INSERT INTO History VALUES('2020-05-11 06:39:35.639319', X'e9821f0051d721ab4b8dc5f46511a1b37dfef673640fe09acee3837b044b0a02', 'a18700');
UPDATE Ticket SET used = 1 WHERE id_ticket = X'54c5787f4a49750e2169c1e10d493225bdaf9c575b64c2b10d16be8a76ea714d';INSERT INTO History VALUES('2020-06-21 20:12:30.014925', X'54c5787f4a49750e2169c1e10d493225bdaf9c575b64c2b10d16be8a76ea714d', 'a48917');
UPDATE Ticket SET used = 1 WHERE id_ticket = X'db28dffe5d376198898b8d47aad71e80eac92143f8dcc2c52b693dcd4ca5b7f2';INSERT INTO History VALUES('2020-04-14 20:25:01.132973', X'db28dffe5d376198898b8d47aad71e80eac92143f8dcc2c52b693dcd4ca5b7f2', 'a62910');
UPDATE Ticket SET used = 1 WHERE id_ticket = X'664c1e5489d04769bc5c18fc44cb404bcee33965235b1f6d4d65935a1409e63f';INSERT INTO History VALUES('2020-07-03 15:37:48.638549', X'664c1e5489d04769bc5c18fc44cb404bcee33965235b1f6d4d65935a1409e63f', 'a20044');
UPDATE Ticket SET used = 1 WHERE id_ticket = X'f9a49f8c8c8cdd79e909605cc0f6b93b0d732cbfda65431bf7a897d7caf65c8f';INSERT INTO History VALUES('2020-05-12 22:31:40.852658', X'f9a49f8c8c8cdd79e909605cc0f6b93b0d732cbfda65431bf7a897d7caf65c8f', 'a21855');
UPDATE Ticket SET used = 1 WHERE id_ticket = X'494755e740c59c7a8c5aed5bd0b9bb7840d507c374ed383c0542ec966f35a742';INSERT INTO History VALUES('2020-06-30 14:14:48.704090', X'494755e740c59c7a8c5aed5bd0b9bb7840d507c374ed383c0542ec966f35a742', 'a48917');
UPDATE Ticket SET used = 1 WHERE id_ticket = X'6e5cc1fe253b200b12cb4a682a1bd996ef5619c281e151f2233ca89b6dc5552c';INSERT INTO History VALUES('2020-07-01 15:12:58.503796', X'6e5cc1fe253b200b12cb4a682a1bd996ef5619c281e151f2233ca89b6dc5552c', 'a18099');
UPDATE Ticket SET used = 1 WHERE id_ticket = X'99c593f2dfaf6f1628a8566c3596d52058cd6ad1c1e871cc8257e9fb46f2c2c7';INSERT INTO History VALUES('2020-06-08 03:18:30.467916', X'99c593f2dfaf6f1628a8566c3596d52058cd6ad1c1e871cc8257e9fb46f2c2c7', 'a27360');
UPDATE Ticket SET used = 1 WHERE id_ticket = X'14af4892840e3c2b479c687c66e81196adf9ee7924967d25af2c0551eba1914e';INSERT INTO History VALUES('2020-04-29 18:12:26.164804', X'14af4892840e3c2b479c687c66e81196adf9ee7924967d25af2c0551eba1914e', 'a39615');
UPDATE Ticket SET used = 1 WHERE id_ticket = X'c02addb620faade1e959442e97814e50607f476bd9c5c31745e27eea7276f6d8';INSERT INTO History VALUES('2020-06-27 12:39:57.324878', X'c02addb620faade1e959442e97814e50607f476bd9c5c31745e27eea7276f6d8', 'a67857');
UPDATE Ticket SET used = 1 WHERE id_ticket = X'0c9f91c51438aa7dff163c371c590fabe009e7cf591b1078c5fb83f82cf08707';INSERT INTO History VALUES('2020-07-02 01:18:06.616574', X'0c9f91c51438aa7dff163c371c590fabe009e7cf591b1078c5fb83f82cf08707', 'a51166');
UPDATE Ticket SET used = 1 WHERE id_ticket = X'36604e2e2773d59663dd03713f16f98eaaf75c3c33942b4b7a88daae6f4170a3';INSERT INTO History VALUES('2020-07-03 13:25:34.023665', X'36604e2e2773d59663dd03713f16f98eaaf75c3c33942b4b7a88daae6f4170a3', 'a50784');
UPDATE Ticket SET used = 1 WHERE id_ticket = X'87ff8bd4fc05f70c2d64788ac23afd8e4dc00118fe26a7eba7f1c9364d0c2ca9';INSERT INTO History VALUES('2020-06-08 03:47:08.241546', X'87ff8bd4fc05f70c2d64788ac23afd8e4dc00118fe26a7eba7f1c9364d0c2ca9', 'a18099');
UPDATE Ticket SET used = 1 WHERE id_ticket = X'467b2a0101d6f0ba4b018aa7f2e09ded90a527663956070fd338ce0bd1599310';INSERT INTO History VALUES('2020-06-26 04:18:24.132833', X'467b2a0101d6f0ba4b018aa7f2e09ded90a527663956070fd338ce0bd1599310', 'a87120');
UPDATE Ticket SET used = 1 WHERE id_ticket = X'61613b72f55a868abf0ac5cf824f5331399a5c9ef9216b3693de43881bf907e2';INSERT INTO History VALUES('2020-06-12 12:05:08.056901', X'61613b72f55a868abf0ac5cf824f5331399a5c9ef9216b3693de43881bf907e2', 'a91123');
UPDATE Ticket SET used = 1 WHERE id_ticket = X'cc43f7669b7366ec9dcd3dd92994a7b1375b3f637103eeb4703cd34ad4eb758c';INSERT INTO History VALUES('2020-06-09 02:47:40.401830', X'cc43f7669b7366ec9dcd3dd92994a7b1375b3f637103eeb4703cd34ad4eb758c', 'a99616');
UPDATE Ticket SET used = 1 WHERE id_ticket = X'e601e518781fdda91a2b4624c46e6cbbc50662d423731caa6f26c782e319415f';INSERT INTO History VALUES('2020-06-21 01:11:28.771826', X'e601e518781fdda91a2b4624c46e6cbbc50662d423731caa6f26c782e319415f', 'a39615');
UPDATE Ticket SET used = 1 WHERE id_ticket = X'9219057397355f3603365b8a1d2e634f4f2174833b4119e495ce95f56c6348f0';INSERT INTO History VALUES('2020-06-05 09:57:58.452132', X'9219057397355f3603365b8a1d2e634f4f2174833b4119e495ce95f56c6348f0', 'a20481');
UPDATE Ticket SET used = 1 WHERE id_ticket = X'f587de5a45e85a2a1320dc09a8c625e78025d589165edb4bffda601470e29bb6';INSERT INTO History VALUES('2020-06-26 18:46:04.694931', X'f587de5a45e85a2a1320dc09a8c625e78025d589165edb4bffda601470e29bb6', 'a58334');
UPDATE Ticket SET used = 1 WHERE id_ticket = X'8d42614aff2b860707e80ac546fe9aaf7869ab50f8cc2ee8cf427215bceb23e4';INSERT INTO History VALUES('2020-06-21 17:10:42.259760', X'8d42614aff2b860707e80ac546fe9aaf7869ab50f8cc2ee8cf427215bceb23e4', 'a04176');
UPDATE Ticket SET used = 1 WHERE id_ticket = X'99039bd26bbfe2858644b5c2ad0e05e1dc29093eb0fa1533ae223720201bc932';INSERT INTO History VALUES('2020-06-12 03:27:49.576675', X'99039bd26bbfe2858644b5c2ad0e05e1dc29093eb0fa1533ae223720201bc932', 'a69149');
UPDATE Ticket SET used = 1 WHERE id_ticket = X'b1d9cb60f5b3f2bc8fea6a6722c0e7f5db2801571587f32e6ccacc2a740b1846';INSERT INTO History VALUES('2020-06-09 02:22:07.503817', X'b1d9cb60f5b3f2bc8fea6a6722c0e7f5db2801571587f32e6ccacc2a740b1846', 'a04094');
UPDATE Ticket SET used = 1 WHERE id_ticket = X'2a6d729f29a74d7b2498921c91f99e93fbc69d9081cdb55084bffb1f362a7d1b';INSERT INTO History VALUES('2020-06-27 06:39:03.105566', X'2a6d729f29a74d7b2498921c91f99e93fbc69d9081cdb55084bffb1f362a7d1b', 'a46982');
UPDATE Ticket SET used = 1 WHERE id_ticket = X'755c739e9784b0b197428e94b0df8bd20064d7c84b4d1f06a35ade9c5963afff';INSERT INTO History VALUES('2020-06-20 06:23:42.451754', X'755c739e9784b0b197428e94b0df8bd20064d7c84b4d1f06a35ade9c5963afff', 'a90730');
UPDATE Ticket SET used = 1 WHERE id_ticket = X'25163cec8ba90400d98afcea01afd28f88c6eaefe023ecead977279d82d15527';INSERT INTO History VALUES('2020-05-26 17:01:44.536041', X'25163cec8ba90400d98afcea01afd28f88c6eaefe023ecead977279d82d15527', 'a49426');
UPDATE Ticket SET used = 1 WHERE id_ticket = X'e1c4a896913bdf59e6155125710ceef67716698f3f5d96b5901d7cbb5331a282';INSERT INTO History VALUES('2020-06-21 04:58:55.028018', X'e1c4a896913bdf59e6155125710ceef67716698f3f5d96b5901d7cbb5331a282', 'a61537');
UPDATE Ticket SET used = 1 WHERE id_ticket = X'41c10b5a117b03c8afa62ed6cea34a5cbbedd51169fa058f389346ceb03c3753';INSERT INTO History VALUES('2020-06-11 07:17:40.147504', X'41c10b5a117b03c8afa62ed6cea34a5cbbedd51169fa058f389346ceb03c3753', 'a33876');
UPDATE Ticket SET used = 1 WHERE id_ticket = X'69a433369bca09c283c6d0a3a3600310e620ea05c1b511a727aee8b156278c81';INSERT INTO History VALUES('2020-05-13 01:18:58.885763', X'69a433369bca09c283c6d0a3a3600310e620ea05c1b511a727aee8b156278c81', 'a00286');
UPDATE Ticket SET used = 1 WHERE id_ticket = X'5550c7b1d3a22bd3aaaac8302d91c4460a9e7ca52a41f937e3c65f3b2881263f';INSERT INTO History VALUES('2020-05-21 07:59:08.919201', X'5550c7b1d3a22bd3aaaac8302d91c4460a9e7ca52a41f937e3c65f3b2881263f', 'a12154');
UPDATE Ticket SET used = 1 WHERE id_ticket = X'7f22be9a4c4e2b11feedf20541095e6ad2f5ceaa323fd3791da8b322dd063a62';INSERT INTO History VALUES('2020-06-29 02:19:15.926790', X'7f22be9a4c4e2b11feedf20541095e6ad2f5ceaa323fd3791da8b322dd063a62', 'a86968');
UPDATE Ticket SET used = 1 WHERE id_ticket = X'9569cac5d1789fd822ff3b1e728f5731db8f1c3b275cedeee49399fdcca3ddcb';INSERT INTO History VALUES('2020-06-01 10:50:10.552445', X'9569cac5d1789fd822ff3b1e728f5731db8f1c3b275cedeee49399fdcca3ddcb', 'a92215');
UPDATE Ticket SET used = 1 WHERE id_ticket = X'5e0718c7b3314f2d171e5a02d8e5f31d1a39b1f35b49a3a279c504506a52005e';INSERT INTO History VALUES('2020-06-28 10:41:19.530125', X'5e0718c7b3314f2d171e5a02d8e5f31d1a39b1f35b49a3a279c504506a52005e', 'a25353');
UPDATE Ticket SET used = 1 WHERE id_ticket = X'ca848142107d680752a52292608aafc1d6c432512226eb37e92d369c09f7e038';INSERT INTO History VALUES('2020-05-18 15:34:15.479097', X'ca848142107d680752a52292608aafc1d6c432512226eb37e92d369c09f7e038', 'a80899');
UPDATE Ticket SET used = 1 WHERE id_ticket = X'84c718b197acd5e8f6ef07ea27b5db9850d51085368243790e3b2f00e3c6ac3b';INSERT INTO History VALUES('2020-04-25 12:48:41.587998', X'84c718b197acd5e8f6ef07ea27b5db9850d51085368243790e3b2f00e3c6ac3b', 'a20044');
UPDATE Ticket SET used = 1 WHERE id_ticket = X'c8d3854384bd3242e7e63ab6bab4eaf39ac1e1f6d7c0fadb4d5e11acdc503f5a';INSERT INTO History VALUES('2020-06-10 15:47:17.067429', X'c8d3854384bd3242e7e63ab6bab4eaf39ac1e1f6d7c0fadb4d5e11acdc503f5a', 'a12462');
UPDATE Ticket SET used = 1 WHERE id_ticket = X'99a2115dd63c4b64a10b09f3a9cc16404b657b37bf8dddc0999f1c5bc58eed1c';INSERT INTO History VALUES('2020-05-27 19:25:25.162977', X'99a2115dd63c4b64a10b09f3a9cc16404b657b37bf8dddc0999f1c5bc58eed1c', 'a80247');
UPDATE Ticket SET used = 1 WHERE id_ticket = X'fdfba330d4e231ad17961684579d3d425957fac5f7660be1098277a49d5a85c4';INSERT INTO History VALUES('2020-07-03 16:12:55.567339', X'fdfba330d4e231ad17961684579d3d425957fac5f7660be1098277a49d5a85c4', 'a95152');
UPDATE Ticket SET used = 1 WHERE id_ticket = X'29832144e65e8c1753b5ca1fce56c59c564bff9c5fd774a8476d418c810fcd68';INSERT INTO History VALUES('2020-04-10 18:43:03.085160', X'29832144e65e8c1753b5ca1fce56c59c564bff9c5fd774a8476d418c810fcd68', 'a12248');
UPDATE Ticket SET used = 1 WHERE id_ticket = X'deec0cba048576dfb5c72fbc09d9b75b770ea57657740e914cfd608f2be5ddb8';INSERT INTO History VALUES('2020-06-28 15:53:39.186713', X'deec0cba048576dfb5c72fbc09d9b75b770ea57657740e914cfd608f2be5ddb8', 'a88212');
UPDATE Ticket SET used = 1 WHERE id_ticket = X'e7309c341d0059f76edd255dc726f0b2752af59530799928389c55578438ff8e';INSERT INTO History VALUES('2020-05-07 17:52:03.741645', X'e7309c341d0059f76edd255dc726f0b2752af59530799928389c55578438ff8e', 'a80247');
UPDATE Ticket SET used = 1 WHERE id_ticket = X'f9ab3d4e4368ae001f2d84ac6ce236443e26fe29c7bd5f629b57cca4a357c5cf';INSERT INTO History VALUES('2020-06-02 01:20:38.742851', X'f9ab3d4e4368ae001f2d84ac6ce236443e26fe29c7bd5f629b57cca4a357c5cf', 'a58334');
UPDATE Ticket SET used = 1 WHERE id_ticket = X'5ce5152f2c5f91fa29bddc8cdbfa68d86e4c5b5606080067985ef14e555ae412';INSERT INTO History VALUES('2020-06-05 02:16:32.687001', X'5ce5152f2c5f91fa29bddc8cdbfa68d86e4c5b5606080067985ef14e555ae412', 'a08158');
UPDATE Ticket SET used = 1 WHERE id_ticket = X'794158293705ac4c4f37a5c6ec68e18b0d84c3ba6c55d7ed80ec28abca075094';INSERT INTO History VALUES('2020-05-19 20:26:26.979228', X'794158293705ac4c4f37a5c6ec68e18b0d84c3ba6c55d7ed80ec28abca075094', 'a00759');
UPDATE Ticket SET used = 1 WHERE id_ticket = X'373248e22257489e3f37436625fd6c4864e32eb2b47ab9a089f81ec451bf8273';INSERT INTO History VALUES('2020-06-29 06:50:21.989571', X'373248e22257489e3f37436625fd6c4864e32eb2b47ab9a089f81ec451bf8273', 'a27668');
UPDATE Ticket SET used = 1 WHERE id_ticket = X'9ee33b3b59f5c53ba8f0b3d513dc534c89a73348afd6289ad8c68e54d21ce22e';INSERT INTO History VALUES('2020-04-28 10:21:11.706264', X'9ee33b3b59f5c53ba8f0b3d513dc534c89a73348afd6289ad8c68e54d21ce22e', 'a61832');
UPDATE Ticket SET used = 1 WHERE id_ticket = X'039f1f778f1acf8ae42759bf1e1ac1186f39dd89256d991c3f0c2b1f1fa5e435';INSERT INTO History VALUES('2020-06-02 18:19:53.710329', X'039f1f778f1acf8ae42759bf1e1ac1186f39dd89256d991c3f0c2b1f1fa5e435', 'a87120');
UPDATE Ticket SET used = 1 WHERE id_ticket = X'207dfca4aeea91861da48492eebe85c0cea3db4d3a89f4e10e2b55a98278a94e';INSERT INTO History VALUES('2020-06-07 04:29:14.477347', X'207dfca4aeea91861da48492eebe85c0cea3db4d3a89f4e10e2b55a98278a94e', 'a27668');
UPDATE Ticket SET used = 1 WHERE id_ticket = X'b2a7f68c1f3f8d60b593fd2d07fa8b5e30a81e1a40b7837190b6bb9ee257da03';INSERT INTO History VALUES('2020-06-22 11:31:30.247583', X'b2a7f68c1f3f8d60b593fd2d07fa8b5e30a81e1a40b7837190b6bb9ee257da03', 'a85089');
UPDATE Ticket SET used = 1 WHERE id_ticket = X'ac9dcad7a680e323359154622b2ad4713939d41409a6ea620b7efacaa745dd8a';INSERT INTO History VALUES('2020-06-19 06:43:00.242436', X'ac9dcad7a680e323359154622b2ad4713939d41409a6ea620b7efacaa745dd8a', 'a38536');
UPDATE Ticket SET used = 1 WHERE id_ticket = X'e95ccfb61071c7d169f68bfaf22c169ba37985454c3ba627c2f77755131f63ad';INSERT INTO History VALUES('2020-07-03 10:09:03.078916', X'e95ccfb61071c7d169f68bfaf22c169ba37985454c3ba627c2f77755131f63ad', 'a67736');
UPDATE Ticket SET used = 1 WHERE id_ticket = X'a7e90e96807e621d29836049885c78613b8e492b21af31a68752dcc50d01f410';INSERT INTO History VALUES('2020-05-28 23:46:23.508559', X'a7e90e96807e621d29836049885c78613b8e492b21af31a68752dcc50d01f410', 'a69149');
UPDATE Ticket SET used = 1 WHERE id_ticket = X'1c9726d6a68f4bfdec85a2d89250ab4937b62f0d52f5c8a814255c5e4697a3c5';INSERT INTO History VALUES('2020-06-12 06:39:06.191322', X'1c9726d6a68f4bfdec85a2d89250ab4937b62f0d52f5c8a814255c5e4697a3c5', 'a21855');
UPDATE Ticket SET used = 1 WHERE id_ticket = X'97f1150c4b1885d6dc2942d436ba2974f2b60960adb033e58d09fa0615e7dd93';INSERT INTO History VALUES('2020-05-31 14:22:30.857180', X'97f1150c4b1885d6dc2942d436ba2974f2b60960adb033e58d09fa0615e7dd93', 'a26053');
UPDATE Ticket SET used = 1 WHERE id_ticket = X'34c63d3ebe399ed2e0fb46aa4e385ae568495eea2012ee3644a562ac14da9e64';INSERT INTO History VALUES('2020-06-24 13:10:14.725686', X'34c63d3ebe399ed2e0fb46aa4e385ae568495eea2012ee3644a562ac14da9e64', 'a79863');
UPDATE Ticket SET used = 1 WHERE id_ticket = X'c72b45fba35336c8edeab1b5ee8bfb61926de8a212a6d029286da2bd91afda7b';INSERT INTO History VALUES('2020-06-02 03:27:47.096947', X'c72b45fba35336c8edeab1b5ee8bfb61926de8a212a6d029286da2bd91afda7b', 'a12867');
UPDATE Ticket SET used = 1 WHERE id_ticket = X'28be58d5bfe5882edbd4d7f6086a30c6a28266928c916ebfc651b7c80e4edbc0';INSERT INTO History VALUES('2020-06-17 12:26:08.712019', X'28be58d5bfe5882edbd4d7f6086a30c6a28266928c916ebfc651b7c80e4edbc0', 'a46769');
UPDATE Ticket SET used = 1 WHERE id_ticket = X'637ec135d54f80fdbb43a6534ab97436b2f9ea35d2f11a285a5f6693cea39751';INSERT INTO History VALUES('2020-06-30 03:25:09.639295', X'637ec135d54f80fdbb43a6534ab97436b2f9ea35d2f11a285a5f6693cea39751', 'a96704');
UPDATE Ticket SET used = 1 WHERE id_ticket = X'1e8dd9c8f8aab989c22fbe5dd66a48912515a8c08f31376cc234a6f055fc3971';INSERT INTO History VALUES('2020-07-03 03:26:40.592108', X'1e8dd9c8f8aab989c22fbe5dd66a48912515a8c08f31376cc234a6f055fc3971', 'a46883');
UPDATE Ticket SET used = 1 WHERE id_ticket = X'9c518d97b8aa530cfe14d9c5b30705013f7f6db470d3b23129f694578a405b12';INSERT INTO History VALUES('2020-05-15 02:40:47.661943', X'9c518d97b8aa530cfe14d9c5b30705013f7f6db470d3b23129f694578a405b12', 'a27668');
UPDATE Ticket SET used = 1 WHERE id_ticket = X'810ac38ef51c7df44f600f7edfcf00d988795badb591203bebe13a56b5d458bd';INSERT INTO History VALUES('2020-06-11 00:30:28.969519', X'810ac38ef51c7df44f600f7edfcf00d988795badb591203bebe13a56b5d458bd', 'a53258');
UPDATE Ticket SET used = 1 WHERE id_ticket = X'9a1657e792b62f9630da8aed5d30b05498a87c5cf22b2036fed6c4d29f893734';INSERT INTO History VALUES('2020-07-02 19:15:45.459912', X'9a1657e792b62f9630da8aed5d30b05498a87c5cf22b2036fed6c4d29f893734', 'a28488');
UPDATE Ticket SET used = 1 WHERE id_ticket = X'cf1b6cf11f7871dd0ba3c198054c369d937797ed3f927c84149b8fd478f0ae7b';INSERT INTO History VALUES('2020-07-03 06:12:56.050655', X'cf1b6cf11f7871dd0ba3c198054c369d937797ed3f927c84149b8fd478f0ae7b', 'a86025');
UPDATE Ticket SET used = 1 WHERE id_ticket = X'4968f58a4b3a4b0568c11651fe672284ec0b05e4e39ba988ecb51234571cbecd';INSERT INTO History VALUES('2020-07-03 14:06:04.040228', X'4968f58a4b3a4b0568c11651fe672284ec0b05e4e39ba988ecb51234571cbecd', 'a12154');
UPDATE Ticket SET used = 1 WHERE id_ticket = X'4457bf0b925f8473a462e3c3e35803946af30d6f0d23c6e2f5cfef8aad9a1803';INSERT INTO History VALUES('2020-06-29 19:51:53.244197', X'4457bf0b925f8473a462e3c3e35803946af30d6f0d23c6e2f5cfef8aad9a1803', 'a28488');
UPDATE Ticket SET used = 1 WHERE id_ticket = X'8f0bec67626719bea1812b6a190defcde75289c94902816f785ab1859fb0d9ab';INSERT INTO History VALUES('2020-06-14 09:03:51.821351', X'8f0bec67626719bea1812b6a190defcde75289c94902816f785ab1859fb0d9ab', 'a18700');
UPDATE Ticket SET used = 1 WHERE id_ticket = X'a47b0c08d676cf5f0d33e2d85dc9eb5cd6ea7fd20e95010f342a87b3b1b411d5';INSERT INTO History VALUES('2020-05-31 21:36:24.680306', X'a47b0c08d676cf5f0d33e2d85dc9eb5cd6ea7fd20e95010f342a87b3b1b411d5', 'a04094');
UPDATE Ticket SET used = 1 WHERE id_ticket = X'cb3d296712260d707fe42730b0aab56fa8d62a7db03822f9601967784b611914';INSERT INTO History VALUES('2020-06-23 23:16:19.591585', X'cb3d296712260d707fe42730b0aab56fa8d62a7db03822f9601967784b611914', 'a26053');
UPDATE Ticket SET used = 1 WHERE id_ticket = X'3dc9b133de43a38626cacb9072794ea6ccb41f513c85acf1d2025f1d5514172c';INSERT INTO History VALUES('2020-06-29 12:50:54.169289', X'3dc9b133de43a38626cacb9072794ea6ccb41f513c85acf1d2025f1d5514172c', 'a92215');
UPDATE Ticket SET used = 1 WHERE id_ticket = X'6a603fb5799b8ffd400fcf7185518472f573c7113d0a5360e816e75958264076';INSERT INTO History VALUES('2020-05-24 04:26:35.247436', X'6a603fb5799b8ffd400fcf7185518472f573c7113d0a5360e816e75958264076', 'a50559');
UPDATE Ticket SET used = 1 WHERE id_ticket = X'f236ec4c9bb348acc745c88b6d4c0633aee8b5467a74ea1bc2514cab2ba24769';INSERT INTO History VALUES('2020-06-17 15:22:34.307648', X'f236ec4c9bb348acc745c88b6d4c0633aee8b5467a74ea1bc2514cab2ba24769', 'a04176');
UPDATE Ticket SET used = 1 WHERE id_ticket = X'41eef575c77fb0fdf476275db02bc4f46bad3af4bfbef6c5c52b040e78cd9a60';INSERT INTO History VALUES('2020-06-16 13:39:33.543009', X'41eef575c77fb0fdf476275db02bc4f46bad3af4bfbef6c5c52b040e78cd9a60', 'a20481');
UPDATE Ticket SET used = 1 WHERE id_ticket = X'ad0cf9537c8bdeeba7bbee4a343b25147b7b903a8d3f678a8be632ecbdcbdd4f';INSERT INTO History VALUES('2020-07-02 00:34:40.554564', X'ad0cf9537c8bdeeba7bbee4a343b25147b7b903a8d3f678a8be632ecbdcbdd4f', 'a46736');
UPDATE Ticket SET used = 1 WHERE id_ticket = X'9e2c3537bdf19086d12659f2cd42457d2076aa7e9ff1231e9be3ec6d74b0310f';INSERT INTO History VALUES('2020-07-02 23:43:47.070335', X'9e2c3537bdf19086d12659f2cd42457d2076aa7e9ff1231e9be3ec6d74b0310f', 'a86517');
UPDATE Ticket SET used = 1 WHERE id_ticket = X'1b6840f83ca4ad6c245d142a7f676dd5b9652676c19fd20fdc3ce5c343e25cc4';INSERT INTO History VALUES('2020-06-10 15:22:11.080438', X'1b6840f83ca4ad6c245d142a7f676dd5b9652676c19fd20fdc3ce5c343e25cc4', 'a95152');
UPDATE Ticket SET used = 1 WHERE id_ticket = X'3a332631894304f7e0d87813024ea59524049801e153b7f7898ac45adb6b97ca';INSERT INTO History VALUES('2020-06-11 12:16:16.442181', X'3a332631894304f7e0d87813024ea59524049801e153b7f7898ac45adb6b97ca', 'a08585');
UPDATE Ticket SET used = 1 WHERE id_ticket = X'd180383ce3692edd1d4c6db1e04d149bf74854e82b3f40cd7d41087b925d9eb8';INSERT INTO History VALUES('2020-05-12 01:42:22.019160', X'd180383ce3692edd1d4c6db1e04d149bf74854e82b3f40cd7d41087b925d9eb8', 'a15225');
UPDATE Ticket SET used = 1 WHERE id_ticket = X'145a8ff63596d7fddb2d579ab960368e37c84a3283542223bb4792966a9857db';INSERT INTO History VALUES('2020-05-19 23:23:19.245144', X'145a8ff63596d7fddb2d579ab960368e37c84a3283542223bb4792966a9857db', 'a12248');
UPDATE Ticket SET used = 1 WHERE id_ticket = X'62b6d1efe8c7b8075a714d8e95a0cba73fe91c92fab40dd3d8244c3ad7e69233';INSERT INTO History VALUES('2020-06-09 04:01:19.093322', X'62b6d1efe8c7b8075a714d8e95a0cba73fe91c92fab40dd3d8244c3ad7e69233', 'a80899');
UPDATE Ticket SET used = 1 WHERE id_ticket = X'4fbb2f7612bff7d985ff66ead2e35c88507f86f7abeaeddd40a74b9614eb1fb2';INSERT INTO History VALUES('2020-05-13 10:32:36.895647', X'4fbb2f7612bff7d985ff66ead2e35c88507f86f7abeaeddd40a74b9614eb1fb2', 'a20481');
UPDATE Ticket SET used = 1 WHERE id_ticket = X'd7c3642a074879d7894b3e42b1874cea16bd45a64e0ca81f0ff44c2377d2346a';INSERT INTO History VALUES('2020-06-28 14:16:50.046673', X'd7c3642a074879d7894b3e42b1874cea16bd45a64e0ca81f0ff44c2377d2346a', 'a63317');
UPDATE Ticket SET used = 1 WHERE id_ticket = X'e065492a2506a74aecfa7e4ef30c1dc3e14e0c5a57c35bdc2ef6d0891adae886';INSERT INTO History VALUES('2020-05-12 12:49:35.312486', X'e065492a2506a74aecfa7e4ef30c1dc3e14e0c5a57c35bdc2ef6d0891adae886', 'a79346');
UPDATE Ticket SET used = 1 WHERE id_ticket = X'169823e37d792121d3c7406481b8bfdfa24b14627ba9fcde8d831e410da5c8a8';INSERT INTO History VALUES('2020-07-03 01:49:02.284554', X'169823e37d792121d3c7406481b8bfdfa24b14627ba9fcde8d831e410da5c8a8', 'a20044');
UPDATE Ticket SET used = 1 WHERE id_ticket = X'717dd6cb987a2e381864bf59f0d2f090f8c88a82a571146f48ee68c6496ea05f';INSERT INTO History VALUES('2020-05-27 13:33:09.250602', X'717dd6cb987a2e381864bf59f0d2f090f8c88a82a571146f48ee68c6496ea05f', 'a90730');
UPDATE Ticket SET used = 1 WHERE id_ticket = X'c01624f64e3115a683cb311067955d22acf5f85a8d39885f69ae0162be487fed';INSERT INTO History VALUES('2020-06-24 09:42:29.369307', X'c01624f64e3115a683cb311067955d22acf5f85a8d39885f69ae0162be487fed', 'a95152');
UPDATE Ticket SET used = 1 WHERE id_ticket = X'dbd6c83144ccfb6fc3cf2c412a3ffdb64a8d5eee5a1e3f8eb7acd9fe05ede9f1';INSERT INTO History VALUES('2020-07-02 12:16:58.078283', X'dbd6c83144ccfb6fc3cf2c412a3ffdb64a8d5eee5a1e3f8eb7acd9fe05ede9f1', 'a95152');
UPDATE Ticket SET used = 1 WHERE id_ticket = X'9bbf7f3b7362aad0fd1f8e6fc9bbce9bc515a82983c181ab3130c19d41bdb3fb';INSERT INTO History VALUES('2020-06-30 23:30:33.616847', X'9bbf7f3b7362aad0fd1f8e6fc9bbce9bc515a82983c181ab3130c19d41bdb3fb', 'a58334');
UPDATE Ticket SET used = 1 WHERE id_ticket = X'e58954646c96085259389f84a0c2f814c2129030419879309017a336eaea4b9f';INSERT INTO History VALUES('2020-06-09 08:38:54.477877', X'e58954646c96085259389f84a0c2f814c2129030419879309017a336eaea4b9f', 'a86788');
UPDATE Ticket SET used = 1 WHERE id_ticket = X'c7b98d719bb526f1dad517b154e1d31bf3f39cb42ab32323c2305caa032f32c5';INSERT INTO History VALUES('2020-06-24 21:42:14.551774', X'c7b98d719bb526f1dad517b154e1d31bf3f39cb42ab32323c2305caa032f32c5', 'a54437');
UPDATE Ticket SET used = 1 WHERE id_ticket = X'b0a9d13d357abd4eb0fc1c08d2502f3da23a9e2bf37302ee3ba452939de2b04d';INSERT INTO History VALUES('2020-06-18 05:52:29.955110', X'b0a9d13d357abd4eb0fc1c08d2502f3da23a9e2bf37302ee3ba452939de2b04d', 'a43248');
UPDATE Ticket SET used = 1 WHERE id_ticket = X'f0156b0c093a796de7f25c277c1ab432f4afa3eac429252dab556dfdda27cdfb';INSERT INTO History VALUES('2020-06-03 13:22:26.197384', X'f0156b0c093a796de7f25c277c1ab432f4afa3eac429252dab556dfdda27cdfb', 'a12248');
UPDATE Ticket SET used = 1 WHERE id_ticket = X'00a7cff57266e804d95cc7691efd75ecef1b08faa671c0bcfca5d816a1e4b4d9';INSERT INTO History VALUES('2020-07-03 10:56:53.958826', X'00a7cff57266e804d95cc7691efd75ecef1b08faa671c0bcfca5d816a1e4b4d9', 'a35004');
UPDATE Ticket SET used = 1 WHERE id_ticket = X'5286f457e99ed1a517100716137de2cb306f649ea233d35b841f1742f5b8419d';INSERT INTO History VALUES('2020-06-18 19:42:17.810597', X'5286f457e99ed1a517100716137de2cb306f649ea233d35b841f1742f5b8419d', 'a04094');
UPDATE Ticket SET used = 1 WHERE id_ticket = X'85bb06ad6cd65898baacad8a0c7cf422102020f477ab5fd0ba76ec19d732258f';INSERT INTO History VALUES('2020-06-29 02:16:01.074327', X'85bb06ad6cd65898baacad8a0c7cf422102020f477ab5fd0ba76ec19d732258f', 'a93012');
UPDATE Ticket SET used = 1 WHERE id_ticket = X'fdf9b54ae24a64f2a8d66cfc7fbb4ea6baf48adb380584eea57e7999783ce7ff';INSERT INTO History VALUES('2020-06-20 09:49:18.373752', X'fdf9b54ae24a64f2a8d66cfc7fbb4ea6baf48adb380584eea57e7999783ce7ff', 'a79790');
UPDATE Ticket SET used = 1 WHERE id_ticket = X'721428f516ec0fea4924471de911fdf0ab1d2c499c8f2257cdf1f5d752a56e3f';INSERT INTO History VALUES('2020-06-25 22:32:01.522637', X'721428f516ec0fea4924471de911fdf0ab1d2c499c8f2257cdf1f5d752a56e3f', 'a04176');
UPDATE Ticket SET used = 1 WHERE id_ticket = X'c2844e6c221f270261c2aad08c30c6974a0553c73c30c41ac565d06b38047cb1';INSERT INTO History VALUES('2020-06-12 19:28:09.039265', X'c2844e6c221f270261c2aad08c30c6974a0553c73c30c41ac565d06b38047cb1', 'a54354');
UPDATE Ticket SET used = 1 WHERE id_ticket = X'94ba13218c4aa43c94f509619fe545ef5b8110261819dc910e46ed3aad91061a';INSERT INTO History VALUES('2020-06-12 18:27:31.796109', X'94ba13218c4aa43c94f509619fe545ef5b8110261819dc910e46ed3aad91061a', 'a55528');
UPDATE Ticket SET used = 1 WHERE id_ticket = X'67a7bd840114f2f6e353d7b84f44e06d6fc3d232c0a8f529788c9b9680a95e29';INSERT INTO History VALUES('2020-06-18 20:26:51.654284', X'67a7bd840114f2f6e353d7b84f44e06d6fc3d232c0a8f529788c9b9680a95e29', 'a28488');
UPDATE Ticket SET used = 1 WHERE id_ticket = X'70875714c814bf20f43e06fe103c223d9ee771ef586651631d1ebe124abf108f';INSERT INTO History VALUES('2020-05-22 12:21:42.548872', X'70875714c814bf20f43e06fe103c223d9ee771ef586651631d1ebe124abf108f', 'a54437');
UPDATE Ticket SET used = 1 WHERE id_ticket = X'84da15a1ce755faa0a3d84ffd96b5a2ebaef06fee4bfbb3cfde51f9802721355';INSERT INTO History VALUES('2020-05-21 21:53:15.647316', X'84da15a1ce755faa0a3d84ffd96b5a2ebaef06fee4bfbb3cfde51f9802721355', 'a80247');
UPDATE Ticket SET used = 1 WHERE id_ticket = X'9d339cdcaa249de578f9f929f92d026ceb489c3c90c82c9a7a0ad266e6453c66';INSERT INTO History VALUES('2020-06-12 12:48:10.816635', X'9d339cdcaa249de578f9f929f92d026ceb489c3c90c82c9a7a0ad266e6453c66', 'a83006');
UPDATE Ticket SET used = 1 WHERE id_ticket = X'9d64f1c710c15c236823c48411f3030699a2b8721d2beb6819cbb3ec70fc7b3d';INSERT INTO History VALUES('2020-05-05 07:07:42.037359', X'9d64f1c710c15c236823c48411f3030699a2b8721d2beb6819cbb3ec70fc7b3d', 'a28488');
UPDATE Ticket SET used = 1 WHERE id_ticket = X'4d218e0c71cb55c09a2acf2f94a11480150444e69c4c15bc4d7beb21100e714a';INSERT INTO History VALUES('2020-07-03 04:19:10.036741', X'4d218e0c71cb55c09a2acf2f94a11480150444e69c4c15bc4d7beb21100e714a', 'a54437');
UPDATE Ticket SET used = 1 WHERE id_ticket = X'67d2e3a961b4556bdfac96f01e154b6a627f78b29dfe1a7c27c18e1bf36004b2';INSERT INTO History VALUES('2020-04-19 14:16:59.279899', X'67d2e3a961b4556bdfac96f01e154b6a627f78b29dfe1a7c27c18e1bf36004b2', 'a55528');
UPDATE Ticket SET used = 1 WHERE id_ticket = X'28d6c6ccfef5d7e55e7730fcd1b667c2e8dfaa704b732e26b45ca9afd9996493';INSERT INTO History VALUES('2020-07-02 10:07:27.836945', X'28d6c6ccfef5d7e55e7730fcd1b667c2e8dfaa704b732e26b45ca9afd9996493', 'a63317');
UPDATE Ticket SET used = 1 WHERE id_ticket = X'862a3bff357892d18689404bc26eb86d83b45a4bc127be85f24e98192b3b4430';INSERT INTO History VALUES('2020-07-01 17:36:22.910238', X'862a3bff357892d18689404bc26eb86d83b45a4bc127be85f24e98192b3b4430', 'a86025');
UPDATE Ticket SET used = 1 WHERE id_ticket = X'c710bd72c95e4fdb9ca768c8c8b553e2317597ef911f30e6ac72000ad2ce4a9f';INSERT INTO History VALUES('2020-06-19 20:02:58.628107', X'c710bd72c95e4fdb9ca768c8c8b553e2317597ef911f30e6ac72000ad2ce4a9f', 'a79346');
UPDATE Ticket SET used = 1 WHERE id_ticket = X'd17bc5d12c7b66d749f235153da03e5ac1475f1b3e011c8e7a758a3fc5706613';INSERT INTO History VALUES('2020-04-21 15:50:06.534949', X'd17bc5d12c7b66d749f235153da03e5ac1475f1b3e011c8e7a758a3fc5706613', 'a00286');
UPDATE Ticket SET used = 1 WHERE id_ticket = X'89466277b21e4a68d54f1e10f03c95d6cf27ee7815981f002a5ccf205a7926e3';INSERT INTO History VALUES('2020-07-02 09:58:49.367009', X'89466277b21e4a68d54f1e10f03c95d6cf27ee7815981f002a5ccf205a7926e3', 'a99616');
UPDATE Ticket SET used = 1 WHERE id_ticket = X'47b63d8d98f5ae39a5684a9a09b0a1cbbd551c6b3ab29e45a162ff90606680d1';INSERT INTO History VALUES('2020-04-20 21:32:58.309710', X'47b63d8d98f5ae39a5684a9a09b0a1cbbd551c6b3ab29e45a162ff90606680d1', 'a61312');
UPDATE Ticket SET used = 1 WHERE id_ticket = X'a466f29a65f6a66224ca252850b9976904b56ec4fa625a53b79fe114f47576bd';INSERT INTO History VALUES('2020-06-03 16:57:05.400841', X'a466f29a65f6a66224ca252850b9976904b56ec4fa625a53b79fe114f47576bd', 'a87514');
UPDATE Ticket SET used = 1 WHERE id_ticket = X'a2dea47cf6889134306a48977f8032f2e6362ebd1560014970fa43c8e4c0ea5d';INSERT INTO History VALUES('2020-06-29 07:45:10.853630', X'a2dea47cf6889134306a48977f8032f2e6362ebd1560014970fa43c8e4c0ea5d', 'a08158');
UPDATE Ticket SET used = 1 WHERE id_ticket = X'06a0a28bec65dcc410bacc2c9bccf0a968ba455c4e2cd13517e9f29c1da61f12';INSERT INTO History VALUES('2020-05-24 18:30:15.406121', X'06a0a28bec65dcc410bacc2c9bccf0a968ba455c4e2cd13517e9f29c1da61f12', 'a61537');
UPDATE Ticket SET used = 1 WHERE id_ticket = X'cdee53fc6ce4700480797bd01f02e66d23a909e0502dfc65608720a29219cf89';INSERT INTO History VALUES('2020-05-11 10:11:40.848767', X'cdee53fc6ce4700480797bd01f02e66d23a909e0502dfc65608720a29219cf89', 'a61537');
UPDATE Ticket SET used = 1 WHERE id_ticket = X'227a50c66c8611793bbc72571a31f270dee8b705251092bdd3f740369f003837';INSERT INTO History VALUES('2020-07-01 18:00:58.967197', X'227a50c66c8611793bbc72571a31f270dee8b705251092bdd3f740369f003837', 'a55528');
UPDATE Ticket SET used = 1 WHERE id_ticket = X'7b837ef894ed5695de119d74485f42c92977e6ed8598d394038d8cf0d38cc9c2';INSERT INTO History VALUES('2020-06-08 08:03:56.270919', X'7b837ef894ed5695de119d74485f42c92977e6ed8598d394038d8cf0d38cc9c2', 'a90978');
UPDATE Ticket SET used = 1 WHERE id_ticket = X'9f1eb23bed5724a8c049a0962b804069e8f7e4b0e0eb5e8d26e74d4cef208933';INSERT INTO History VALUES('2020-07-02 16:52:57.646458', X'9f1eb23bed5724a8c049a0962b804069e8f7e4b0e0eb5e8d26e74d4cef208933', 'a50559');
UPDATE Ticket SET used = 1 WHERE id_ticket = X'c2c855fe73abb8224ddbd55d430eb3eb7f1d9ae3a64ab39888506254e15ddc1b';INSERT INTO History VALUES('2020-06-30 04:48:37.832466', X'c2c855fe73abb8224ddbd55d430eb3eb7f1d9ae3a64ab39888506254e15ddc1b', 'a53258');
UPDATE Ticket SET used = 1 WHERE id_ticket = X'a1b92130b61c593ba52bc2a20d79b57d082115428b5bfc56f8d5ab3caa1d6020';INSERT INTO History VALUES('2020-06-17 06:29:55.264693', X'a1b92130b61c593ba52bc2a20d79b57d082115428b5bfc56f8d5ab3caa1d6020', 'a88212');
UPDATE Ticket SET used = 1 WHERE id_ticket = X'47b8d39d9997ff71d2da4c5377ae080662beb4fb329b14f80695b4ff76b8fc80';INSERT INTO History VALUES('2020-06-26 04:47:48.385658', X'47b8d39d9997ff71d2da4c5377ae080662beb4fb329b14f80695b4ff76b8fc80', 'a81633');
UPDATE Ticket SET used = 1 WHERE id_ticket = X'0f3ff14e425121c618fa38f32745aac631c3b507ed8ba0f1ed716209f56a08fc';INSERT INTO History VALUES('2020-06-15 04:57:49.397968', X'0f3ff14e425121c618fa38f32745aac631c3b507ed8ba0f1ed716209f56a08fc', 'a18700');
UPDATE Ticket SET used = 1 WHERE id_ticket = X'986e30f999785e6df49c2594d3fc1fdb79e032fe25a84feb26e18f81df84638e';INSERT INTO History VALUES('2020-06-07 06:38:13.051864', X'986e30f999785e6df49c2594d3fc1fdb79e032fe25a84feb26e18f81df84638e', 'a49426');
UPDATE Ticket SET used = 1 WHERE id_ticket = X'a8666e30613512ee834a2177beba62078130547ab135df77aaeeaba8d6997e4e';INSERT INTO History VALUES('2020-05-02 16:06:26.025529', X'a8666e30613512ee834a2177beba62078130547ab135df77aaeeaba8d6997e4e', 'a23468');
UPDATE Ticket SET used = 1 WHERE id_ticket = X'0b4960148ae5046d23e8de111262c63cafccc5027986484c5ea17ae739265239';INSERT INTO History VALUES('2020-05-29 17:47:10.891617', X'0b4960148ae5046d23e8de111262c63cafccc5027986484c5ea17ae739265239', 'a82539');
UPDATE Ticket SET used = 1 WHERE id_ticket = X'8b067ffed6a0241f91aa9444f12243827cf6d06dfa0331b79721174be101e1a4';INSERT INTO History VALUES('2020-05-23 09:05:36.313032', X'8b067ffed6a0241f91aa9444f12243827cf6d06dfa0331b79721174be101e1a4', 'a80247');
UPDATE Ticket SET used = 1 WHERE id_ticket = X'd6c93b09273ae701f9230b2569bab1cc142c2e782b5e0ed4ac81d87625dbf6ea';INSERT INTO History VALUES('2020-06-01 08:55:36.768464', X'd6c93b09273ae701f9230b2569bab1cc142c2e782b5e0ed4ac81d87625dbf6ea', 'a04176');
UPDATE Ticket SET used = 1 WHERE id_ticket = X'ebedbff7a68fffd3214317a9170579cf233170d3c8575fe82b53c36cdcd8076a';INSERT INTO History VALUES('2020-06-04 10:57:53.449792', X'ebedbff7a68fffd3214317a9170579cf233170d3c8575fe82b53c36cdcd8076a', 'a22705');
UPDATE Ticket SET used = 1 WHERE id_ticket = X'e682482a542a3a53b1c9c93b649a29ee04a7d15936328f45afecc509b68d13aa';INSERT INTO History VALUES('2020-06-13 10:32:56.186422', X'e682482a542a3a53b1c9c93b649a29ee04a7d15936328f45afecc509b68d13aa', 'a00759');
UPDATE Ticket SET used = 1 WHERE id_ticket = X'aebf6266bf0fd6e8445ec2c476619af743368026ade89ffc905b5c4bd526793c';INSERT INTO History VALUES('2020-05-28 05:04:02.377613', X'aebf6266bf0fd6e8445ec2c476619af743368026ade89ffc905b5c4bd526793c', 'a86517');
UPDATE Ticket SET used = 1 WHERE id_ticket = X'9253cb2e70c179302cc35620d2fe3819046cdd37c965082e6d9d3a1123ec5fdd';INSERT INTO History VALUES('2020-06-01 04:51:33.651153', X'9253cb2e70c179302cc35620d2fe3819046cdd37c965082e6d9d3a1123ec5fdd', 'a99616');
UPDATE Ticket SET used = 1 WHERE id_ticket = X'6a5a92e6410eec1bad768afd7bc25bb543de5ba2eb487fb5e6afae326f60cbb6';INSERT INTO History VALUES('2020-05-14 20:42:09.856168', X'6a5a92e6410eec1bad768afd7bc25bb543de5ba2eb487fb5e6afae326f60cbb6', 'a46736');
UPDATE Ticket SET used = 1 WHERE id_ticket = X'3961deb6d8d92bf24f632607e6204573cd9648bd27150086e34f2b7b4fed6624';INSERT INTO History VALUES('2020-06-22 16:44:26.857039', X'3961deb6d8d92bf24f632607e6204573cd9648bd27150086e34f2b7b4fed6624', 'a00759');
UPDATE Ticket SET used = 1 WHERE id_ticket = X'f15a1fec3bf54b2c953a1c996b9b55d9bcb9c6160d84fb720f0bf0abb53edf76';INSERT INTO History VALUES('2020-04-08 02:39:01.666376', X'f15a1fec3bf54b2c953a1c996b9b55d9bcb9c6160d84fb720f0bf0abb53edf76', 'a86968');
UPDATE Ticket SET used = 1 WHERE id_ticket = X'50ec37a03d00b1138beece51fb67a8437cbcdcbbc5ee1cffb25b555068eea43e';INSERT INTO History VALUES('2020-06-22 17:51:46.026327', X'50ec37a03d00b1138beece51fb67a8437cbcdcbbc5ee1cffb25b555068eea43e', 'a46982');
UPDATE Ticket SET used = 1 WHERE id_ticket = X'83731202177002b660f6f1a779eabba2b8763b01ff35356e92fc6bd49cc06b1d';INSERT INTO History VALUES('2020-04-23 21:58:26.012655', X'83731202177002b660f6f1a779eabba2b8763b01ff35356e92fc6bd49cc06b1d', 'a80899');
UPDATE Ticket SET used = 1 WHERE id_ticket = X'82d3592a4f977d8dd06efea3fe3165719c96e99e38274b1e2daf38c8ee402846';INSERT INTO History VALUES('2020-05-21 19:24:02.619472', X'82d3592a4f977d8dd06efea3fe3165719c96e99e38274b1e2daf38c8ee402846', 'a20481');
UPDATE Ticket SET used = 1 WHERE id_ticket = X'de370dc733924c7b61fb4ad0ac1e52fe11ba5b4ee062f6970dfcb73a97898220';INSERT INTO History VALUES('2020-07-02 05:28:04.365442', X'de370dc733924c7b61fb4ad0ac1e52fe11ba5b4ee062f6970dfcb73a97898220', 'a18099');
UPDATE Ticket SET used = 1 WHERE id_ticket = X'070bb52e20b4fab53c4577255d1340434717469bc0b69d8dede1b6001eb7e27d';INSERT INTO History VALUES('2020-06-11 17:31:37.872266', X'070bb52e20b4fab53c4577255d1340434717469bc0b69d8dede1b6001eb7e27d', 'a36731');
UPDATE Ticket SET used = 1 WHERE id_ticket = X'53e28b5d6e81120e1eb9e1953b87d38ddb3443d6ee585878721032cfcf0652d8';INSERT INTO History VALUES('2020-05-16 02:46:21.002421', X'53e28b5d6e81120e1eb9e1953b87d38ddb3443d6ee585878721032cfcf0652d8', 'a61312');
UPDATE Ticket SET used = 1 WHERE id_ticket = X'834c9abda2a819020ea59e227ace930120eff7a12f0d90d988f9f087191be5c9';INSERT INTO History VALUES('2020-06-22 06:28:27.995018', X'834c9abda2a819020ea59e227ace930120eff7a12f0d90d988f9f087191be5c9', 'a12248');
UPDATE Ticket SET used = 1 WHERE id_ticket = X'12a675639c40eb95386ef244eef8683cfeff797c3726a8e2e85f52961b4a4632';INSERT INTO History VALUES('2020-05-25 02:08:29.219414', X'12a675639c40eb95386ef244eef8683cfeff797c3726a8e2e85f52961b4a4632', 'a12462');
UPDATE Ticket SET used = 1 WHERE id_ticket = X'5d85dce54d9e4382ee3719fe59838da7a8507ea6afba152d5fd93250cd4c1f6e';INSERT INTO History VALUES('2020-06-29 07:08:31.193059', X'5d85dce54d9e4382ee3719fe59838da7a8507ea6afba152d5fd93250cd4c1f6e', 'a61887');
UPDATE Ticket SET used = 1 WHERE id_ticket = X'ec6895ca98561494628e0c7cafc8e232232e1830cf8fdab84f7e23e0135ac360';INSERT INTO History VALUES('2020-05-07 19:02:22.249916', X'ec6895ca98561494628e0c7cafc8e232232e1830cf8fdab84f7e23e0135ac360', 'a86968');
UPDATE Ticket SET used = 1 WHERE id_ticket = X'5240151cae6f90a927cd62195b1672aafb413222fae0ac4d13a518999fb4f8c3';INSERT INTO History VALUES('2020-05-25 14:54:48.953861', X'5240151cae6f90a927cd62195b1672aafb413222fae0ac4d13a518999fb4f8c3', 'a46982');
UPDATE Ticket SET used = 1 WHERE id_ticket = X'e03a3493b89dbf951f73787c464b2e68f05aad697520384d40c75a6dd184ad1d';INSERT INTO History VALUES('2020-07-03 14:59:02.935982', X'e03a3493b89dbf951f73787c464b2e68f05aad697520384d40c75a6dd184ad1d', 'a82539');
UPDATE Ticket SET used = 1 WHERE id_ticket = X'8a049dddc4c49d6fdddcea8d6c7f8058e67eb42a3d2093aeacdbc1e5be2bf80b';INSERT INTO History VALUES('2020-05-06 10:51:13.914141', X'8a049dddc4c49d6fdddcea8d6c7f8058e67eb42a3d2093aeacdbc1e5be2bf80b', 'a51754');
UPDATE Ticket SET used = 1 WHERE id_ticket = X'9f2b30eee972286df8325a98f65fc7f9bc3c2a1355b497542201036a9bb3c13e';INSERT INTO History VALUES('2020-06-10 13:19:02.588929', X'9f2b30eee972286df8325a98f65fc7f9bc3c2a1355b497542201036a9bb3c13e', 'a04176');
UPDATE Ticket SET used = 1 WHERE id_ticket = X'32cf338305d603e96c29dec824845dc2479dc931ca7e5c6e4e060b67c528a155';INSERT INTO History VALUES('2020-06-26 21:49:30.909789', X'32cf338305d603e96c29dec824845dc2479dc931ca7e5c6e4e060b67c528a155', 'a81593');
UPDATE Ticket SET used = 1 WHERE id_ticket = X'92985594950af462beac7ab9163ee9706ddb22df361423bb046b729109356106';INSERT INTO History VALUES('2020-06-23 11:16:01.659334', X'92985594950af462beac7ab9163ee9706ddb22df361423bb046b729109356106', 'a81593');
UPDATE Ticket SET used = 1 WHERE id_ticket = X'7d2675409ce2fb2f776b6ea88dcee6afd71cb456c5e082c5bc329c6728630957';INSERT INTO History VALUES('2020-05-27 00:17:15.572000', X'7d2675409ce2fb2f776b6ea88dcee6afd71cb456c5e082c5bc329c6728630957', 'a38536');
UPDATE Ticket SET used = 1 WHERE id_ticket = X'49c76fa5ab559e139a8ee65eae140d0c391df3868d0e202fe6d9e3c71165fa73';INSERT INTO History VALUES('2020-05-27 10:14:37.278364', X'49c76fa5ab559e139a8ee65eae140d0c391df3868d0e202fe6d9e3c71165fa73', 'a00759');
UPDATE Ticket SET used = 1 WHERE id_ticket = X'aabd158790c2055a9a8c509b56625f19e7d2c51165857e323de825468ade871c';INSERT INTO History VALUES('2020-04-30 02:21:31.976404', X'aabd158790c2055a9a8c509b56625f19e7d2c51165857e323de825468ade871c', 'a08585');
UPDATE Ticket SET used = 1 WHERE id_ticket = X'b39bcdbdb8170fc593f71963035f94187cba7031ec314f1ef25b45ee67fc1155';INSERT INTO History VALUES('2020-06-05 09:34:44.136438', X'b39bcdbdb8170fc593f71963035f94187cba7031ec314f1ef25b45ee67fc1155', 'a51754');
UPDATE Ticket SET used = 1 WHERE id_ticket = X'c2e893d5848f197e2a358dfee210dbd44dc7a85d1e01d3ccf2b8cb61c8947eaa';INSERT INTO History VALUES('2020-06-12 15:30:42.914576', X'c2e893d5848f197e2a358dfee210dbd44dc7a85d1e01d3ccf2b8cb61c8947eaa', 'a90978');
UPDATE Ticket SET used = 1 WHERE id_ticket = X'5e8444a9039b2b4220bba8352f0a1f468f357a4fb9580d2dc873a2542359059a';INSERT INTO History VALUES('2020-06-04 15:04:27.242882', X'5e8444a9039b2b4220bba8352f0a1f468f357a4fb9580d2dc873a2542359059a', 'a61887');
UPDATE Ticket SET used = 1 WHERE id_ticket = X'a8f50c6ca28e07cc258f2a75e3ac9d2cc942af518c0fff59e925dc2f9e363116';INSERT INTO History VALUES('2020-07-02 08:24:53.213922', X'a8f50c6ca28e07cc258f2a75e3ac9d2cc942af518c0fff59e925dc2f9e363116', 'a62910');
UPDATE Ticket SET used = 1 WHERE id_ticket = X'dad871f4ae696569b79100c66988ba61d0d8c340906d68c14a8c31645ed05484';INSERT INTO History VALUES('2020-06-06 15:44:14.443914', X'dad871f4ae696569b79100c66988ba61d0d8c340906d68c14a8c31645ed05484', 'a67736');
UPDATE Ticket SET used = 1 WHERE id_ticket = X'eeadcc82ec3bba1dead1474bfd61aa06f242580716d3d22407e122c52be992c0';INSERT INTO History VALUES('2020-06-17 18:49:58.410167', X'eeadcc82ec3bba1dead1474bfd61aa06f242580716d3d22407e122c52be992c0', 'a75124');
UPDATE Ticket SET used = 1 WHERE id_ticket = X'3dff918c1e07fba7b4a52d01ea531ef2e516bb35feb461a47c3b50a4cffab8ef';INSERT INTO History VALUES('2020-06-21 13:04:26.806165', X'3dff918c1e07fba7b4a52d01ea531ef2e516bb35feb461a47c3b50a4cffab8ef', 'a87120');
UPDATE Ticket SET used = 1 WHERE id_ticket = X'123030813d0be8d7c18c205b97ed012aaa4e49b76ab5fa139ab2a82a53c2df10';INSERT INTO History VALUES('2020-06-19 00:31:07.312034', X'123030813d0be8d7c18c205b97ed012aaa4e49b76ab5fa139ab2a82a53c2df10', 'a18700');
UPDATE Ticket SET used = 1 WHERE id_ticket = X'4c40636b855c0b8fd620777d4cce8a44ac28a528c8b8d808304b5aa53ab858f7';INSERT INTO History VALUES('2020-05-26 15:38:32.464610', X'4c40636b855c0b8fd620777d4cce8a44ac28a528c8b8d808304b5aa53ab858f7', 'a91123');
UPDATE Ticket SET used = 1 WHERE id_ticket = X'441befe02e397e52599434665a9ed265e584c5d2ef231d9bd299b2e3e918fd3c';INSERT INTO History VALUES('2020-06-27 04:42:34.703174', X'441befe02e397e52599434665a9ed265e584c5d2ef231d9bd299b2e3e918fd3c', 'a23468');
UPDATE Ticket SET used = 1 WHERE id_ticket = X'14d523c816bc0391cbace5aac4c2dd1c979a1b793bcaa04a72f1de47ffac2d13';INSERT INTO History VALUES('2020-06-13 22:32:55.147450', X'14d523c816bc0391cbace5aac4c2dd1c979a1b793bcaa04a72f1de47ffac2d13', 'a86517');
UPDATE Ticket SET used = 1 WHERE id_ticket = X'a1828b4780bb5d9f59791fe7ff581323f9e94fc62da9f6fd818cb04112664e8b';INSERT INTO History VALUES('2020-05-09 07:42:00.277568', X'a1828b4780bb5d9f59791fe7ff581323f9e94fc62da9f6fd818cb04112664e8b', 'a36731');
UPDATE Ticket SET used = 1 WHERE id_ticket = X'ea6e556f6e43dba4b1f5d0201922407683dedca323b3e92c9699dc419aeea536';INSERT INTO History VALUES('2020-05-30 17:06:45.249612', X'ea6e556f6e43dba4b1f5d0201922407683dedca323b3e92c9699dc419aeea536', 'a08585');
UPDATE Ticket SET used = 1 WHERE id_ticket = X'129b3b7ca24e3651beda80b4cad60537050b47158050f1c98af97f40bc126384';INSERT INTO History VALUES('2020-06-13 09:45:35.170504', X'129b3b7ca24e3651beda80b4cad60537050b47158050f1c98af97f40bc126384', 'a83006');
UPDATE Ticket SET used = 1 WHERE id_ticket = X'40d7495ff6885b188921f094425ab7d016a1c8a6dca401c497f177e04e8f5d46';INSERT INTO History VALUES('2020-06-25 15:31:48.674419', X'40d7495ff6885b188921f094425ab7d016a1c8a6dca401c497f177e04e8f5d46', 'a46736');
UPDATE Ticket SET used = 1 WHERE id_ticket = X'53da500fa430fa3a154e8531f378534568dda79ee6accfce626a74a9168f48be';INSERT INTO History VALUES('2020-06-22 17:40:31.912955', X'53da500fa430fa3a154e8531f378534568dda79ee6accfce626a74a9168f48be', 'a61832');
UPDATE Ticket SET used = 1 WHERE id_ticket = X'5ed873e666f7922253be0214efd6837edfdd839e06276170524ed883ad342f2e';INSERT INTO History VALUES('2020-06-10 13:27:47.540153', X'5ed873e666f7922253be0214efd6837edfdd839e06276170524ed883ad342f2e', 'a20481');
UPDATE Ticket SET used = 1 WHERE id_ticket = X'3fc3c1bf7c29fab1750d502cbe5ac422fa5c7d12b93f6d162a6e8d3183700891';INSERT INTO History VALUES('2020-06-29 11:30:51.681482', X'3fc3c1bf7c29fab1750d502cbe5ac422fa5c7d12b93f6d162a6e8d3183700891', 'a79346');
UPDATE Ticket SET used = 1 WHERE id_ticket = X'a92db2bb801e6417ef9bf856e4d89206c00bcc3794391a15c39e0a22e8dd9d0c';INSERT INTO History VALUES('2020-06-22 05:47:09.087569', X'a92db2bb801e6417ef9bf856e4d89206c00bcc3794391a15c39e0a22e8dd9d0c', 'a12248');
UPDATE Ticket SET used = 1 WHERE id_ticket = X'5317b3b9b55c704774d8831c66dda4692e68b46a9bf329ce54dbf848b51c6ae2';INSERT INTO History VALUES('2020-06-13 07:21:38.903665', X'5317b3b9b55c704774d8831c66dda4692e68b46a9bf329ce54dbf848b51c6ae2', 'a81633');
UPDATE Ticket SET used = 1 WHERE id_ticket = X'3e80e67590eab0214ef5992cba5a9e073e57242c898dadf988f95648e371fcd7';INSERT INTO History VALUES('2020-06-23 06:43:52.375261', X'3e80e67590eab0214ef5992cba5a9e073e57242c898dadf988f95648e371fcd7', 'a18099');
UPDATE Ticket SET used = 1 WHERE id_ticket = X'551cdd26d5b2c3382ddd999ad56d43349ffac74167559d5f2bce42a15ef3b658';INSERT INTO History VALUES('2020-06-20 07:24:37.774944', X'551cdd26d5b2c3382ddd999ad56d43349ffac74167559d5f2bce42a15ef3b658', 'a87514');
UPDATE Ticket SET used = 1 WHERE id_ticket = X'f1a6e7e1491cd85bdef4c11de8770bc697b100218e48542975250f887ed73332';INSERT INTO History VALUES('2020-04-27 19:59:41.492007', X'f1a6e7e1491cd85bdef4c11de8770bc697b100218e48542975250f887ed73332', 'a87120');
UPDATE Ticket SET used = 1 WHERE id_ticket = X'2be76a1c4f9133e5f873592f3b09d23b00c35101f0203a619a9bdc5a2f9e8696';INSERT INTO History VALUES('2020-04-25 17:37:43.762114', X'2be76a1c4f9133e5f873592f3b09d23b00c35101f0203a619a9bdc5a2f9e8696', 'a86517');
UPDATE Ticket SET used = 1 WHERE id_ticket = X'fa58ff12dee7c7a88c7449a57a9caecc3208b0baa62db4a5695768cff6764eb1';INSERT INTO History VALUES('2020-06-25 09:00:05.089359', X'fa58ff12dee7c7a88c7449a57a9caecc3208b0baa62db4a5695768cff6764eb1', 'a38536');
UPDATE Ticket SET used = 1 WHERE id_ticket = X'e65ae9e3bd13a476b1b9b4072c217ff7114dc973bf218a1c1bbd1bd092834c6f';INSERT INTO History VALUES('2020-06-20 13:22:56.366242', X'e65ae9e3bd13a476b1b9b4072c217ff7114dc973bf218a1c1bbd1bd092834c6f', 'a93012');
UPDATE Ticket SET used = 1 WHERE id_ticket = X'8e36adf6c37cd4a7e1a100e6753fee70a1c25a59f38f77a89320ff644255dfb0';INSERT INTO History VALUES('2020-06-22 20:25:45.984508', X'8e36adf6c37cd4a7e1a100e6753fee70a1c25a59f38f77a89320ff644255dfb0', 'a27360');
UPDATE Ticket SET used = 1 WHERE id_ticket = X'5b62c41df29c682c3a3a3e147583677f64534545f776f93d830c4bf5ce9145fb';INSERT INTO History VALUES('2020-06-23 21:06:30.099340', X'5b62c41df29c682c3a3a3e147583677f64534545f776f93d830c4bf5ce9145fb', 'a99616');
UPDATE Ticket SET used = 1 WHERE id_ticket = X'd4537fc10567b7b3b9cce98a95f674cd83d877faf9d7fb360521ae9fca83fbb7';INSERT INTO History VALUES('2020-05-30 20:20:21.333359', X'd4537fc10567b7b3b9cce98a95f674cd83d877faf9d7fb360521ae9fca83fbb7', 'a61312');
UPDATE Ticket SET used = 1 WHERE id_ticket = X'cad0aaff9ec8ced88fafd9d13f014d365787702bf5f66d8305c4403307597961';INSERT INTO History VALUES('2020-06-09 09:45:59.343999', X'cad0aaff9ec8ced88fafd9d13f014d365787702bf5f66d8305c4403307597961', 'a25353');
UPDATE Ticket SET used = 1 WHERE id_ticket = X'13aa7e4674b6737e87fae5718a969fb29a0dc0e4f923a217f04af4c656e80982';INSERT INTO History VALUES('2020-04-22 07:25:41.979458', X'13aa7e4674b6737e87fae5718a969fb29a0dc0e4f923a217f04af4c656e80982', 'a69149');
UPDATE Ticket SET used = 1 WHERE id_ticket = X'9d75cb6e4c427da42a2a0d8f081c8c9ca325e0b89296730e4f1a41c3598cf441';INSERT INTO History VALUES('2020-04-30 08:05:05.994094', X'9d75cb6e4c427da42a2a0d8f081c8c9ca325e0b89296730e4f1a41c3598cf441', 'a62910');
UPDATE Ticket SET used = 1 WHERE id_ticket = X'4dc85946b88b96e7a62ee164c9ebde904e02a957ee3b286dbeb877d49450c15d';INSERT INTO History VALUES('2020-04-25 15:18:45.410135', X'4dc85946b88b96e7a62ee164c9ebde904e02a957ee3b286dbeb877d49450c15d', 'a38536');
UPDATE Ticket SET used = 1 WHERE id_ticket = X'9b23db88945e1e028b6fad699543bd524dee206e16dc6c52b5c0c33b4694c370';INSERT INTO History VALUES('2020-04-13 23:19:33.306546', X'9b23db88945e1e028b6fad699543bd524dee206e16dc6c52b5c0c33b4694c370', 'a22705');
UPDATE Ticket SET used = 1 WHERE id_ticket = X'9f3a916ef90a100d4217064beea75677407a681800aa21848deec5c38f4b6c80';INSERT INTO History VALUES('2020-04-23 21:05:34.053137', X'9f3a916ef90a100d4217064beea75677407a681800aa21848deec5c38f4b6c80', 'a72926');
UPDATE Ticket SET used = 1 WHERE id_ticket = X'4d14f5e48d43186151013ed754802794898f25b4351095ecbbd596ceb4829a69';INSERT INTO History VALUES('2020-05-12 15:21:06.678869', X'4d14f5e48d43186151013ed754802794898f25b4351095ecbbd596ceb4829a69', 'a20481');
UPDATE Ticket SET used = 1 WHERE id_ticket = X'e6547acdbcb17dfcb897cfbb10f60edc403d76c3583b784f2e0a83cd439911a4';INSERT INTO History VALUES('2020-07-03 14:37:31.066024', X'e6547acdbcb17dfcb897cfbb10f60edc403d76c3583b784f2e0a83cd439911a4', 'a86517');
UPDATE Ticket SET used = 1 WHERE id_ticket = X'87cdb586bfab5d604a3be1c75bd1ae9ca4cc47d08f283e7eb1b30f0a16523395';INSERT INTO History VALUES('2020-05-25 16:04:10.633546', X'87cdb586bfab5d604a3be1c75bd1ae9ca4cc47d08f283e7eb1b30f0a16523395', 'a88212');
UPDATE Ticket SET used = 1 WHERE id_ticket = X'c1e9a7fb925ec8ca891450dc5b37c5c29d952757e849a2ee1a2b2ad1848f95eb';INSERT INTO History VALUES('2020-06-04 03:30:34.872833', X'c1e9a7fb925ec8ca891450dc5b37c5c29d952757e849a2ee1a2b2ad1848f95eb', 'a07408');
UPDATE Ticket SET used = 1 WHERE id_ticket = X'1748613539eb63233a22aba2b4850aac1ce24c59d4ba9d45d4c95682dd8f66db';INSERT INTO History VALUES('2020-06-22 03:00:51.645492', X'1748613539eb63233a22aba2b4850aac1ce24c59d4ba9d45d4c95682dd8f66db', 'a52516');
UPDATE Ticket SET used = 1 WHERE id_ticket = X'14e6e18a0ae07922fc9733e2758b63094cc874b215348ce517122c7afd8e9e87';INSERT INTO History VALUES('2020-06-22 21:11:40.278796', X'14e6e18a0ae07922fc9733e2758b63094cc874b215348ce517122c7afd8e9e87', 'a91123');
UPDATE Ticket SET used = 1 WHERE id_ticket = X'2f9516e60874759fb6bc7c93942f25f3a6525f28264bc18360ff2a9f41c28299';INSERT INTO History VALUES('2020-07-02 22:50:55.805062', X'2f9516e60874759fb6bc7c93942f25f3a6525f28264bc18360ff2a9f41c28299', 'a12154');
UPDATE Ticket SET used = 1 WHERE id_ticket = X'9f1f9f99a6259c37651916927b9e4087e30e2944eba9dd76fb927c9569224e03';INSERT INTO History VALUES('2020-05-21 22:12:27.698265', X'9f1f9f99a6259c37651916927b9e4087e30e2944eba9dd76fb927c9569224e03', 'a07408');
UPDATE Ticket SET used = 1 WHERE id_ticket = X'083a9c0227a7150005d80ad82a90dc10a8e84f3b9c2c0f2c5ba9ba779b4c14ce';INSERT INTO History VALUES('2020-05-11 10:15:27.296148', X'083a9c0227a7150005d80ad82a90dc10a8e84f3b9c2c0f2c5ba9ba779b4c14ce', 'a54354');
UPDATE Ticket SET used = 1 WHERE id_ticket = X'e7c42942eafa2f494515174c9b7a9e013a11743e4afa20ed8cd305162b3379a3';INSERT INTO History VALUES('2020-07-03 09:29:32.977508', X'e7c42942eafa2f494515174c9b7a9e013a11743e4afa20ed8cd305162b3379a3', 'a86968');
UPDATE Ticket SET used = 1 WHERE id_ticket = X'a4931413e5041e0507d4c1fb7120f60b009bef4849ec7021f7a4ac84a1ae9f24';INSERT INTO History VALUES('2020-07-01 00:20:52.029485', X'a4931413e5041e0507d4c1fb7120f60b009bef4849ec7021f7a4ac84a1ae9f24', 'a08220');
UPDATE Ticket SET used = 1 WHERE id_ticket = X'101b0d8ac3434b3a23f247d3cd1cf8c05b0edc782b52b29917a496356f73b480';INSERT INTO History VALUES('2020-07-01 10:36:43.234247', X'101b0d8ac3434b3a23f247d3cd1cf8c05b0edc782b52b29917a496356f73b480', 'a18700');
UPDATE Ticket SET used = 1 WHERE id_ticket = X'15a22a779db8ae66740b71a4d0a88e748531b144681f33e6c81107ea23622b0e';INSERT INTO History VALUES('2020-05-03 04:56:58.369893', X'15a22a779db8ae66740b71a4d0a88e748531b144681f33e6c81107ea23622b0e', 'a50784');
UPDATE Ticket SET used = 1 WHERE id_ticket = X'83b4d6149b692184110924b296afb6afe51b61b7a411221d57f74f1da183b6a9';INSERT INTO History VALUES('2020-04-13 09:04:38.614974', X'83b4d6149b692184110924b296afb6afe51b61b7a411221d57f74f1da183b6a9', 'a04176');
UPDATE Ticket SET used = 1 WHERE id_ticket = X'7a3400de721e8baa481d400a8d77e5342aa687b785f13828419a3c31f4186fc8';INSERT INTO History VALUES('2020-06-24 06:44:16.600660', X'7a3400de721e8baa481d400a8d77e5342aa687b785f13828419a3c31f4186fc8', 'a91123');
UPDATE Ticket SET used = 1 WHERE id_ticket = X'bbf537a825dd984c2429c275339ae74ce9a6560502680dcc2b5e6a2ff8a6bd2a';INSERT INTO History VALUES('2020-07-03 05:51:04.002531', X'bbf537a825dd984c2429c275339ae74ce9a6560502680dcc2b5e6a2ff8a6bd2a', 'a27668');
UPDATE Ticket SET used = 1 WHERE id_ticket = X'6dff6cab25ee1cee72c0e7863c46ea289e5a2d0110203178c85cb9f87794fc98';INSERT INTO History VALUES('2020-05-28 03:20:47.897255', X'6dff6cab25ee1cee72c0e7863c46ea289e5a2d0110203178c85cb9f87794fc98', 'a20044');
UPDATE Ticket SET used = 1 WHERE id_ticket = X'cf261a6096aedc34fdcbd4b0d01a7c711153f366cb4a13eb04d3812e26a155a5';INSERT INTO History VALUES('2020-05-31 09:32:03.656931', X'cf261a6096aedc34fdcbd4b0d01a7c711153f366cb4a13eb04d3812e26a155a5', 'a29258');
UPDATE Ticket SET used = 1 WHERE id_ticket = X'1fd60a991e6ea9b1605fb254423d3109ddbdee97eb64f32da41ed06ef4d91a72';INSERT INTO History VALUES('2020-06-27 23:00:59.992060', X'1fd60a991e6ea9b1605fb254423d3109ddbdee97eb64f32da41ed06ef4d91a72', 'a51166');
UPDATE Ticket SET used = 1 WHERE id_ticket = X'8d6308e880a8ec0344e818910413e0e4a6a7b14251eb5c1bbaea3c12188c0c5f';INSERT INTO History VALUES('2020-05-10 01:06:25.857898', X'8d6308e880a8ec0344e818910413e0e4a6a7b14251eb5c1bbaea3c12188c0c5f', 'a93012');
UPDATE Ticket SET used = 1 WHERE id_ticket = X'9deb624954d612bf4dcf3d9a934b344af04b9c67a0c55c30543ad5fabff178d7';INSERT INTO History VALUES('2020-04-25 15:22:26.847243', X'9deb624954d612bf4dcf3d9a934b344af04b9c67a0c55c30543ad5fabff178d7', 'a53258');
UPDATE Ticket SET used = 1 WHERE id_ticket = X'8598d328f863bd571b570d953345aa31b4f3022862ba203d3fb9385d0d317dd7';INSERT INTO History VALUES('2020-06-29 06:05:41.847001', X'8598d328f863bd571b570d953345aa31b4f3022862ba203d3fb9385d0d317dd7', 'a87120');
UPDATE Ticket SET used = 1 WHERE id_ticket = X'9a3a2eb1088256886bd488dafbe50e4262352fe6543b3355148fab1f066ab02a';INSERT INTO History VALUES('2020-05-25 14:10:20.005663', X'9a3a2eb1088256886bd488dafbe50e4262352fe6543b3355148fab1f066ab02a', 'a54437');
UPDATE Ticket SET used = 1 WHERE id_ticket = X'8f4007814af5e2efd8e70ce1aaed4c8eb456c4fa435e6b00e3fb09370eff09cd';INSERT INTO History VALUES('2020-05-26 03:12:38.409120', X'8f4007814af5e2efd8e70ce1aaed4c8eb456c4fa435e6b00e3fb09370eff09cd', 'a46883');
UPDATE Ticket SET used = 1 WHERE id_ticket = X'915a1a5bf2078729748af6e4d93f4fe1acd3333d8c622256ab7db2f46e6858c5';INSERT INTO History VALUES('2020-07-02 23:15:58.468119', X'915a1a5bf2078729748af6e4d93f4fe1acd3333d8c622256ab7db2f46e6858c5', 'a29258');
UPDATE Ticket SET used = 1 WHERE id_ticket = X'4d5efa7cfe073591c2a2bcf5ddcf9f09ab4724eef2c355ac1f89876c9a5080e9';INSERT INTO History VALUES('2020-06-17 12:51:17.263309', X'4d5efa7cfe073591c2a2bcf5ddcf9f09ab4724eef2c355ac1f89876c9a5080e9', 'a90978');
UPDATE Ticket SET used = 1 WHERE id_ticket = X'3c77c21fbfa0c41c46980aaa400b2469b2a3302ff9ffee45645d306b990d6e9a';INSERT INTO History VALUES('2020-06-05 04:21:58.723487', X'3c77c21fbfa0c41c46980aaa400b2469b2a3302ff9ffee45645d306b990d6e9a', 'a51754');
UPDATE Ticket SET used = 1 WHERE id_ticket = X'a0fa5633f131f9c742afbc3bc476d57f816aa7f423eda13bcd0efc87c6c98d9e';INSERT INTO History VALUES('2020-05-12 14:14:48.338871', X'a0fa5633f131f9c742afbc3bc476d57f816aa7f423eda13bcd0efc87c6c98d9e', 'a35004');
UPDATE Ticket SET used = 1 WHERE id_ticket = X'ab2c926b8d6d31fddd55db254828726694f51806c369a550b661c0d99ad55a5a';INSERT INTO History VALUES('2020-07-01 08:58:56.236036', X'ab2c926b8d6d31fddd55db254828726694f51806c369a550b661c0d99ad55a5a', 'a15225');
UPDATE Ticket SET used = 1 WHERE id_ticket = X'a6a99e974bc550b22284b76ceea732c1522242cb83a2e45d24e819b53f8a41ff';INSERT INTO History VALUES('2020-07-01 20:29:12.674021', X'a6a99e974bc550b22284b76ceea732c1522242cb83a2e45d24e819b53f8a41ff', 'a12248');
UPDATE Ticket SET used = 1 WHERE id_ticket = X'541d8c323e239b88f5727dda1eaa10e9242d8e3455cccc8e958dcc62bc15b5fd';INSERT INTO History VALUES('2020-06-02 21:38:56.980060', X'541d8c323e239b88f5727dda1eaa10e9242d8e3455cccc8e958dcc62bc15b5fd', 'a50559');
UPDATE Ticket SET used = 1 WHERE id_ticket = X'fba0ee18ffeadfc65c01a5149462c242e85a09c83de37b79e167bac0c7a306e1';INSERT INTO History VALUES('2020-06-08 22:40:11.662653', X'fba0ee18ffeadfc65c01a5149462c242e85a09c83de37b79e167bac0c7a306e1', 'a79790');
UPDATE Ticket SET used = 1 WHERE id_ticket = X'db38da30788a34295a4ff6d067208081476f439fe5faabe415979f6db8886e8d';INSERT INTO History VALUES('2020-07-02 21:57:56.011147', X'db38da30788a34295a4ff6d067208081476f439fe5faabe415979f6db8886e8d', 'a84440');
UPDATE Ticket SET used = 1 WHERE id_ticket = X'24deb882d659ce406e22bb75b76286a6203b788eebc40d77c30f084e15244739';INSERT INTO History VALUES('2020-04-26 02:18:29.166480', X'24deb882d659ce406e22bb75b76286a6203b788eebc40d77c30f084e15244739', 'a69149');
UPDATE Ticket SET used = 1 WHERE id_ticket = X'abb3a1ad8bfe49a5a49ba9e6dd0a737e5a17b1594b0c8e86f11436793861540c';INSERT INTO History VALUES('2020-06-22 21:46:53.433948', X'abb3a1ad8bfe49a5a49ba9e6dd0a737e5a17b1594b0c8e86f11436793861540c', 'a99616');
UPDATE Ticket SET used = 1 WHERE id_ticket = X'7fe8514f0daea3da7cc2f4e389305c612b5e7fbb9c8b11292920796783645f12';INSERT INTO History VALUES('2020-06-10 06:00:53.527503', X'7fe8514f0daea3da7cc2f4e389305c612b5e7fbb9c8b11292920796783645f12', 'a07408');
UPDATE Ticket SET used = 1 WHERE id_ticket = X'1af4c8c12df1913f3521a307d00978bd4c9f71e43f09fd4c9a24792cc7a37643';INSERT INTO History VALUES('2020-05-25 13:21:11.384261', X'1af4c8c12df1913f3521a307d00978bd4c9f71e43f09fd4c9a24792cc7a37643', 'a50692');
UPDATE Ticket SET used = 1 WHERE id_ticket = X'c36c5a15e18288fc3e5ee6f8d993d15594a679c496b91a6b8868a8f5f0ef134d';INSERT INTO History VALUES('2020-06-13 05:22:41.669419', X'c36c5a15e18288fc3e5ee6f8d993d15594a679c496b91a6b8868a8f5f0ef134d', 'a23468');
UPDATE Ticket SET used = 1 WHERE id_ticket = X'090796198e7f9b695a2ec75ade1913ebf6fb37e94be6ba2af85c5933dea8c1f7';INSERT INTO History VALUES('2020-07-02 04:18:19.189796', X'090796198e7f9b695a2ec75ade1913ebf6fb37e94be6ba2af85c5933dea8c1f7', 'a96704');
UPDATE Ticket SET used = 1 WHERE id_ticket = X'd8d834033c2e00420919e69f82358460fd50a9e7326de8384e93bc653734f057';INSERT INTO History VALUES('2020-06-03 20:05:59.205683', X'd8d834033c2e00420919e69f82358460fd50a9e7326de8384e93bc653734f057', 'a63317');
UPDATE Ticket SET used = 1 WHERE id_ticket = X'845d2409b1d17f2f1a6812fd066043702e19949c969377644e7e526956878047';INSERT INTO History VALUES('2020-06-27 05:27:49.840650', X'845d2409b1d17f2f1a6812fd066043702e19949c969377644e7e526956878047', 'a50692');
UPDATE Ticket SET used = 1 WHERE id_ticket = X'a9d8a8ccfa1c28d7f9fd6e1934ddfdcdc31c00486beebfc713c65589c25cbf55';INSERT INTO History VALUES('2020-05-30 09:23:59.299308', X'a9d8a8ccfa1c28d7f9fd6e1934ddfdcdc31c00486beebfc713c65589c25cbf55', 'a22705');
UPDATE Ticket SET used = 1 WHERE id_ticket = X'f286202997db34205a697856bc783a994df014f545350743d698222d07f6c481';INSERT INTO History VALUES('2020-05-27 22:58:44.304224', X'f286202997db34205a697856bc783a994df014f545350743d698222d07f6c481', 'a08585');
UPDATE Ticket SET used = 1 WHERE id_ticket = X'6dd9536dc923f8397157645e3d8ea22a0113f6f140f37bca2a686747c5421929';INSERT INTO History VALUES('2020-04-10 15:54:41.352646', X'6dd9536dc923f8397157645e3d8ea22a0113f6f140f37bca2a686747c5421929', 'a00759');
UPDATE Ticket SET used = 1 WHERE id_ticket = X'68978817e0ad851f7870777d983b12a1d01d35a7d4052067c57f9031bfe3e29f';INSERT INTO History VALUES('2020-07-03 18:06:46.669081', X'68978817e0ad851f7870777d983b12a1d01d35a7d4052067c57f9031bfe3e29f', 'a12867');
UPDATE Ticket SET used = 1 WHERE id_ticket = X'52100410dde5ee299bcd0bc279c9e9e8818ef9cb24008e2354c843f4cfa1f131';INSERT INTO History VALUES('2020-06-22 10:34:09.375509', X'52100410dde5ee299bcd0bc279c9e9e8818ef9cb24008e2354c843f4cfa1f131', 'a67857');
UPDATE Ticket SET used = 1 WHERE id_ticket = X'1ca72f8c8eea39abba356ac168bf049ef10781438a2a15781c9a229477dc614b';INSERT INTO History VALUES('2020-06-16 17:32:44.888440', X'1ca72f8c8eea39abba356ac168bf049ef10781438a2a15781c9a229477dc614b', 'a96704');
UPDATE Ticket SET used = 1 WHERE id_ticket = X'5d06176394464c2cd70108a9bb3139ace32c822e7265d89c8ad6dbc499299d23';INSERT INTO History VALUES('2020-05-21 04:37:55.469441', X'5d06176394464c2cd70108a9bb3139ace32c822e7265d89c8ad6dbc499299d23', 'a54354');
UPDATE Ticket SET used = 1 WHERE id_ticket = X'69b9bb2d4b2efb7487b95a2e3dfe367ea7b95ad74c0f9aad8e4bdfc3a6a094e1';INSERT INTO History VALUES('2020-06-20 11:54:43.313949', X'69b9bb2d4b2efb7487b95a2e3dfe367ea7b95ad74c0f9aad8e4bdfc3a6a094e1', 'a52516');
UPDATE Ticket SET used = 1 WHERE id_ticket = X'37bcdf6f3125f232d20a09673aa02e3ddb8ef401d24d8b1f3886b7e293499be9';INSERT INTO History VALUES('2020-06-18 00:02:19.274046', X'37bcdf6f3125f232d20a09673aa02e3ddb8ef401d24d8b1f3886b7e293499be9', 'a96704');
UPDATE Ticket SET used = 1 WHERE id_ticket = X'0112bf1318d07a7df33fdc31d6e4b05bc4127326174203b29761dffa7939f487';INSERT INTO History VALUES('2020-06-01 05:16:05.311943', X'0112bf1318d07a7df33fdc31d6e4b05bc4127326174203b29761dffa7939f487', 'a17359');
UPDATE Ticket SET used = 1 WHERE id_ticket = X'5e26869867d83e76d9431bb87a6e6ecaf1515fdd8297eefde50e71157f31bb29';INSERT INTO History VALUES('2020-06-24 02:12:25.476499', X'5e26869867d83e76d9431bb87a6e6ecaf1515fdd8297eefde50e71157f31bb29', 'a79790');
UPDATE Ticket SET used = 1 WHERE id_ticket = X'73f3fe105d0dce2501658e7009b3ef31aa5fac16a747fb1f15f655b5194ceeb9';INSERT INTO History VALUES('2020-06-29 17:19:08.801256', X'73f3fe105d0dce2501658e7009b3ef31aa5fac16a747fb1f15f655b5194ceeb9', 'a58334');
UPDATE Ticket SET used = 1 WHERE id_ticket = X'6879a79b95e4ca1bc5484910c7e13002c04e270bf63e0cc7cef65b7e63c9bb18';INSERT INTO History VALUES('2020-05-30 07:59:48.099144', X'6879a79b95e4ca1bc5484910c7e13002c04e270bf63e0cc7cef65b7e63c9bb18', 'a95152');
UPDATE Ticket SET used = 1 WHERE id_ticket = X'797490a161d1a116059ec4fec97dd26b41b2cb1b46e7127ee776f5c2522f0db5';INSERT INTO History VALUES('2020-04-27 07:32:26.492318', X'797490a161d1a116059ec4fec97dd26b41b2cb1b46e7127ee776f5c2522f0db5', 'a95152');
UPDATE Ticket SET used = 1 WHERE id_ticket = X'474510bbdd5d0b9fa32209a6b95b06aafe0a2dcb22cee9e311e76aac29c0062c';INSERT INTO History VALUES('2020-06-08 16:04:12.648670', X'474510bbdd5d0b9fa32209a6b95b06aafe0a2dcb22cee9e311e76aac29c0062c', 'a36731');
UPDATE Ticket SET used = 1 WHERE id_ticket = X'90fe49eb245f2f544b6bbc75dca4fbdefe3e4d6d5cc4c4cf8d9cefaaeaaad74f';INSERT INTO History VALUES('2020-05-02 18:56:02.791696', X'90fe49eb245f2f544b6bbc75dca4fbdefe3e4d6d5cc4c4cf8d9cefaaeaaad74f', 'a46769');
UPDATE Ticket SET used = 1 WHERE id_ticket = X'f0558d2e43df84b952a6a4380816624dc2847ea11e2e255bc7bae2d1abaa9716';INSERT INTO History VALUES('2020-04-05 01:36:21.931766', X'f0558d2e43df84b952a6a4380816624dc2847ea11e2e255bc7bae2d1abaa9716', 'a33876');
UPDATE Ticket SET used = 1 WHERE id_ticket = X'0493e7fe3c9db8c8ae4a3b52a480c7337029335980daa26d62657a77c11d25f1';INSERT INTO History VALUES('2020-07-01 14:19:27.770731', X'0493e7fe3c9db8c8ae4a3b52a480c7337029335980daa26d62657a77c11d25f1', 'a36731');
UPDATE Ticket SET used = 1 WHERE id_ticket = X'70bac8506c801839c99de2e5d84881319c348253891d36296e9982135db0fd60';INSERT INTO History VALUES('2020-06-26 19:08:19.822895', X'70bac8506c801839c99de2e5d84881319c348253891d36296e9982135db0fd60', 'a61537');
UPDATE Ticket SET used = 1 WHERE id_ticket = X'b17ffbc90b07810c1da01e7101aa02cd5ee2f399818cdb91f2b72eb1bf2579f8';INSERT INTO History VALUES('2020-05-22 04:53:36.866773', X'b17ffbc90b07810c1da01e7101aa02cd5ee2f399818cdb91f2b72eb1bf2579f8', 'a62141');
UPDATE Ticket SET used = 1 WHERE id_ticket = X'20fed2adbdd2fa90e9fc8e08fd4fa3ec06cd6fa6806af5ea3a51baf891abcac2';INSERT INTO History VALUES('2020-06-22 20:47:53.744003', X'20fed2adbdd2fa90e9fc8e08fd4fa3ec06cd6fa6806af5ea3a51baf891abcac2', 'a87120');
UPDATE Ticket SET used = 1 WHERE id_ticket = X'51e668520bc6d658e3653674e0acb794de37c19dfec3b134c38330e6e7d4d991';INSERT INTO History VALUES('2020-05-25 06:28:22.605423', X'51e668520bc6d658e3653674e0acb794de37c19dfec3b134c38330e6e7d4d991', 'a91123');
UPDATE Ticket SET used = 1 WHERE id_ticket = X'970c8799dd3b8c55e2cc6f952ebd9f55f2835c2fe746f6a772548ee9fcfdac1b';INSERT INTO History VALUES('2020-04-22 03:55:24.810673', X'970c8799dd3b8c55e2cc6f952ebd9f55f2835c2fe746f6a772548ee9fcfdac1b', 'a75124');
UPDATE Ticket SET used = 1 WHERE id_ticket = X'6974172faaedf7a6b8b5ed7ddacf70599e589589dc9cdcb3b4f30df5cb749cf8';INSERT INTO History VALUES('2020-07-03 02:14:57.088830', X'6974172faaedf7a6b8b5ed7ddacf70599e589589dc9cdcb3b4f30df5cb749cf8', 'a20481');
UPDATE Ticket SET used = 1 WHERE id_ticket = X'aad734ed1abd38ba487272854000240a444c1a1398bc390339a05fe0557ed0c1';INSERT INTO History VALUES('2020-05-16 06:06:49.323473', X'aad734ed1abd38ba487272854000240a444c1a1398bc390339a05fe0557ed0c1', 'a18700');
UPDATE Ticket SET used = 1 WHERE id_ticket = X'f0633c49346cab9d5eb791367d1aeaab822fde07c61fc49895936a132d3167f8';INSERT INTO History VALUES('2020-07-03 18:12:39.876682', X'f0633c49346cab9d5eb791367d1aeaab822fde07c61fc49895936a132d3167f8', 'a87120');
UPDATE Ticket SET used = 1 WHERE id_ticket = X'a73f379f3f82016a811e4984f4cf44a2baf44ed74e5bfc6b594a6373b55348cc';INSERT INTO History VALUES('2020-07-03 15:09:28.482950', X'a73f379f3f82016a811e4984f4cf44a2baf44ed74e5bfc6b594a6373b55348cc', 'a80899');
UPDATE Ticket SET used = 1 WHERE id_ticket = X'03f591cef92a01295b9c267900d79b19e0dc88e6ad8ef9ef444c6426aea16729';INSERT INTO History VALUES('2020-07-03 10:22:51.940028', X'03f591cef92a01295b9c267900d79b19e0dc88e6ad8ef9ef444c6426aea16729', 'a79863');
UPDATE Ticket SET used = 1 WHERE id_ticket = X'9d826c54a08c8d81694048fd502a79da7215dbacaa0dda45bdddf07d68dfe922';INSERT INTO History VALUES('2020-07-01 03:06:18.334266', X'9d826c54a08c8d81694048fd502a79da7215dbacaa0dda45bdddf07d68dfe922', 'a15225');
UPDATE Ticket SET used = 1 WHERE id_ticket = X'2c35394387784a480f7de1fd5b4410fa4ab41d8c9ec1cf60f3b4880dc67f666b';INSERT INTO History VALUES('2020-06-18 21:21:46.501068', X'2c35394387784a480f7de1fd5b4410fa4ab41d8c9ec1cf60f3b4880dc67f666b', 'a07408');
UPDATE Ticket SET used = 1 WHERE id_ticket = X'af43c853f8a3b5859a6b8f91393008a3fd25129fe2c76e0664741c47cc635417';INSERT INTO History VALUES('2020-06-07 05:59:23.699880', X'af43c853f8a3b5859a6b8f91393008a3fd25129fe2c76e0664741c47cc635417', 'a53258');
UPDATE Ticket SET used = 1 WHERE id_ticket = X'd9ecb3a0a170b9c88944e51ad7612dcff30f026f1b87897d80d5d078fb94639d';INSERT INTO History VALUES('2020-06-29 12:57:39.283787', X'd9ecb3a0a170b9c88944e51ad7612dcff30f026f1b87897d80d5d078fb94639d', 'a15225');
UPDATE Ticket SET used = 1 WHERE id_ticket = X'8e75f026dba7dfca91f9450071c360ccba71bbd475e8c6012b41434870484326';INSERT INTO History VALUES('2020-05-25 06:25:47.097550', X'8e75f026dba7dfca91f9450071c360ccba71bbd475e8c6012b41434870484326', 'a75124');
UPDATE Ticket SET used = 1 WHERE id_ticket = X'4d1dd3345f1d5b87c0b301f3b14fafba930867e61d0ae3f26c968dddd570de0d';INSERT INTO History VALUES('2020-06-03 12:36:44.453505', X'4d1dd3345f1d5b87c0b301f3b14fafba930867e61d0ae3f26c968dddd570de0d', 'a36731');
UPDATE Ticket SET used = 1 WHERE id_ticket = X'f81dbb9963dfaee31b94fdecf1179a2d6b5c54b8d08cbdab414e63d13e5675db';INSERT INTO History VALUES('2020-06-17 01:06:02.200567', X'f81dbb9963dfaee31b94fdecf1179a2d6b5c54b8d08cbdab414e63d13e5675db', 'a82539');
UPDATE Ticket SET used = 1 WHERE id_ticket = X'69aba8e5562b4434e20c1a242bcb2233faef8933059d2cfba9f1b3b52a5ce79f';INSERT INTO History VALUES('2020-06-13 23:57:28.337131', X'69aba8e5562b4434e20c1a242bcb2233faef8933059d2cfba9f1b3b52a5ce79f', 'a55528');
UPDATE Ticket SET used = 1 WHERE id_ticket = X'3f166289548bb624592c62baed174dded65ceadf017c85bdb3838ae3f563b732';INSERT INTO History VALUES('2020-04-11 16:16:44.916560', X'3f166289548bb624592c62baed174dded65ceadf017c85bdb3838ae3f563b732', 'a92215');
UPDATE Ticket SET used = 1 WHERE id_ticket = X'4200ddf1d56a1e3ba6ed25bb0191f4062a3cfb748ff9c210ff2c2c9182ec11ad';INSERT INTO History VALUES('2020-06-28 20:30:05.709186', X'4200ddf1d56a1e3ba6ed25bb0191f4062a3cfb748ff9c210ff2c2c9182ec11ad', 'a58814');
UPDATE Ticket SET used = 1 WHERE id_ticket = X'7489dba5a84a540c8bb8e29a97ef1814eeab8df60c0afcc2c9c986883446fca4';INSERT INTO History VALUES('2020-06-25 19:20:36.054724', X'7489dba5a84a540c8bb8e29a97ef1814eeab8df60c0afcc2c9c986883446fca4', 'a61537');
UPDATE Ticket SET used = 1 WHERE id_ticket = X'e4f575d0d747e517437312f091a7351cf7468c1f55d6b30ee7b0e87ab5a6b20b';INSERT INTO History VALUES('2020-06-22 17:23:49.411887', X'e4f575d0d747e517437312f091a7351cf7468c1f55d6b30ee7b0e87ab5a6b20b', 'a08158');
UPDATE Ticket SET used = 1 WHERE id_ticket = X'1a645ae124cf37a3fd7575638ed47956cb01f2a43ec302b1f355d5811edd543e';INSERT INTO History VALUES('2020-07-02 06:07:11.216982', X'1a645ae124cf37a3fd7575638ed47956cb01f2a43ec302b1f355d5811edd543e', 'a66484');
UPDATE Ticket SET used = 1 WHERE id_ticket = X'609ea4f4cbf89223e751badfe4bcdd46fee0c75f5cd74fda8674826ab5aa9434';INSERT INTO History VALUES('2020-06-14 02:20:53.878170', X'609ea4f4cbf89223e751badfe4bcdd46fee0c75f5cd74fda8674826ab5aa9434', 'a99616');
UPDATE Ticket SET used = 1 WHERE id_ticket = X'0d8038e63599d442fcd5929bfb641cbba1caca41b703f26e1aea68b5a4e94d96';INSERT INTO History VALUES('2020-06-16 18:37:25.125760', X'0d8038e63599d442fcd5929bfb641cbba1caca41b703f26e1aea68b5a4e94d96', 'a79863');
UPDATE Ticket SET used = 1 WHERE id_ticket = X'442bf0642f0ce2d7bdacd3f87c973da6ea3b19b854c1010b70813f4ebba91846';INSERT INTO History VALUES('2020-06-08 12:50:27.742122', X'442bf0642f0ce2d7bdacd3f87c973da6ea3b19b854c1010b70813f4ebba91846', 'a63317');
UPDATE Ticket SET used = 1 WHERE id_ticket = X'3f355f74d6e7fc95057385a628d0b36097ee21c8a3674b122c6b97419ae282d8';INSERT INTO History VALUES('2020-06-12 05:15:43.493524', X'3f355f74d6e7fc95057385a628d0b36097ee21c8a3674b122c6b97419ae282d8', 'a86788');
UPDATE Ticket SET used = 1 WHERE id_ticket = X'396f0e83475856452da2a40e12d7cfa47e03f450cf7527076a6779bdfe4ecdd7';INSERT INTO History VALUES('2020-05-13 23:18:32.705213', X'396f0e83475856452da2a40e12d7cfa47e03f450cf7527076a6779bdfe4ecdd7', 'a62910');
UPDATE Ticket SET used = 1 WHERE id_ticket = X'0444105c80b4e48235f9cf81ecf36888627829ef70b6408f3773812321170b04';INSERT INTO History VALUES('2020-04-14 00:14:29.393891', X'0444105c80b4e48235f9cf81ecf36888627829ef70b6408f3773812321170b04', 'a83006');
UPDATE Ticket SET used = 1 WHERE id_ticket = X'e60aafd93675549b3ef848ba914386c1c9ad9dd378329338f13515fd6af43196';INSERT INTO History VALUES('2020-06-11 01:52:13.876843', X'e60aafd93675549b3ef848ba914386c1c9ad9dd378329338f13515fd6af43196', 'a79346');
UPDATE Ticket SET used = 1 WHERE id_ticket = X'eabd8ff991ba7a49fa41f4d35303fe688e0771c65df04c8d8e239f96253c2798';INSERT INTO History VALUES('2020-06-18 15:51:14.221682', X'eabd8ff991ba7a49fa41f4d35303fe688e0771c65df04c8d8e239f96253c2798', 'a46471');
UPDATE Ticket SET used = 1 WHERE id_ticket = X'b995b723a9489c567b100038a21fe9211d3dc9519f96751ecfd7a8805b24912e';INSERT INTO History VALUES('2020-05-31 20:08:03.021693', X'b995b723a9489c567b100038a21fe9211d3dc9519f96751ecfd7a8805b24912e', 'a86968');
UPDATE Ticket SET used = 1 WHERE id_ticket = X'6eddf991e0cdc10e5afc6ad5b2b8763c2b5fd3fa6d18f5b2b361733c387a2b3f';INSERT INTO History VALUES('2020-06-25 07:17:11.209432', X'6eddf991e0cdc10e5afc6ad5b2b8763c2b5fd3fa6d18f5b2b361733c387a2b3f', 'a93012');
UPDATE Ticket SET used = 1 WHERE id_ticket = X'4bbb32b8c6287ed6b43076eb0eb7a7a6008b79af648f8bb113ee1e358927fda9';INSERT INTO History VALUES('2020-06-16 05:14:17.654210', X'4bbb32b8c6287ed6b43076eb0eb7a7a6008b79af648f8bb113ee1e358927fda9', 'a66484');
UPDATE Ticket SET used = 1 WHERE id_ticket = X'a28e0b867f31b6cbfee58eec66be1d9aa4b3b2a6faa5efa8996f348762154015';INSERT INTO History VALUES('2020-04-26 21:49:29.307857', X'a28e0b867f31b6cbfee58eec66be1d9aa4b3b2a6faa5efa8996f348762154015', 'a81633');
UPDATE Ticket SET used = 1 WHERE id_ticket = X'48ee6c9ac525a2d1cf9d4b9c90bea3008a7d7320a78d0a44af928f3e3655f395';INSERT INTO History VALUES('2020-05-28 20:02:39.555853', X'48ee6c9ac525a2d1cf9d4b9c90bea3008a7d7320a78d0a44af928f3e3655f395', 'a83006');
UPDATE Ticket SET used = 1 WHERE id_ticket = X'2225ea13e41cf6a6927e83f1555e1a9bd185e0f9c55877f107b3b7d6f1cc4994';INSERT INTO History VALUES('2020-06-05 03:06:24.131937', X'2225ea13e41cf6a6927e83f1555e1a9bd185e0f9c55877f107b3b7d6f1cc4994', 'a80247');
UPDATE Ticket SET used = 1 WHERE id_ticket = X'32a28af06cf03f8a38a0ef98f0ce5febeb40c916ef3d3e86104c465f8e3f971f';INSERT INTO History VALUES('2020-06-06 18:13:02.165940', X'32a28af06cf03f8a38a0ef98f0ce5febeb40c916ef3d3e86104c465f8e3f971f', 'a98435');
UPDATE Ticket SET used = 1 WHERE id_ticket = X'fef99d1f2cb40925ab25b9b35b4d756b24632a85ab46f5010d99ed6619b6061c';INSERT INTO History VALUES('2020-06-25 14:28:15.556732', X'fef99d1f2cb40925ab25b9b35b4d756b24632a85ab46f5010d99ed6619b6061c', 'a84440');
UPDATE Ticket SET used = 1 WHERE id_ticket = X'49dae59502018d3eb2e2faea397cdaf079d1a9d240816b01905e4f8f65c99871';INSERT INTO History VALUES('2020-06-27 15:42:46.287797', X'49dae59502018d3eb2e2faea397cdaf079d1a9d240816b01905e4f8f65c99871', 'a62910');
UPDATE Ticket SET used = 1 WHERE id_ticket = X'bdc1ca8e8164ceb73e8c7b755ce7cad5115cf9697a5fef91691dde1ab65f4a59';INSERT INTO History VALUES('2020-06-11 17:33:50.431506', X'bdc1ca8e8164ceb73e8c7b755ce7cad5115cf9697a5fef91691dde1ab65f4a59', 'a22705');
UPDATE Ticket SET used = 1 WHERE id_ticket = X'defad4014f2c38d1ac6a333e8f3a8b0c686d64eef78d822c9db73c05ed6cc465';INSERT INTO History VALUES('2020-04-25 16:48:08.408852', X'defad4014f2c38d1ac6a333e8f3a8b0c686d64eef78d822c9db73c05ed6cc465', 'a75124');
UPDATE Ticket SET used = 1 WHERE id_ticket = X'160f0fb9705c2830a512ca8414d41e496277a768190d524fd95986e6116597a7';INSERT INTO History VALUES('2020-06-25 12:57:22.070557', X'160f0fb9705c2830a512ca8414d41e496277a768190d524fd95986e6116597a7', 'a57258');
UPDATE Ticket SET used = 1 WHERE id_ticket = X'0add455e6c1ad2da2c2cbbd4ed78b328870df95ceae5f7874e6b7a8eea438c2e';INSERT INTO History VALUES('2020-06-18 15:46:18.988199', X'0add455e6c1ad2da2c2cbbd4ed78b328870df95ceae5f7874e6b7a8eea438c2e', 'a46471');
UPDATE Ticket SET used = 1 WHERE id_ticket = X'4200629630e41236babdaec98cdc3cd637266eae239e61efe6ee1a53c262e155';INSERT INTO History VALUES('2020-06-17 08:23:59.420224', X'4200629630e41236babdaec98cdc3cd637266eae239e61efe6ee1a53c262e155', 'a12462');
UPDATE Ticket SET used = 1 WHERE id_ticket = X'9dd4fd06eb5e446994a863c8dfe6d7a305ed0ae1be5a5fd36b66edf66dbe09b7';INSERT INTO History VALUES('2020-06-28 16:42:14.343863', X'9dd4fd06eb5e446994a863c8dfe6d7a305ed0ae1be5a5fd36b66edf66dbe09b7', 'a17359');
UPDATE Ticket SET used = 1 WHERE id_ticket = X'ef7c02806df41fb55e1ea7ed5e97495f1c622457b30812fc0ccb714775e1d116';INSERT INTO History VALUES('2020-06-13 06:26:19.245527', X'ef7c02806df41fb55e1ea7ed5e97495f1c622457b30812fc0ccb714775e1d116', 'a04176');
UPDATE Ticket SET used = 1 WHERE id_ticket = X'feb591773b8ae34035ee47ed8893660cdca0366c549704c2da4430a269adc076';INSERT INTO History VALUES('2020-05-02 08:13:42.560376', X'feb591773b8ae34035ee47ed8893660cdca0366c549704c2da4430a269adc076', 'a96704');
UPDATE Ticket SET used = 1 WHERE id_ticket = X'fe4695229390ce6d2ee9c4d48b4adfa1149e17cb312a2ae73389117c604294b3';INSERT INTO History VALUES('2020-06-20 23:51:07.019093', X'fe4695229390ce6d2ee9c4d48b4adfa1149e17cb312a2ae73389117c604294b3', 'a53258');
UPDATE Ticket SET used = 1 WHERE id_ticket = X'b6961d81f6f331f533a10ab8986566ad6e677e2d17dd0ba17da80b6cf9e16383';INSERT INTO History VALUES('2020-06-26 16:35:16.336497', X'b6961d81f6f331f533a10ab8986566ad6e677e2d17dd0ba17da80b6cf9e16383', 'a67857');
UPDATE Ticket SET used = 1 WHERE id_ticket = X'15ee52475c3453f107a5ab4761295a8cd3058c2926342c14d22587d3da45448e';INSERT INTO History VALUES('2020-06-28 05:41:25.630387', X'15ee52475c3453f107a5ab4761295a8cd3058c2926342c14d22587d3da45448e', 'a55528');
UPDATE Ticket SET used = 1 WHERE id_ticket = X'158faa40d3d95319f16b9e078dad3da9d408538733b30a247d518e1db6722cfa';INSERT INTO History VALUES('2020-06-27 12:00:19.303380', X'158faa40d3d95319f16b9e078dad3da9d408538733b30a247d518e1db6722cfa', 'a80247');
UPDATE Ticket SET used = 1 WHERE id_ticket = X'accac28965801c61e06e752a39b1fbce7416d9ff5ce892a269cb0430470080f6';INSERT INTO History VALUES('2020-06-14 09:54:39.658710', X'accac28965801c61e06e752a39b1fbce7416d9ff5ce892a269cb0430470080f6', 'a04176');
UPDATE Ticket SET used = 1 WHERE id_ticket = X'3eb54096b2161b53390e75c2fd7c65fb14f7192a5f5a518c4b9069f627133cdd';INSERT INTO History VALUES('2020-06-16 23:44:31.165341', X'3eb54096b2161b53390e75c2fd7c65fb14f7192a5f5a518c4b9069f627133cdd', 'a46736');
UPDATE Ticket SET used = 1 WHERE id_ticket = X'59c306eca9100b93acb316ea0432bd20164f8fca11660ed4292354138c4b173b';INSERT INTO History VALUES('2020-06-30 12:58:24.498600', X'59c306eca9100b93acb316ea0432bd20164f8fca11660ed4292354138c4b173b', 'a51166');
UPDATE Ticket SET used = 1 WHERE id_ticket = X'76874f71eaec2130f5b7d54f1146076d3165eeef9ea5636a5e7da0abad7ba252';INSERT INTO History VALUES('2020-05-04 07:07:36.770281', X'76874f71eaec2130f5b7d54f1146076d3165eeef9ea5636a5e7da0abad7ba252', 'a22705');
UPDATE Ticket SET used = 1 WHERE id_ticket = X'1e0623cfaa26b15f44d418a17df9f70005532414c6329cb72a986ea36534cefa';INSERT INTO History VALUES('2020-05-17 10:21:56.003062', X'1e0623cfaa26b15f44d418a17df9f70005532414c6329cb72a986ea36534cefa', 'a98435');
UPDATE Ticket SET used = 1 WHERE id_ticket = X'8d62d626bce91ece779f3500b16912b8be1855f1d17285b6800043df05cbe04b';INSERT INTO History VALUES('2020-07-03 09:09:13.815930', X'8d62d626bce91ece779f3500b16912b8be1855f1d17285b6800043df05cbe04b', 'a04176');
UPDATE Ticket SET used = 1 WHERE id_ticket = X'faa0d6dd6aef4233de590017c174eafdd575ce028073a8fa9aada7287be92697';INSERT INTO History VALUES('2020-05-28 19:44:47.839522', X'faa0d6dd6aef4233de590017c174eafdd575ce028073a8fa9aada7287be92697', 'a75258');
UPDATE Ticket SET used = 1 WHERE id_ticket = X'4e951ab2085e9d168d3322fe0007477518f69e740cd90854dd4a5a53896c3bc4';INSERT INTO History VALUES('2020-07-02 21:36:23.021222', X'4e951ab2085e9d168d3322fe0007477518f69e740cd90854dd4a5a53896c3bc4', 'a46471');
UPDATE Ticket SET used = 1 WHERE id_ticket = X'aec13232d5ad905230e8ad0c449b8264aaba7ae699c799a0b46ff45d69a4e63f';INSERT INTO History VALUES('2020-06-24 04:29:55.907901', X'aec13232d5ad905230e8ad0c449b8264aaba7ae699c799a0b46ff45d69a4e63f', 'a57258');
UPDATE Ticket SET used = 1 WHERE id_ticket = X'3b006b3cf6e76ad8abeaccd3417d1a9f6fe60a9685f6e55ec4680d3d2d5f5f17';INSERT INTO History VALUES('2020-06-07 03:58:20.309898', X'3b006b3cf6e76ad8abeaccd3417d1a9f6fe60a9685f6e55ec4680d3d2d5f5f17', 'a25353');
UPDATE Ticket SET used = 1 WHERE id_ticket = X'bdda56ddacb21361af973de07d0db89709dd723cb1a05329cd93da2732395975';INSERT INTO History VALUES('2020-06-25 10:11:13.760673', X'bdda56ddacb21361af973de07d0db89709dd723cb1a05329cd93da2732395975', 'a52516');
UPDATE Ticket SET used = 1 WHERE id_ticket = X'41b613e7d73c58ce32562c887918b10936a9f5e0e9403259f7d47911ce7b0e6a';INSERT INTO History VALUES('2020-06-09 15:35:32.117507', X'41b613e7d73c58ce32562c887918b10936a9f5e0e9403259f7d47911ce7b0e6a', 'a08585');
UPDATE Ticket SET used = 1 WHERE id_ticket = X'43e1f301fca9d241191c148cc043399604ced70b720ef37be883771ac04b6cb0';INSERT INTO History VALUES('2020-04-11 14:42:05.693265', X'43e1f301fca9d241191c148cc043399604ced70b720ef37be883771ac04b6cb0', 'a23468');
UPDATE Ticket SET used = 1 WHERE id_ticket = X'daeaaa9f15d4d1d532778d274a98213e97d981ba9fdc780cbaa3a3982fc430b3';INSERT INTO History VALUES('2020-06-17 08:11:42.327093', X'daeaaa9f15d4d1d532778d274a98213e97d981ba9fdc780cbaa3a3982fc430b3', 'a33876');
UPDATE Ticket SET used = 1 WHERE id_ticket = X'8bb240f329beb33d5a732a3f1cdc846ac564e133defc909386718eb7119a0faa';INSERT INTO History VALUES('2020-06-20 03:09:22.113282', X'8bb240f329beb33d5a732a3f1cdc846ac564e133defc909386718eb7119a0faa', 'a08220');
UPDATE Ticket SET used = 1 WHERE id_ticket = X'98805532ee17cf75fd1bb9a1549b87900d01d3f9ac9bf8051663d1a6747fa98b';INSERT INTO History VALUES('2020-07-03 16:44:34.194832', X'98805532ee17cf75fd1bb9a1549b87900d01d3f9ac9bf8051663d1a6747fa98b', 'a99616');
UPDATE Ticket SET used = 1 WHERE id_ticket = X'1a101cfc4004913c8b8e5b80231944ac53ad011715f532c83e7a528468a63301';INSERT INTO History VALUES('2020-06-05 15:45:22.081612', X'1a101cfc4004913c8b8e5b80231944ac53ad011715f532c83e7a528468a63301', 'a08158');
UPDATE Ticket SET used = 1 WHERE id_ticket = X'eebc9512508fe3f57a38035c2637d0ad0b936794de4916c0059135a294efcb16';INSERT INTO History VALUES('2020-06-22 10:25:50.713781', X'eebc9512508fe3f57a38035c2637d0ad0b936794de4916c0059135a294efcb16', 'a83006');
UPDATE Ticket SET used = 1 WHERE id_ticket = X'9b48bc374f10cd642a53b9436953a351c4e3663360f7bc5201cf5ba75b0a717c';INSERT INTO History VALUES('2020-06-03 09:11:33.166581', X'9b48bc374f10cd642a53b9436953a351c4e3663360f7bc5201cf5ba75b0a717c', 'a84440');
UPDATE Ticket SET used = 1 WHERE id_ticket = X'0b293b228c13cbbcb3aa8dcd28c518ec89632662cc23945a6f1172aae520165b';INSERT INTO History VALUES('2020-06-07 01:34:02.905957', X'0b293b228c13cbbcb3aa8dcd28c518ec89632662cc23945a6f1172aae520165b', 'a48917');
UPDATE Ticket SET used = 1 WHERE id_ticket = X'c9d4c9cec91b0ade2f2a1a1b4e93d8343860779f1185ffdab9d6c3c138c38114';INSERT INTO History VALUES('2020-06-20 22:34:47.307206', X'c9d4c9cec91b0ade2f2a1a1b4e93d8343860779f1185ffdab9d6c3c138c38114', 'a86025');
UPDATE Ticket SET used = 1 WHERE id_ticket = X'8c2f71e5987a0203a82b1d481d6d98b8f972ed1522e53e5aaf5fa988a439556c';INSERT INTO History VALUES('2020-06-30 20:13:31.278666', X'8c2f71e5987a0203a82b1d481d6d98b8f972ed1522e53e5aaf5fa988a439556c', 'a29258');
UPDATE Ticket SET used = 1 WHERE id_ticket = X'f66004f9c71b30fe18b073c69cbf756e442bc570edf54ea3ec4d9e40796ecbd7';INSERT INTO History VALUES('2020-07-03 15:40:37.781414', X'f66004f9c71b30fe18b073c69cbf756e442bc570edf54ea3ec4d9e40796ecbd7', 'a12867');
UPDATE Ticket SET used = 1 WHERE id_ticket = X'cd15c0d66400bac695e1fa460ed3da98345f72f0675bdfa0cf6732abf68b0c8c';INSERT INTO History VALUES('2020-05-12 17:42:37.859851', X'cd15c0d66400bac695e1fa460ed3da98345f72f0675bdfa0cf6732abf68b0c8c', 'a92215');
UPDATE Ticket SET used = 1 WHERE id_ticket = X'03d25402cfe2c7a1a3a4f142a8704b2d812a6acb74048bc857e7f0188359fb79';INSERT INTO History VALUES('2020-06-11 19:30:50.430080', X'03d25402cfe2c7a1a3a4f142a8704b2d812a6acb74048bc857e7f0188359fb79', 'a46471');
UPDATE Ticket SET used = 1 WHERE id_ticket = X'e5db04bc0c283ea5c6cad616c766cbb3da6a252f82bc1da9c16f13ce2b8a97fc';INSERT INTO History VALUES('2020-05-03 21:09:48.707631', X'e5db04bc0c283ea5c6cad616c766cbb3da6a252f82bc1da9c16f13ce2b8a97fc', 'a51754');
UPDATE Ticket SET used = 1 WHERE id_ticket = X'58a332e52f6d10672ed8a2f2e2a168f23fb1187636b6d6fbd276b55bee74a8bb';INSERT INTO History VALUES('2020-07-01 12:26:05.814847', X'58a332e52f6d10672ed8a2f2e2a168f23fb1187636b6d6fbd276b55bee74a8bb', 'a37326');
UPDATE Ticket SET used = 1 WHERE id_ticket = X'7540bdf71ff8029e1f70ee388f452b610d673c7be704008613416a16b53c2645';INSERT INTO History VALUES('2020-06-13 07:42:09.200103', X'7540bdf71ff8029e1f70ee388f452b610d673c7be704008613416a16b53c2645', 'a86968');
UPDATE Ticket SET used = 1 WHERE id_ticket = X'2322effc4c021694d9696bc60001e487a556e151423ecae28ff8f12c30eab063';INSERT INTO History VALUES('2020-06-29 20:06:20.535626', X'2322effc4c021694d9696bc60001e487a556e151423ecae28ff8f12c30eab063', 'a27360');
UPDATE Ticket SET used = 1 WHERE id_ticket = X'8509c923f65d31a5b7e7259fbca63a70b8c354ff358a84d23058c964412e8b53';INSERT INTO History VALUES('2020-06-13 01:14:07.321251', X'8509c923f65d31a5b7e7259fbca63a70b8c354ff358a84d23058c964412e8b53', 'a99616');
UPDATE Ticket SET used = 1 WHERE id_ticket = X'd5f97c572eccad164787075de67629959ce75ef8a1a2f6d7207708996d4b08cd';INSERT INTO History VALUES('2020-05-13 22:41:33.315912', X'd5f97c572eccad164787075de67629959ce75ef8a1a2f6d7207708996d4b08cd', 'a58334');
UPDATE Ticket SET used = 1 WHERE id_ticket = X'4e60de394d009e5e9da223b3f63ba6479307b9e6e8f5660bd2e87d5c37696e25';INSERT INTO History VALUES('2020-05-13 23:40:05.140554', X'4e60de394d009e5e9da223b3f63ba6479307b9e6e8f5660bd2e87d5c37696e25', 'a51166');
UPDATE Ticket SET used = 1 WHERE id_ticket = X'7589afdb5d8d115254daa57de2cb311ee12d271e2acda393bbec58ed9ec026b3';INSERT INTO History VALUES('2020-06-29 01:27:22.304293', X'7589afdb5d8d115254daa57de2cb311ee12d271e2acda393bbec58ed9ec026b3', 'a27360');
UPDATE Ticket SET used = 1 WHERE id_ticket = X'83430cb951873f306cb28d3c6b05d2822ab278affd9fbc054612a5c1d473fd22';INSERT INTO History VALUES('2020-06-05 16:38:04.664714', X'83430cb951873f306cb28d3c6b05d2822ab278affd9fbc054612a5c1d473fd22', 'a72926');
UPDATE Ticket SET used = 1 WHERE id_ticket = X'f4b065f6eb81e17ad4e5890f53d37e60c9abbad09fe41836c643b8045f70f830';INSERT INTO History VALUES('2020-06-19 16:00:25.755217', X'f4b065f6eb81e17ad4e5890f53d37e60c9abbad09fe41836c643b8045f70f830', 'a28488');
UPDATE Ticket SET used = 1 WHERE id_ticket = X'6e01fb3a1a6a1791f1fbcd2c46907307729af1c3e663966d138bcdd0811c7991';INSERT INTO History VALUES('2020-06-22 14:12:14.183990', X'6e01fb3a1a6a1791f1fbcd2c46907307729af1c3e663966d138bcdd0811c7991', 'a12248');
UPDATE Ticket SET used = 1 WHERE id_ticket = X'58727f3a332d1a6dc9cdd871b0f20ca8602eba9e6e0ceeb7e81fe83b26118087';INSERT INTO History VALUES('2020-06-27 03:57:33.425059', X'58727f3a332d1a6dc9cdd871b0f20ca8602eba9e6e0ceeb7e81fe83b26118087', 'a46769');
UPDATE Ticket SET used = 1 WHERE id_ticket = X'413f0d6b18050ed789c7e5cb38a137092e8922c90c847e489b6d4316fd97ab52';INSERT INTO History VALUES('2020-06-18 21:30:23.045281', X'413f0d6b18050ed789c7e5cb38a137092e8922c90c847e489b6d4316fd97ab52', 'a55528');
UPDATE Ticket SET used = 1 WHERE id_ticket = X'b69819508404dc113d8a7ad3be8b898f08d8c0692cf48922c221808117850e8c';INSERT INTO History VALUES('2020-06-11 12:44:10.091039', X'b69819508404dc113d8a7ad3be8b898f08d8c0692cf48922c221808117850e8c', 'a90730');
UPDATE Ticket SET used = 1 WHERE id_ticket = X'dd089653dece418357ce266093b869e94acf61c1b976fcd11a86eb327f744110';INSERT INTO History VALUES('2020-05-23 06:16:21.184711', X'dd089653dece418357ce266093b869e94acf61c1b976fcd11a86eb327f744110', 'a67857');
UPDATE Ticket SET used = 1 WHERE id_ticket = X'03177be76152ff5dcb2b932fcc8b0a0df0895fe133210c484500de91df70504f';INSERT INTO History VALUES('2020-05-18 05:37:06.523525', X'03177be76152ff5dcb2b932fcc8b0a0df0895fe133210c484500de91df70504f', 'a39615');
UPDATE Ticket SET used = 1 WHERE id_ticket = X'bb4d8791c7b150fe8c05d7e82ea4a4aa0478f7b73ec4494008d09bf465e8060d';INSERT INTO History VALUES('2020-06-05 07:07:57.027226', X'bb4d8791c7b150fe8c05d7e82ea4a4aa0478f7b73ec4494008d09bf465e8060d', 'a20481');
UPDATE Ticket SET used = 1 WHERE id_ticket = X'bfb9c7de5c2df23aca2af6d76786a68070e78371d2796f294a15abe45311f2d9';INSERT INTO History VALUES('2020-06-25 21:28:43.625923', X'bfb9c7de5c2df23aca2af6d76786a68070e78371d2796f294a15abe45311f2d9', 'a27668');
UPDATE Ticket SET used = 1 WHERE id_ticket = X'39359dcab719cb6776ef6f9445e88394b1c2d4ffc265dd341f4c0ae5b4b5bfea';INSERT INTO History VALUES('2020-07-02 01:01:30.823718', X'39359dcab719cb6776ef6f9445e88394b1c2d4ffc265dd341f4c0ae5b4b5bfea', 'a61832');
UPDATE Ticket SET used = 1 WHERE id_ticket = X'721c429ff1d8d1c6b18a1af707216f953fbc42c5efb80b4be52cc0244df1a4af';INSERT INTO History VALUES('2020-06-29 07:29:58.196607', X'721c429ff1d8d1c6b18a1af707216f953fbc42c5efb80b4be52cc0244df1a4af', 'a12154');
UPDATE Ticket SET used = 1 WHERE id_ticket = X'9847e50f4aebb70c8b707386f2bffd5585d27418f1eeec352733bdef0930a45c';INSERT INTO History VALUES('2020-06-19 18:30:02.304442', X'9847e50f4aebb70c8b707386f2bffd5585d27418f1eeec352733bdef0930a45c', 'a22705');
UPDATE Ticket SET used = 1 WHERE id_ticket = X'1c4a6451a0ffb0b62649bb34a754447712813b462308bafbefcacc194ca8c88c';INSERT INTO History VALUES('2020-05-07 12:30:00.865491', X'1c4a6451a0ffb0b62649bb34a754447712813b462308bafbefcacc194ca8c88c', 'a82539');
UPDATE Ticket SET used = 1 WHERE id_ticket = X'75cdd39d4471d68c4c2d2eea83a7801973f730ecd4a75d9fc751fdf3ab5740fc';INSERT INTO History VALUES('2020-04-05 05:03:41.512398', X'75cdd39d4471d68c4c2d2eea83a7801973f730ecd4a75d9fc751fdf3ab5740fc', 'a38536');
UPDATE Ticket SET used = 1 WHERE id_ticket = X'b576211ba6178fde6af16c1b83d5b60393c4f2ececab90e340d20e0f0db24c1e';INSERT INTO History VALUES('2020-07-02 02:06:33.758588', X'b576211ba6178fde6af16c1b83d5b60393c4f2ececab90e340d20e0f0db24c1e', 'a22705');
UPDATE Ticket SET used = 1 WHERE id_ticket = X'f4d376e630728d3bbf7e8692455140cfaa10a9411586354b8535616d928d0a43';INSERT INTO History VALUES('2020-06-25 12:34:57.432077', X'f4d376e630728d3bbf7e8692455140cfaa10a9411586354b8535616d928d0a43', 'a23468');
UPDATE Ticket SET used = 1 WHERE id_ticket = X'ff63d888cb1c2105f7267795ae43f7beb8f6f03756b13ec219e4ce5831804ee5';INSERT INTO History VALUES('2020-06-01 11:07:40.374255', X'ff63d888cb1c2105f7267795ae43f7beb8f6f03756b13ec219e4ce5831804ee5', 'a75124');
UPDATE Ticket SET used = 1 WHERE id_ticket = X'a041fceae9649b95536e6a65c37f77015e32898903495eee743e4e9fd525293f';INSERT INTO History VALUES('2020-06-09 21:55:51.765619', X'a041fceae9649b95536e6a65c37f77015e32898903495eee743e4e9fd525293f', 'a85089');
UPDATE Ticket SET used = 1 WHERE id_ticket = X'6ee5c8ec17acf0974808f90e039a7d8a89b0ee34d1bc4bbe69edc368a4279fa8';INSERT INTO History VALUES('2020-06-22 11:35:38.151532', X'6ee5c8ec17acf0974808f90e039a7d8a89b0ee34d1bc4bbe69edc368a4279fa8', 'a46769');
UPDATE Ticket SET used = 1 WHERE id_ticket = X'30330da148fff91c874fd286e861322d17557f3cd570185c8947f9d73d149b20';INSERT INTO History VALUES('2020-05-21 02:05:19.434123', X'30330da148fff91c874fd286e861322d17557f3cd570185c8947f9d73d149b20', 'a80899');
UPDATE Ticket SET used = 1 WHERE id_ticket = X'3fce8dde09a3f10f3b6c423730d0a7cec936c25954f0f690c7903179a03ca7c6';INSERT INTO History VALUES('2020-05-24 15:14:03.570639', X'3fce8dde09a3f10f3b6c423730d0a7cec936c25954f0f690c7903179a03ca7c6', 'a00759');
UPDATE Ticket SET used = 1 WHERE id_ticket = X'a16574f543031221aaa8c3ce0d2db6ecbcef947c5b4fdfb1b782f2bb883d57a0';INSERT INTO History VALUES('2020-06-19 16:27:58.733901', X'a16574f543031221aaa8c3ce0d2db6ecbcef947c5b4fdfb1b782f2bb883d57a0', 'a15225');
UPDATE Ticket SET used = 1 WHERE id_ticket = X'5d450b3ab6d087ffa1680303192ed61a34584b2fb8bba4de34c0a1cc3662cad5';INSERT INTO History VALUES('2020-07-01 07:09:15.281139', X'5d450b3ab6d087ffa1680303192ed61a34584b2fb8bba4de34c0a1cc3662cad5', 'a46883');
UPDATE Ticket SET used = 1 WHERE id_ticket = X'627c2bee3e35081e189db00de37d75493a49e54f67aad113ae733a42b19792a5';INSERT INTO History VALUES('2020-06-02 15:23:14.258763', X'627c2bee3e35081e189db00de37d75493a49e54f67aad113ae733a42b19792a5', 'a63317');
UPDATE Ticket SET used = 1 WHERE id_ticket = X'6702eb7909237744b695f55dc988ac723c1bb524e0e5fb998a13267deb108004';INSERT INTO History VALUES('2020-06-30 19:26:50.196248', X'6702eb7909237744b695f55dc988ac723c1bb524e0e5fb998a13267deb108004', 'a33876');
UPDATE Ticket SET used = 1 WHERE id_ticket = X'1054642ec78561dedeb22c9972918e0c83618e427c8d69103436a642bfa75a7a';INSERT INTO History VALUES('2020-06-19 13:18:07.497347', X'1054642ec78561dedeb22c9972918e0c83618e427c8d69103436a642bfa75a7a', 'a96704');
UPDATE Ticket SET used = 1 WHERE id_ticket = X'7f014fe2e7a9547bd91f336a01c58563cd11d906f58e98e26165eda8949d9fad';INSERT INTO History VALUES('2020-05-28 22:13:33.601278', X'7f014fe2e7a9547bd91f336a01c58563cd11d906f58e98e26165eda8949d9fad', 'a98435');
UPDATE Ticket SET used = 1 WHERE id_ticket = X'432bc4c01855c6c5a177d3af0ad3c6ba24db8f798c12460c3c0efc24d50783bf';INSERT INTO History VALUES('2020-06-27 01:21:30.212877', X'432bc4c01855c6c5a177d3af0ad3c6ba24db8f798c12460c3c0efc24d50783bf', 'a61537');
UPDATE Ticket SET used = 1 WHERE id_ticket = X'7612679dbf4a3725e33e6c331105c37e6e07587a2fafd1576ddd15fd1880ad2e';INSERT INTO History VALUES('2020-06-16 12:21:06.120372', X'7612679dbf4a3725e33e6c331105c37e6e07587a2fafd1576ddd15fd1880ad2e', 'a50692');
UPDATE Ticket SET used = 1 WHERE id_ticket = X'52a7cb3b3448703acf7d875ec467e3eb16072b79d6d43c56a3f29a356b46de15';INSERT INTO History VALUES('2020-05-17 03:35:31.271512', X'52a7cb3b3448703acf7d875ec467e3eb16072b79d6d43c56a3f29a356b46de15', 'a61312');
UPDATE Ticket SET used = 1 WHERE id_ticket = X'86d344dc079b9758e1ceb416f9bf40a89f44b30add4d30933c6e5b4d9aec2a9b';INSERT INTO History VALUES('2020-05-14 16:00:50.046296', X'86d344dc079b9758e1ceb416f9bf40a89f44b30add4d30933c6e5b4d9aec2a9b', 'a04176');
UPDATE Ticket SET used = 1 WHERE id_ticket = X'dead8b773c2c599c9a8405508fe6cee55f4a9213faa65d23e4b1afab6fed90fa';INSERT INTO History VALUES('2020-06-14 18:14:52.554128', X'dead8b773c2c599c9a8405508fe6cee55f4a9213faa65d23e4b1afab6fed90fa', 'a86517');
UPDATE Ticket SET used = 1 WHERE id_ticket = X'48d930b7527ddb0f5b4e7a2e5baf5982cc6c969a66278d90cd2cbee468aa863d';INSERT INTO History VALUES('2020-06-28 20:15:25.533260', X'48d930b7527ddb0f5b4e7a2e5baf5982cc6c969a66278d90cd2cbee468aa863d', 'a50559');
UPDATE Ticket SET used = 1 WHERE id_ticket = X'9d38b0059d389270c2ee2fd73959557792aaf06997b2669895de8826342d7dad';INSERT INTO History VALUES('2020-06-30 08:31:49.371480', X'9d38b0059d389270c2ee2fd73959557792aaf06997b2669895de8826342d7dad', 'a35004');
UPDATE Ticket SET used = 1 WHERE id_ticket = X'7d277797f90450bbddf1d55bec964943181fb829f168d6614ed82839f7dfc5bf';INSERT INTO History VALUES('2020-06-07 21:18:13.073085', X'7d277797f90450bbddf1d55bec964943181fb829f168d6614ed82839f7dfc5bf', 'a26273');
UPDATE Ticket SET used = 1 WHERE id_ticket = X'a571e1e8bacfa6c556ff61adf7c03502fc7f7f7ee01e1b480dc308f57d8e3d5b';INSERT INTO History VALUES('2020-05-26 06:35:10.718371', X'a571e1e8bacfa6c556ff61adf7c03502fc7f7f7ee01e1b480dc308f57d8e3d5b', 'a98435');
UPDATE Ticket SET used = 1 WHERE id_ticket = X'455ed3b798ce69c1f971b0a9ca6e614502a1f052631dd60181c8bc9973027b6b';INSERT INTO History VALUES('2020-06-26 02:16:49.286118', X'455ed3b798ce69c1f971b0a9ca6e614502a1f052631dd60181c8bc9973027b6b', 'a29258');
UPDATE Ticket SET used = 1 WHERE id_ticket = X'46abc7bb751b8841b820e9e4dd7b3e8c11ea95a5ebff2901999ed16082680728';INSERT INTO History VALUES('2020-05-09 16:48:04.542513', X'46abc7bb751b8841b820e9e4dd7b3e8c11ea95a5ebff2901999ed16082680728', 'a12248');
UPDATE Ticket SET used = 1 WHERE id_ticket = X'7eca6221a6b5f10824d71e019515f0c561e4456f76525d39864bcd8c5e7baf8f';INSERT INTO History VALUES('2020-06-28 07:38:10.353560', X'7eca6221a6b5f10824d71e019515f0c561e4456f76525d39864bcd8c5e7baf8f', 'a12248');
UPDATE Ticket SET used = 1 WHERE id_ticket = X'28d8095df7d8b6b45b61ea27534094f5bda09d65340d1be5c7d311d8f07a2afa';INSERT INTO History VALUES('2020-06-10 07:08:43.625145', X'28d8095df7d8b6b45b61ea27534094f5bda09d65340d1be5c7d311d8f07a2afa', 'a81593');
UPDATE Ticket SET used = 1 WHERE id_ticket = X'a4fdf1f327e717a2ec983d7cfa5c005b7a76eb390bb551d1f321c11273bf638f';INSERT INTO History VALUES('2020-05-25 03:20:40.127291', X'a4fdf1f327e717a2ec983d7cfa5c005b7a76eb390bb551d1f321c11273bf638f', 'a61832');
UPDATE Ticket SET used = 1 WHERE id_ticket = X'8e25b294b5c8eb6e494c62b6f2a482d6559c1790828908ed707b928559354d01';INSERT INTO History VALUES('2020-06-12 01:22:36.178259', X'8e25b294b5c8eb6e494c62b6f2a482d6559c1790828908ed707b928559354d01', 'a46883');
UPDATE Ticket SET used = 1 WHERE id_ticket = X'4f52fb9a629850583ef5c395a1a35d0cdd0615d8451fceb91fb48b941d135543';INSERT INTO History VALUES('2020-05-27 14:28:48.869888', X'4f52fb9a629850583ef5c395a1a35d0cdd0615d8451fceb91fb48b941d135543', 'a26053');
UPDATE Ticket SET used = 1 WHERE id_ticket = X'f53199521616d2b4a582b5b7f5404d8d9aec281a2f500e980c1f5d4b793d7ec8';INSERT INTO History VALUES('2020-06-15 04:27:54.648478', X'f53199521616d2b4a582b5b7f5404d8d9aec281a2f500e980c1f5d4b793d7ec8', 'a50784');
UPDATE Ticket SET used = 1 WHERE id_ticket = X'dc28607160c2fcbffc2b3e432b275e78527117155f68c361fd7ce87c5ec7dcd9';INSERT INTO History VALUES('2020-06-20 07:58:04.319049', X'dc28607160c2fcbffc2b3e432b275e78527117155f68c361fd7ce87c5ec7dcd9', 'a93451');
UPDATE Ticket SET used = 1 WHERE id_ticket = X'd5db6fb15e006c592f14dc3e0a407217671b53cb84b95f98d85ed36465be46ff';INSERT INTO History VALUES('2020-06-24 04:41:25.758748', X'd5db6fb15e006c592f14dc3e0a407217671b53cb84b95f98d85ed36465be46ff', 'a58334');
UPDATE Ticket SET used = 1 WHERE id_ticket = X'1672241cd68b2409ba3c6062d84eba888e96cfe726782458844e109fbe0b85c8';INSERT INTO History VALUES('2020-06-28 13:03:58.456449', X'1672241cd68b2409ba3c6062d84eba888e96cfe726782458844e109fbe0b85c8', 'a53258');
UPDATE Ticket SET used = 1 WHERE id_ticket = X'c3664b7b3a5afd06cc467d55a50fd71c4497f363feb15c64d09738b30f0c6edd';INSERT INTO History VALUES('2020-04-30 07:52:11.922070', X'c3664b7b3a5afd06cc467d55a50fd71c4497f363feb15c64d09738b30f0c6edd', 'a48917');
UPDATE Ticket SET used = 1 WHERE id_ticket = X'4b68b2336d4f9485f70c0ad32496957528ba5d2b6c9f7e31dcf6688ea5f78926';INSERT INTO History VALUES('2020-07-02 09:28:37.835351', X'4b68b2336d4f9485f70c0ad32496957528ba5d2b6c9f7e31dcf6688ea5f78926', 'a86968');
UPDATE Ticket SET used = 1 WHERE id_ticket = X'12705473154c691a3d173249957d75d5278c57b52c78be6dfab5c04e19ae3173';INSERT INTO History VALUES('2020-06-26 04:08:08.408817', X'12705473154c691a3d173249957d75d5278c57b52c78be6dfab5c04e19ae3173', 'a90978');
UPDATE Ticket SET used = 1 WHERE id_ticket = X'd2804609ddc93f0a06f85cf11edd08cc5edc061a8fab3a6cede4fdc09b3cd38b';INSERT INTO History VALUES('2020-06-24 03:55:43.980938', X'd2804609ddc93f0a06f85cf11edd08cc5edc061a8fab3a6cede4fdc09b3cd38b', 'a26053');
UPDATE Ticket SET used = 1 WHERE id_ticket = X'25e696aad55d351dca17302c5f108c97466cf3572e2ed7b111f75f67dd8dfbee';INSERT INTO History VALUES('2020-06-16 07:10:03.209402', X'25e696aad55d351dca17302c5f108c97466cf3572e2ed7b111f75f67dd8dfbee', 'a16297');
UPDATE Ticket SET used = 1 WHERE id_ticket = X'36964882180b007ab5e39eb99064986c27fee5aa60b94d6a5537f509f8bed41c';INSERT INTO History VALUES('2020-05-08 03:02:25.702366', X'36964882180b007ab5e39eb99064986c27fee5aa60b94d6a5537f509f8bed41c', 'a26053');
UPDATE Ticket SET used = 1 WHERE id_ticket = X'ac420ad210cf4893a2c1d73df8b57ce6ba22f6fb07bbc5e0718fd0c796692bde';INSERT INTO History VALUES('2020-06-12 20:50:43.224964', X'ac420ad210cf4893a2c1d73df8b57ce6ba22f6fb07bbc5e0718fd0c796692bde', 'a51166');
UPDATE Ticket SET used = 1 WHERE id_ticket = X'f7baaba60e7c679350237144f68a11c6669ea5cfd3c14aeff1086e53d9f3b8ce';INSERT INTO History VALUES('2020-05-16 17:44:09.941727', X'f7baaba60e7c679350237144f68a11c6669ea5cfd3c14aeff1086e53d9f3b8ce', 'a35004');
UPDATE Ticket SET used = 1 WHERE id_ticket = X'28be2d9a71821907b7dda4ffaedb07abc54378af589829065c24dfac76e98310';INSERT INTO History VALUES('2020-06-07 23:53:05.779006', X'28be2d9a71821907b7dda4ffaedb07abc54378af589829065c24dfac76e98310', 'a58814');
UPDATE Ticket SET used = 1 WHERE id_ticket = X'0e6d64ffa104677702cfc24893834d4166cc6f08fce957a72eeb761765fec1c0';INSERT INTO History VALUES('2020-06-17 22:03:18.927238', X'0e6d64ffa104677702cfc24893834d4166cc6f08fce957a72eeb761765fec1c0', 'a58814');
UPDATE Ticket SET used = 1 WHERE id_ticket = X'b5eda55cb4d0aab0faa2833ab1635b4286a9848894dcce2f0e5e250273bf0249';INSERT INTO History VALUES('2020-06-18 14:17:14.589165', X'b5eda55cb4d0aab0faa2833ab1635b4286a9848894dcce2f0e5e250273bf0249', 'a61887');
UPDATE Ticket SET used = 1 WHERE id_ticket = X'46102d150b17e557d582255fce8a46427df19c8760cc56a8e75be9c268ef597e';INSERT INTO History VALUES('2020-06-28 03:26:28.030395', X'46102d150b17e557d582255fce8a46427df19c8760cc56a8e75be9c268ef597e', 'a43248');
UPDATE Ticket SET used = 1 WHERE id_ticket = X'eb765df5f869d91ad8e2b3a810666b595713bbe0a9b1e463090f5065dd400554';INSERT INTO History VALUES('2020-06-20 09:34:19.150305', X'eb765df5f869d91ad8e2b3a810666b595713bbe0a9b1e463090f5065dd400554', 'a17359');
UPDATE Ticket SET used = 1 WHERE id_ticket = X'bd3e45d7b0e289b3d0c473f995aba0a7be148d7066ff709a27aa23af9b7dea82';INSERT INTO History VALUES('2020-05-27 04:57:20.061988', X'bd3e45d7b0e289b3d0c473f995aba0a7be148d7066ff709a27aa23af9b7dea82', 'a91123');
UPDATE Ticket SET used = 1 WHERE id_ticket = X'ef2547f1a2a45c3da7fb7865aed203d86d09234e60c57cb225917fda6a1e323b';INSERT INTO History VALUES('2020-06-02 10:41:29.211153', X'ef2547f1a2a45c3da7fb7865aed203d86d09234e60c57cb225917fda6a1e323b', 'a98435');
UPDATE Ticket SET used = 1 WHERE id_ticket = X'4fbee594d60c904cdb1f05b9ec3bae7e070407f89a7855b352767b4933e4efd2';INSERT INTO History VALUES('2020-05-30 14:02:18.659996', X'4fbee594d60c904cdb1f05b9ec3bae7e070407f89a7855b352767b4933e4efd2', 'a35004');
UPDATE Ticket SET used = 1 WHERE id_ticket = X'e2a30a45b9b22acd6deb1545db7967b5951f54150a22d33e3ccbc3dd68fbb77b';INSERT INTO History VALUES('2020-04-17 09:08:15.080374', X'e2a30a45b9b22acd6deb1545db7967b5951f54150a22d33e3ccbc3dd68fbb77b', 'a67736');
UPDATE Ticket SET used = 1 WHERE id_ticket = X'a2bf6766acb6dc5ba8f860aa31da9893c5c952d7140199a75b7ccfbceae6b599';INSERT INTO History VALUES('2020-05-27 20:55:59.898859', X'a2bf6766acb6dc5ba8f860aa31da9893c5c952d7140199a75b7ccfbceae6b599', 'a25353');
UPDATE Ticket SET used = 1 WHERE id_ticket = X'50cfef94d682a58ef85406cf7748e05af57f6c9c508e28bee78a01fa4030de25';INSERT INTO History VALUES('2020-07-02 15:10:45.074432', X'50cfef94d682a58ef85406cf7748e05af57f6c9c508e28bee78a01fa4030de25', 'a87514');
UPDATE Ticket SET used = 1 WHERE id_ticket = X'3da5d93b27ae8721097d32d56bf3e5320c6e3c68b96599e817629635a4d5cf88';INSERT INTO History VALUES('2020-05-05 14:36:47.137070', X'3da5d93b27ae8721097d32d56bf3e5320c6e3c68b96599e817629635a4d5cf88', 'a51166');
UPDATE Ticket SET used = 1 WHERE id_ticket = X'9cefd42fa4110c45cd7b3efa4e1510aa33237a979e6138136bddf47f9df2f070';INSERT INTO History VALUES('2020-06-06 17:32:14.304130', X'9cefd42fa4110c45cd7b3efa4e1510aa33237a979e6138136bddf47f9df2f070', 'a07408');
UPDATE Ticket SET used = 1 WHERE id_ticket = X'dcd66c29fa2c548e2a76c8d627fcb79c33bf7839f6ccf0acccdcd566d4c28ea5';INSERT INTO History VALUES('2020-07-01 23:20:44.809201', X'dcd66c29fa2c548e2a76c8d627fcb79c33bf7839f6ccf0acccdcd566d4c28ea5', 'a50559');
UPDATE Ticket SET used = 1 WHERE id_ticket = X'43a63ca332b3efb30f96867638599f7628e142b4bff2ea403cde10498e514e74';INSERT INTO History VALUES('2020-05-13 09:20:00.076075', X'43a63ca332b3efb30f96867638599f7628e142b4bff2ea403cde10498e514e74', 'a04176');
UPDATE Ticket SET used = 1 WHERE id_ticket = X'b23549bfc61a2faeb9070edfaa81d45f9fbadadf27291677ed9c1549f1546d36';INSERT INTO History VALUES('2020-05-10 16:43:27.798621', X'b23549bfc61a2faeb9070edfaa81d45f9fbadadf27291677ed9c1549f1546d36', 'a67857');
UPDATE Ticket SET used = 1 WHERE id_ticket = X'209e8e32ec4e10c8b204599616f148569aef97d6877ead9bb38ddb0bf829b76f';INSERT INTO History VALUES('2020-07-03 15:57:06.011736', X'209e8e32ec4e10c8b204599616f148569aef97d6877ead9bb38ddb0bf829b76f', 'a86025');
UPDATE Ticket SET used = 1 WHERE id_ticket = X'd1d6e7416881940f368c434f42f3836fd5fabd0a9f002a741c4b971a6e4eb21b';INSERT INTO History VALUES('2020-06-28 02:50:33.535140', X'd1d6e7416881940f368c434f42f3836fd5fabd0a9f002a741c4b971a6e4eb21b', 'a85089');
UPDATE Ticket SET used = 1 WHERE id_ticket = X'7e62e591e273fe5b77c0bae60aeec9f350532339e9d8411c01543091c9a53467';INSERT INTO History VALUES('2020-06-26 10:57:11.176569', X'7e62e591e273fe5b77c0bae60aeec9f350532339e9d8411c01543091c9a53467', 'a63317');
UPDATE Ticket SET used = 1 WHERE id_ticket = X'b4c319abc238f867b7839a25d26f83d15a357d56fa08423cc55c29267c25d872';INSERT INTO History VALUES('2020-05-13 16:26:29.345528', X'b4c319abc238f867b7839a25d26f83d15a357d56fa08423cc55c29267c25d872', 'a87514');
UPDATE Ticket SET used = 1 WHERE id_ticket = X'a979c9e6802cb81410f5589a284f451b4c43fdc21580b39ffe55ff83380ca02b';INSERT INTO History VALUES('2020-06-13 21:25:03.265247', X'a979c9e6802cb81410f5589a284f451b4c43fdc21580b39ffe55ff83380ca02b', 'a52516');
UPDATE Ticket SET used = 1 WHERE id_ticket = X'0d7dee48a70e04367c41e1ee4a3ff60ce3c50068907ac3eb463f3096bf6654e9';INSERT INTO History VALUES('2020-06-24 06:11:52.900144', X'0d7dee48a70e04367c41e1ee4a3ff60ce3c50068907ac3eb463f3096bf6654e9', 'a81633');
UPDATE Ticket SET used = 1 WHERE id_ticket = X'8a2c020f7e2033e0f44abec5e61e1526a6f0be90da203c600307b0125130b01d';INSERT INTO History VALUES('2020-06-22 07:43:35.488863', X'8a2c020f7e2033e0f44abec5e61e1526a6f0be90da203c600307b0125130b01d', 'a83006');
UPDATE Ticket SET used = 1 WHERE id_ticket = X'd00942da9248802081393f600069bdbf63a0c64d01919294bc67457223259c0b';INSERT INTO History VALUES('2020-06-27 00:58:40.269088', X'd00942da9248802081393f600069bdbf63a0c64d01919294bc67457223259c0b', 'a55528');
UPDATE Ticket SET used = 1 WHERE id_ticket = X'0cf51d13259170b8ee358925a9fdca80a6380b960fc263baad60d79042d5bb59';INSERT INTO History VALUES('2020-06-17 05:48:45.826185', X'0cf51d13259170b8ee358925a9fdca80a6380b960fc263baad60d79042d5bb59', 'a46883');
UPDATE Ticket SET used = 1 WHERE id_ticket = X'818773a9d305b51f6a32a4b60f042470301262fcd20d122e17000d5f04072d96';INSERT INTO History VALUES('2020-06-10 08:50:10.683901', X'818773a9d305b51f6a32a4b60f042470301262fcd20d122e17000d5f04072d96', 'a46471');
UPDATE Ticket SET used = 1 WHERE id_ticket = X'18ab95aa992bf278fcaeb25c5bee953b22683e842b6090fb762de0172841fc41';INSERT INTO History VALUES('2020-06-19 07:39:05.018495', X'18ab95aa992bf278fcaeb25c5bee953b22683e842b6090fb762de0172841fc41', 'a61832');
UPDATE Ticket SET used = 1 WHERE id_ticket = X'ad6929a3beeb32afbf565d1bec4a021d5a7421b48e2fab8ec6b5687314776df5';INSERT INTO History VALUES('2020-07-01 13:39:13.304162', X'ad6929a3beeb32afbf565d1bec4a021d5a7421b48e2fab8ec6b5687314776df5', 'a36731');
UPDATE Ticket SET used = 1 WHERE id_ticket = X'f7ddef80635fa7d49de9d48585d336020568b5433d1fc9e47c1e847c0d0f4c6d';INSERT INTO History VALUES('2020-06-09 08:40:04.644857', X'f7ddef80635fa7d49de9d48585d336020568b5433d1fc9e47c1e847c0d0f4c6d', 'a44839');
UPDATE Ticket SET used = 1 WHERE id_ticket = X'd9d8b9f0c60625d654c9d6d31b2d6dcba47cca6d8525cbf3a07cfa75d996566c';INSERT INTO History VALUES('2020-06-14 16:20:17.724761', X'd9d8b9f0c60625d654c9d6d31b2d6dcba47cca6d8525cbf3a07cfa75d996566c', 'a22705');
UPDATE Ticket SET used = 1 WHERE id_ticket = X'ec627e42a608c6d18d1d56e0defb5a370e5181e6b10e80716f953b3a3ee007f4';INSERT INTO History VALUES('2020-06-29 11:04:02.233666', X'ec627e42a608c6d18d1d56e0defb5a370e5181e6b10e80716f953b3a3ee007f4', 'a00286');
UPDATE Ticket SET used = 1 WHERE id_ticket = X'9bd0e998783bb1a9cb8025b22d5d853743d80e2439e3de038a2402ad8188f937';INSERT INTO History VALUES('2020-07-01 06:09:18.133774', X'9bd0e998783bb1a9cb8025b22d5d853743d80e2439e3de038a2402ad8188f937', 'a51754');
UPDATE Ticket SET used = 1 WHERE id_ticket = X'f637e955d254fba1ebe05d9df0854fae6da59ee35cb9675c62578320d35a8aea';INSERT INTO History VALUES('2020-04-28 07:00:16.577283', X'f637e955d254fba1ebe05d9df0854fae6da59ee35cb9675c62578320d35a8aea', 'a69149');
UPDATE Ticket SET used = 1 WHERE id_ticket = X'87d1621d28bbca9be1879974cadb069538ebe0f12d1a3c6f049e33c913140a28';INSERT INTO History VALUES('2020-06-02 00:57:50.977583', X'87d1621d28bbca9be1879974cadb069538ebe0f12d1a3c6f049e33c913140a28', 'a87120');
UPDATE Ticket SET used = 1 WHERE id_ticket = X'70ab749a58882c592e19a930ad9fe6bf3062c009b745050586eb81a6cf3c40d7';INSERT INTO History VALUES('2020-07-03 05:56:24.009346', X'70ab749a58882c592e19a930ad9fe6bf3062c009b745050586eb81a6cf3c40d7', 'a87514');
UPDATE Ticket SET used = 1 WHERE id_ticket = X'c7581ec45923902757d79e5de4254a9cb2f62fba4a0210b397395d29c47d6864';INSERT INTO History VALUES('2020-07-02 05:42:46.270354', X'c7581ec45923902757d79e5de4254a9cb2f62fba4a0210b397395d29c47d6864', 'a33876');
UPDATE Ticket SET used = 1 WHERE id_ticket = X'd78d84fe31b36ce4a3653745f9373c644ca59b6eadb843ead383425889cd31d1';INSERT INTO History VALUES('2020-06-07 15:32:18.345278', X'd78d84fe31b36ce4a3653745f9373c644ca59b6eadb843ead383425889cd31d1', 'a53258');
UPDATE Ticket SET used = 1 WHERE id_ticket = X'7085595c752f00309eb565eed3d4fd91f2551c7b41908844261883ec925c1b22';INSERT INTO History VALUES('2020-06-02 11:52:50.391409', X'7085595c752f00309eb565eed3d4fd91f2551c7b41908844261883ec925c1b22', 'a61832');
UPDATE Ticket SET used = 1 WHERE id_ticket = X'93d240a2171bcd880966416f297e4302cd40e02d66196ad66e5826ad114cb1d2';INSERT INTO History VALUES('2020-07-01 17:56:35.703213', X'93d240a2171bcd880966416f297e4302cd40e02d66196ad66e5826ad114cb1d2', 'a21855');
UPDATE Ticket SET used = 1 WHERE id_ticket = X'f57d974144739b51a95ca6f690dc57ee6efa4037c219ecd0aedfb5733b7afc29';INSERT INTO History VALUES('2020-07-01 22:15:38.282427', X'f57d974144739b51a95ca6f690dc57ee6efa4037c219ecd0aedfb5733b7afc29', 'a20044');
UPDATE Ticket SET used = 1 WHERE id_ticket = X'abba421a74794aff06ecd3daf6a88e6122acd741ba3127db3d179fbc8612debd';INSERT INTO History VALUES('2020-06-25 16:53:08.794288', X'abba421a74794aff06ecd3daf6a88e6122acd741ba3127db3d179fbc8612debd', 'a69149');
UPDATE Ticket SET used = 1 WHERE id_ticket = X'73324d09a01d0d0449df63e35bf530aad0b7f313cfe076b5a015112c566e4251';INSERT INTO History VALUES('2020-05-01 14:24:41.036327', X'73324d09a01d0d0449df63e35bf530aad0b7f313cfe076b5a015112c566e4251', 'a99616');
UPDATE Ticket SET used = 1 WHERE id_ticket = X'4eac8de9768d4479f4c1e65b3cb8085adad21b2a6a97c463a0912d6592789c7a';INSERT INTO History VALUES('2020-06-02 10:19:32.494696', X'4eac8de9768d4479f4c1e65b3cb8085adad21b2a6a97c463a0912d6592789c7a', 'a08220');
UPDATE Ticket SET used = 1 WHERE id_ticket = X'77331cb2d99e08f0c08ed129dea0ddfe06c642bbf543500cb92775839ecc2d7a';INSERT INTO History VALUES('2020-06-30 04:14:35.674463', X'77331cb2d99e08f0c08ed129dea0ddfe06c642bbf543500cb92775839ecc2d7a', 'a16297');
UPDATE Ticket SET used = 1 WHERE id_ticket = X'861999131e8eb28dc6245ef106beef20fe0d4d7b5c86bda00844e7aa72989018';INSERT INTO History VALUES('2020-06-19 12:30:27.963517', X'861999131e8eb28dc6245ef106beef20fe0d4d7b5c86bda00844e7aa72989018', 'a00759');
UPDATE Ticket SET used = 1 WHERE id_ticket = X'32173ca1e36a373ad537fee9753b755f348344f192cc1b060a5631aefcfd112c';INSERT INTO History VALUES('2020-05-27 18:10:16.649386', X'32173ca1e36a373ad537fee9753b755f348344f192cc1b060a5631aefcfd112c', 'a04094');
UPDATE Ticket SET used = 1 WHERE id_ticket = X'02a167e4926fc8a22d24621c19dd775d25956997a4d0716be840ba6aafdbe330';INSERT INTO History VALUES('2020-05-31 16:24:16.812245', X'02a167e4926fc8a22d24621c19dd775d25956997a4d0716be840ba6aafdbe330', 'a62141');
UPDATE Ticket SET used = 1 WHERE id_ticket = X'd1e13956ec6f0f336349026777c971a359ee53722633ed472d15b3c45aa5de75';INSERT INTO History VALUES('2020-06-24 18:42:14.233540', X'd1e13956ec6f0f336349026777c971a359ee53722633ed472d15b3c45aa5de75', 'a43248');
UPDATE Ticket SET used = 1 WHERE id_ticket = X'1ff4abd4b33d48ed8ba525440f59ba95e3c3e229d937afd52b946e7e0ae07ce0';INSERT INTO History VALUES('2020-05-29 17:46:00.440436', X'1ff4abd4b33d48ed8ba525440f59ba95e3c3e229d937afd52b946e7e0ae07ce0', 'a67736');
UPDATE Ticket SET used = 1 WHERE id_ticket = X'a8a5c260e15dafd39e62c1be07d6eabd8be1b32934f774229775174cf61f51f1';INSERT INTO History VALUES('2020-07-03 17:27:17.410371', X'a8a5c260e15dafd39e62c1be07d6eabd8be1b32934f774229775174cf61f51f1', 'a08220');
UPDATE Ticket SET used = 1 WHERE id_ticket = X'4c4bd57f94c72ed139739ea5442cf016c74651d63164d3f44dc8c93f88e86435';INSERT INTO History VALUES('2020-05-16 10:18:47.973256', X'4c4bd57f94c72ed139739ea5442cf016c74651d63164d3f44dc8c93f88e86435', 'a22705');
UPDATE Ticket SET used = 1 WHERE id_ticket = X'06372ad7db325e27eecf1a0bde7b202a6fdeb6fbbf426eb111d20b2baa45957a';INSERT INTO History VALUES('2020-07-03 18:24:06.817952', X'06372ad7db325e27eecf1a0bde7b202a6fdeb6fbbf426eb111d20b2baa45957a', 'a81593');
UPDATE Ticket SET used = 1 WHERE id_ticket = X'fb0aef4b92f2e399f772e66add76bfab01ac16891a678b485b38df258e1ee138';INSERT INTO History VALUES('2020-06-30 13:27:11.376620', X'fb0aef4b92f2e399f772e66add76bfab01ac16891a678b485b38df258e1ee138', 'a28488');
UPDATE Ticket SET used = 1 WHERE id_ticket = X'27e27b74ff17aad5a5fb06538ed6ecbc265e8f365c3050580fc9313db4fcae19';INSERT INTO History VALUES('2020-06-23 01:19:01.614713', X'27e27b74ff17aad5a5fb06538ed6ecbc265e8f365c3050580fc9313db4fcae19', 'a27668');
UPDATE Ticket SET used = 1 WHERE id_ticket = X'af4a6493aa7267377ec0f87c5074625bcec70d181f1824484440c52781bb1f66';INSERT INTO History VALUES('2020-06-05 08:28:42.502535', X'af4a6493aa7267377ec0f87c5074625bcec70d181f1824484440c52781bb1f66', 'a87514');
UPDATE Ticket SET used = 1 WHERE id_ticket = X'4bc700ab9bacb1ace658ff6520c46adb1ee15ce16515a5ea0ab6bf55e496f390';INSERT INTO History VALUES('2020-04-15 01:36:06.126458', X'4bc700ab9bacb1ace658ff6520c46adb1ee15ce16515a5ea0ab6bf55e496f390', 'a50559');
UPDATE Ticket SET used = 1 WHERE id_ticket = X'e49369737bb1585a2c9ac675338760a190676bc68ac97ac6472c9ca00194efc6';INSERT INTO History VALUES('2020-06-26 14:07:00.103297', X'e49369737bb1585a2c9ac675338760a190676bc68ac97ac6472c9ca00194efc6', 'a92215');
UPDATE Ticket SET used = 1 WHERE id_ticket = X'783f32011cecd0a425b1e63d77c84524f407366a72c31de0c164af3031d509ca';INSERT INTO History VALUES('2020-06-23 15:29:09.284624', X'783f32011cecd0a425b1e63d77c84524f407366a72c31de0c164af3031d509ca', 'a86517');
UPDATE Ticket SET used = 1 WHERE id_ticket = X'4f1e1cc4ddd46ef342ff6d8e43a742c1306915368733966c1e23977655445c4c';INSERT INTO History VALUES('2020-06-21 09:58:28.519399', X'4f1e1cc4ddd46ef342ff6d8e43a742c1306915368733966c1e23977655445c4c', 'a08585');
UPDATE Ticket SET used = 1 WHERE id_ticket = X'66d2f7cec7344f6304cc3c861c20b9ec78c3735414df8de81d4fb70e7393a72c';INSERT INTO History VALUES('2020-04-28 21:20:58.158586', X'66d2f7cec7344f6304cc3c861c20b9ec78c3735414df8de81d4fb70e7393a72c', 'a75258');
UPDATE Ticket SET used = 1 WHERE id_ticket = X'1d9ebb1474e0faf699f77e02d62a2c2c24c053bae1e56dc3c867169e27bfbf10';INSERT INTO History VALUES('2020-07-01 16:20:15.589471', X'1d9ebb1474e0faf699f77e02d62a2c2c24c053bae1e56dc3c867169e27bfbf10', 'a00759');
UPDATE Ticket SET used = 1 WHERE id_ticket = X'fbb123bec4f5771a3fa7d3b0593827f02897dbffde1cdef713c66a33076b7cc3';INSERT INTO History VALUES('2020-05-01 01:01:32.880465', X'fbb123bec4f5771a3fa7d3b0593827f02897dbffde1cdef713c66a33076b7cc3', 'a29258');
UPDATE Ticket SET used = 1 WHERE id_ticket = X'9fc2dd7e84afaea7daec921ba14c546acbab9e87db2b57b42e44d2aba528419e';INSERT INTO History VALUES('2020-06-25 02:32:24.634882', X'9fc2dd7e84afaea7daec921ba14c546acbab9e87db2b57b42e44d2aba528419e', 'a83006');
UPDATE Ticket SET used = 1 WHERE id_ticket = X'1ecb121862db0bbfc6b841a4ffa76fea12273173182784450ccc72829b122e60';INSERT INTO History VALUES('2020-05-06 10:56:33.092299', X'1ecb121862db0bbfc6b841a4ffa76fea12273173182784450ccc72829b122e60', 'a46471');
UPDATE Ticket SET used = 1 WHERE id_ticket = X'accfd1e65308544e413744a7fed553a513d5ec7348776ef780ffe5614c06c1b4';INSERT INTO History VALUES('2020-06-19 18:32:00.463399', X'accfd1e65308544e413744a7fed553a513d5ec7348776ef780ffe5614c06c1b4', 'a99616');
UPDATE Ticket SET used = 1 WHERE id_ticket = X'31b2d351d5ac161cfc4d26bacd893fe834bda1077ca445c54085f647e3cb82b7';INSERT INTO History VALUES('2020-06-22 19:51:21.808722', X'31b2d351d5ac161cfc4d26bacd893fe834bda1077ca445c54085f647e3cb82b7', 'a37326');
UPDATE Ticket SET used = 1 WHERE id_ticket = X'6e36c211927a4c5e40b5c31da58fc87476e7743797cf107a9ed70f050bd41bde';INSERT INTO History VALUES('2020-07-02 09:20:52.848467', X'6e36c211927a4c5e40b5c31da58fc87476e7743797cf107a9ed70f050bd41bde', 'a51754');
UPDATE Ticket SET used = 1 WHERE id_ticket = X'71250c85429c302d28a9cef8587deddad47d062c08937f1ac399351d2f917d97';INSERT INTO History VALUES('2020-05-14 23:21:13.782337', X'71250c85429c302d28a9cef8587deddad47d062c08937f1ac399351d2f917d97', 'a69149');
UPDATE Ticket SET used = 1 WHERE id_ticket = X'd0563609eed79be436a5b08dfca7ed67f3e9e7016abf67f638ca15b737ad17d4';INSERT INTO History VALUES('2020-06-29 23:12:44.256592', X'd0563609eed79be436a5b08dfca7ed67f3e9e7016abf67f638ca15b737ad17d4', 'a79790');
UPDATE Ticket SET used = 1 WHERE id_ticket = X'527c4376dfa92b15af39ac057a5b54232517297b4809c2e540365aac4eaafea1';INSERT INTO History VALUES('2020-06-12 23:34:39.662207', X'527c4376dfa92b15af39ac057a5b54232517297b4809c2e540365aac4eaafea1', 'a86517');
UPDATE Ticket SET used = 1 WHERE id_ticket = X'9d1c1f8be3cb0c79cdddb5a196fb19fbeca5cc8c44687a5269a9f12464f9cfae';INSERT INTO History VALUES('2020-06-06 20:26:51.123311', X'9d1c1f8be3cb0c79cdddb5a196fb19fbeca5cc8c44687a5269a9f12464f9cfae', 'a07408');
UPDATE Ticket SET used = 1 WHERE id_ticket = X'6c401b0b2cb26285c27210b217840b88bc2654ff7114a336ec4996696a8ad456';INSERT INTO History VALUES('2020-06-30 15:48:31.801197', X'6c401b0b2cb26285c27210b217840b88bc2654ff7114a336ec4996696a8ad456', 'a86788');
UPDATE Ticket SET used = 1 WHERE id_ticket = X'd523568908c4ab21dd9e7bc8c127f985040a2e31cb0d22384f4560940b83278c';INSERT INTO History VALUES('2020-04-22 14:45:33.042081', X'd523568908c4ab21dd9e7bc8c127f985040a2e31cb0d22384f4560940b83278c', 'a35004');
UPDATE Ticket SET used = 1 WHERE id_ticket = X'be35cedb98a0423b3d3f9adf7221be72726c30dcb21aad168696d033c33753c1';INSERT INTO History VALUES('2020-05-20 13:51:25.497358', X'be35cedb98a0423b3d3f9adf7221be72726c30dcb21aad168696d033c33753c1', 'a27668');
UPDATE Ticket SET used = 1 WHERE id_ticket = X'c889da54a4bf147df69a3592300980d45e1704a9343fb3e10f86c818627f2a0d';INSERT INTO History VALUES('2020-06-28 21:57:07.255730', X'c889da54a4bf147df69a3592300980d45e1704a9343fb3e10f86c818627f2a0d', 'a21855');
UPDATE Ticket SET used = 1 WHERE id_ticket = X'd48a4d6a72fb671940fd6d43e9675c857b66929f35881df4ae4ecb1c419477c0';INSERT INTO History VALUES('2020-07-01 20:52:59.633173', X'd48a4d6a72fb671940fd6d43e9675c857b66929f35881df4ae4ecb1c419477c0', 'a91123');
UPDATE Ticket SET used = 1 WHERE id_ticket = X'00519bd40d6db48a3fbcca5b680a58bc81bb869e8ed8f5b3cf9d581d1f652524';INSERT INTO History VALUES('2020-07-03 20:55:35.315115', X'00519bd40d6db48a3fbcca5b680a58bc81bb869e8ed8f5b3cf9d581d1f652524', 'a67736');
UPDATE Ticket SET used = 1 WHERE id_ticket = X'57923267ccdf73b17f8b4c4b97e7070479294f233c5c60fde278d00d372742ec';INSERT INTO History VALUES('2020-05-09 22:40:42.349806', X'57923267ccdf73b17f8b4c4b97e7070479294f233c5c60fde278d00d372742ec', 'a00286');
UPDATE Ticket SET used = 1 WHERE id_ticket = X'a4985b13133b9c5c77a43c3de7f882eab4ef97408daf3e67871a72f6760a8dd2';INSERT INTO History VALUES('2020-05-25 23:26:27.608039', X'a4985b13133b9c5c77a43c3de7f882eab4ef97408daf3e67871a72f6760a8dd2', 'a25353');
UPDATE Ticket SET used = 1 WHERE id_ticket = X'20d8eece6723ef2e1beaa47159ab520263760d8e8b2a8b7d19317521a997cda2';INSERT INTO History VALUES('2020-06-17 10:31:37.702762', X'20d8eece6723ef2e1beaa47159ab520263760d8e8b2a8b7d19317521a997cda2', 'a53258');
UPDATE Ticket SET used = 1 WHERE id_ticket = X'6772b8e7fad31350eefdc9fea0c157e2799c15c3e716d6107226b4fe206e238b';INSERT INTO History VALUES('2020-06-16 17:47:11.886485', X'6772b8e7fad31350eefdc9fea0c157e2799c15c3e716d6107226b4fe206e238b', 'a20481');
UPDATE Ticket SET used = 1 WHERE id_ticket = X'f4834643c68d324f09475984db7a0efc3e1b7705c676fc28b97929689f8d5a57';INSERT INTO History VALUES('2020-06-13 13:12:21.578885', X'f4834643c68d324f09475984db7a0efc3e1b7705c676fc28b97929689f8d5a57', 'a61832');
UPDATE Ticket SET used = 1 WHERE id_ticket = X'dc26984814df458c4295a04ba6cec600c4253e47adee7bac767339e6ebe28881';INSERT INTO History VALUES('2020-05-18 08:47:59.088115', X'dc26984814df458c4295a04ba6cec600c4253e47adee7bac767339e6ebe28881', 'a61887');
UPDATE Ticket SET used = 1 WHERE id_ticket = X'acfb977b4660f05b57713821bed7819dd1c9b962213f54a47e0bb5ccc8d9acdb';INSERT INTO History VALUES('2020-06-27 20:51:14.883708', X'acfb977b4660f05b57713821bed7819dd1c9b962213f54a47e0bb5ccc8d9acdb', 'a98435');
UPDATE Ticket SET used = 1 WHERE id_ticket = X'44b5ee4697fced17af077f03580ad17161e762ed08f741254669852e583d73ff';INSERT INTO History VALUES('2020-06-19 09:55:52.683431', X'44b5ee4697fced17af077f03580ad17161e762ed08f741254669852e583d73ff', 'a20044');
UPDATE Ticket SET used = 1 WHERE id_ticket = X'b8fa7c5ecc229b77bfc423d82d16911aec4c9e26e5e99f7884e69a717b09df3a';INSERT INTO History VALUES('2020-07-03 16:29:36.056348', X'b8fa7c5ecc229b77bfc423d82d16911aec4c9e26e5e99f7884e69a717b09df3a', 'a33876');
UPDATE Ticket SET used = 1 WHERE id_ticket = X'33fd0362e6784a5ed269c215c638600e7035c9760f93f354f87849548b97848a';INSERT INTO History VALUES('2020-07-02 14:50:03.251253', X'33fd0362e6784a5ed269c215c638600e7035c9760f93f354f87849548b97848a', 'a50784');
UPDATE Ticket SET used = 1 WHERE id_ticket = X'243f429c11b1ee57e92b9f916bc7f2cf4b76b5cdcbd331b47dc5155f30cab2ed';INSERT INTO History VALUES('2020-06-11 12:43:13.944456', X'243f429c11b1ee57e92b9f916bc7f2cf4b76b5cdcbd331b47dc5155f30cab2ed', 'a90978');
UPDATE Ticket SET used = 1 WHERE id_ticket = X'f80c0015714094650d375d82fc2384bff5a7917eb4393cba35af88bf6ed05072';INSERT INTO History VALUES('2020-06-02 03:37:31.699299', X'f80c0015714094650d375d82fc2384bff5a7917eb4393cba35af88bf6ed05072', 'a55528');
UPDATE Ticket SET used = 1 WHERE id_ticket = X'2a9a7168c137c9bf34e623eb2cc4d04c06e007e8abcfaedecf4108cd5390ab53';INSERT INTO History VALUES('2020-06-23 12:09:36.363589', X'2a9a7168c137c9bf34e623eb2cc4d04c06e007e8abcfaedecf4108cd5390ab53', 'a20044');
UPDATE Ticket SET used = 1 WHERE id_ticket = X'bee286fc5da5005032fb9c2f65f355124d945bd56209531ebe51d79f12e14d72';INSERT INTO History VALUES('2020-06-30 11:05:12.368480', X'bee286fc5da5005032fb9c2f65f355124d945bd56209531ebe51d79f12e14d72', 'a62141');
UPDATE Ticket SET used = 1 WHERE id_ticket = X'23aab739c817826ce23f02dfef75902190d589b05f3639d3cc694b9f87faff12';INSERT INTO History VALUES('2020-07-02 02:37:42.704373', X'23aab739c817826ce23f02dfef75902190d589b05f3639d3cc694b9f87faff12', 'a91123');
UPDATE Ticket SET used = 1 WHERE id_ticket = X'3535501d96b1e61b51b883d24aeb159ce65a5e3438ca21ead4b474c2d7674eef';INSERT INTO History VALUES('2020-06-16 17:11:45.448599', X'3535501d96b1e61b51b883d24aeb159ce65a5e3438ca21ead4b474c2d7674eef', 'a50692');
UPDATE Ticket SET used = 1 WHERE id_ticket = X'2be803344939182c9043db7a7c986603ba48fac34ba285dd7d4238758a4eb1a7';INSERT INTO History VALUES('2020-06-22 11:39:26.831526', X'2be803344939182c9043db7a7c986603ba48fac34ba285dd7d4238758a4eb1a7', 'a67857');
UPDATE Ticket SET used = 1 WHERE id_ticket = X'591d09e7ab0a0f2ff931bf6d57f47e3aa1ea74c39ebacf4c11aaa76b4b86187c';INSERT INTO History VALUES('2020-05-11 14:10:27.444428', X'591d09e7ab0a0f2ff931bf6d57f47e3aa1ea74c39ebacf4c11aaa76b4b86187c', 'a04094');
UPDATE Ticket SET used = 1 WHERE id_ticket = X'60aa2d00a84c73fa12cea4ed481decf7f66275f90a459c2fff954090de208d86';INSERT INTO History VALUES('2020-07-03 10:52:56.363471', X'60aa2d00a84c73fa12cea4ed481decf7f66275f90a459c2fff954090de208d86', 'a85089');
UPDATE Ticket SET used = 1 WHERE id_ticket = X'ac9366bcb7749c60d42fba4ae007046d0806bc3b6e7e226fb22772ef8db4fffb';INSERT INTO History VALUES('2020-07-03 07:12:32.381716', X'ac9366bcb7749c60d42fba4ae007046d0806bc3b6e7e226fb22772ef8db4fffb', 'a23468');
UPDATE Ticket SET used = 1 WHERE id_ticket = X'99b891deccee5b6a36ef3a561f38f9a85fd772c583e36ed3271426285525dbbd';INSERT INTO History VALUES('2020-06-07 04:20:19.394767', X'99b891deccee5b6a36ef3a561f38f9a85fd772c583e36ed3271426285525dbbd', 'a22705');
UPDATE Ticket SET used = 1 WHERE id_ticket = X'05a8dacf568923c70f6d068ec38636324a1ff7d71af7bd315433a8c079d9b971';INSERT INTO History VALUES('2020-06-20 20:21:04.003165', X'05a8dacf568923c70f6d068ec38636324a1ff7d71af7bd315433a8c079d9b971', 'a21855');
UPDATE Ticket SET used = 1 WHERE id_ticket = X'6cf77582dca555210152f2d67cab07b203dc450ad08ed6624f0a2ba7646908b4';INSERT INTO History VALUES('2020-05-19 15:57:32.001453', X'6cf77582dca555210152f2d67cab07b203dc450ad08ed6624f0a2ba7646908b4', 'a62910');
UPDATE Ticket SET used = 1 WHERE id_ticket = X'c8825b0ba566850d6b8cab2adb221b75461c79e62af998b6fce26867d07ef241';INSERT INTO History VALUES('2020-05-11 03:34:44.300118', X'c8825b0ba566850d6b8cab2adb221b75461c79e62af998b6fce26867d07ef241', 'a46769');
UPDATE Ticket SET used = 1 WHERE id_ticket = X'990122acbba7cd29ef48e4e5df56937d0f230e0cd1e9f6dd00f48fc1dd525f38';INSERT INTO History VALUES('2020-06-05 03:32:54.203760', X'990122acbba7cd29ef48e4e5df56937d0f230e0cd1e9f6dd00f48fc1dd525f38', 'a08585');
UPDATE Ticket SET used = 1 WHERE id_ticket = X'06d362d01ca6e2a3c0474660bd3761c1ad3388bdd44324ba1a27beeaef23378f';INSERT INTO History VALUES('2020-06-12 10:48:15.209530', X'06d362d01ca6e2a3c0474660bd3761c1ad3388bdd44324ba1a27beeaef23378f', 'a27360');
UPDATE Ticket SET used = 1 WHERE id_ticket = X'd087f5a78677ca2fd7f183e0425c4b519331129edacd588ae43bdf3ecc859b02';INSERT INTO History VALUES('2020-05-12 09:27:29.262563', X'd087f5a78677ca2fd7f183e0425c4b519331129edacd588ae43bdf3ecc859b02', 'a12248');
UPDATE Ticket SET used = 1 WHERE id_ticket = X'61828795973ee98f77d6fbcde052229005c7630b7b79fee1f9b0d8c99dc958e9';INSERT INTO History VALUES('2020-05-18 21:23:34.369229', X'61828795973ee98f77d6fbcde052229005c7630b7b79fee1f9b0d8c99dc958e9', 'a81593');
UPDATE Ticket SET used = 1 WHERE id_ticket = X'069904c1cad0efd6c0fb97a9e35b45d514a14d8b7e9094a2bf92a2eb1ac41554';INSERT INTO History VALUES('2020-05-17 16:22:45.970965', X'069904c1cad0efd6c0fb97a9e35b45d514a14d8b7e9094a2bf92a2eb1ac41554', 'a62910');
UPDATE Ticket SET used = 1 WHERE id_ticket = X'355518c5c4ac2ddf4a10b5d05ee07d8934083cc22a3d6b596d5c5d6c376b8e10';INSERT INTO History VALUES('2020-05-23 15:16:29.111454', X'355518c5c4ac2ddf4a10b5d05ee07d8934083cc22a3d6b596d5c5d6c376b8e10', 'a46982');
UPDATE Ticket SET used = 1 WHERE id_ticket = X'aa4f67b1728e9b79c00bf71ec0b531df7da73cd0afc2c6ec0ee0adf1348a3509';INSERT INTO History VALUES('2020-05-23 17:12:41.668829', X'aa4f67b1728e9b79c00bf71ec0b531df7da73cd0afc2c6ec0ee0adf1348a3509', 'a39615');
UPDATE Ticket SET used = 1 WHERE id_ticket = X'3609455c6813dd902e241628cceb484b404ad596cae35c37552da8b0ba9f6d81';INSERT INTO History VALUES('2020-06-29 05:56:01.956299', X'3609455c6813dd902e241628cceb484b404ad596cae35c37552da8b0ba9f6d81', 'a46982');
UPDATE Ticket SET used = 1 WHERE id_ticket = X'620c6fe0761b10dfa8e0a49e30c4d88f095e87e53946acf7d6cd9d9f0932326c';INSERT INTO History VALUES('2020-06-29 08:33:17.103673', X'620c6fe0761b10dfa8e0a49e30c4d88f095e87e53946acf7d6cd9d9f0932326c', 'a29258');
UPDATE Ticket SET used = 1 WHERE id_ticket = X'7bf384a9074be04ad432054edc670247e1eec5e83d41aac985bc52481cd779f1';INSERT INTO History VALUES('2020-05-25 04:44:15.770022', X'7bf384a9074be04ad432054edc670247e1eec5e83d41aac985bc52481cd779f1', 'a62910');
UPDATE Ticket SET used = 1 WHERE id_ticket = X'ae29336b3b87f765c09928dd076a33596871d14e56b77eb4bced2fbdbba8d277';INSERT INTO History VALUES('2020-03-30 03:21:36.001626', X'ae29336b3b87f765c09928dd076a33596871d14e56b77eb4bced2fbdbba8d277', 'a49426');
UPDATE Ticket SET used = 1 WHERE id_ticket = X'9e571e9579a4cbe253f23914c21e8695c9bfdc84f4f999031f2491b53e096e1a';INSERT INTO History VALUES('2020-04-03 13:27:26.181656', X'9e571e9579a4cbe253f23914c21e8695c9bfdc84f4f999031f2491b53e096e1a', 'a52516');
UPDATE Ticket SET used = 1 WHERE id_ticket = X'9ff6785e9c3ad2f8cd00fdbf521e84ba0cd0a73e980cdc9e0c062d28caf77314';INSERT INTO History VALUES('2020-07-03 04:32:02.517253', X'9ff6785e9c3ad2f8cd00fdbf521e84ba0cd0a73e980cdc9e0c062d28caf77314', 'a12154');
UPDATE Ticket SET used = 1 WHERE id_ticket = X'09880fbce3b6bb02ed39fdf2fdeb00b21618d4bb0dada72e622b49fabaaac741';INSERT INTO History VALUES('2020-06-01 06:14:52.554679', X'09880fbce3b6bb02ed39fdf2fdeb00b21618d4bb0dada72e622b49fabaaac741', 'a61887');
UPDATE Ticket SET used = 1 WHERE id_ticket = X'7f821e2d1ad30b389cae60139d48720eedde12dd67e3848a2387b57e8f1d8784';INSERT INTO History VALUES('2020-06-18 14:55:06.816277', X'7f821e2d1ad30b389cae60139d48720eedde12dd67e3848a2387b57e8f1d8784', 'a86517');
UPDATE Ticket SET used = 1 WHERE id_ticket = X'aada5e83548fccfe1dcbc3ca42d73c68ab1a66e82a09a31c5db0ad748d4f7497';INSERT INTO History VALUES('2020-05-18 17:32:56.693081', X'aada5e83548fccfe1dcbc3ca42d73c68ab1a66e82a09a31c5db0ad748d4f7497', 'a54354');
UPDATE Ticket SET used = 1 WHERE id_ticket = X'08ba3250285771f7f827576cc46dfa7636c9eb8ac0f020b5e3eabaeca2df4631';INSERT INTO History VALUES('2020-06-09 12:49:00.514475', X'08ba3250285771f7f827576cc46dfa7636c9eb8ac0f020b5e3eabaeca2df4631', 'a08585');
UPDATE Ticket SET used = 1 WHERE id_ticket = X'865e9d6608d327350b86576d34843e51577ad0fa3c09114e4f99cbdf22fa7c87';INSERT INTO History VALUES('2020-07-02 14:45:55.797692', X'865e9d6608d327350b86576d34843e51577ad0fa3c09114e4f99cbdf22fa7c87', 'a75258');
UPDATE Ticket SET used = 1 WHERE id_ticket = X'88b5ec0d3aa80305818799b2e3238d02c8d75d980a5520fab12364bca350e10b';INSERT INTO History VALUES('2020-07-03 09:52:35.735052', X'88b5ec0d3aa80305818799b2e3238d02c8d75d980a5520fab12364bca350e10b', 'a15225');
UPDATE Ticket SET used = 1 WHERE id_ticket = X'e0aa4e9d6ef1bb378838858d47969e985254f3a50c3fd1927127fce8f5d792dd';INSERT INTO History VALUES('2020-06-12 22:46:35.338516', X'e0aa4e9d6ef1bb378838858d47969e985254f3a50c3fd1927127fce8f5d792dd', 'a62141');
UPDATE Ticket SET used = 1 WHERE id_ticket = X'c1b73ea32391637531a49debc85063d2490b9c7b08afb2b8a8b28d39c00bff1c';INSERT INTO History VALUES('2020-06-22 13:19:50.931639', X'c1b73ea32391637531a49debc85063d2490b9c7b08afb2b8a8b28d39c00bff1c', 'a35004');
UPDATE Ticket SET used = 1 WHERE id_ticket = X'9d5e3b9d29c4dcf22edb480c4d9e8e9154ab95fa15a719b2f595534783af6a6b';INSERT INTO History VALUES('2020-04-01 09:06:11.594942', X'9d5e3b9d29c4dcf22edb480c4d9e8e9154ab95fa15a719b2f595534783af6a6b', 'a46736');
UPDATE Ticket SET used = 1 WHERE id_ticket = X'21c5d514444824dc8691e8074ac44be08bd63fbc941de86c2c68f53e85d34d1c';INSERT INTO History VALUES('2020-06-18 16:54:37.992641', X'21c5d514444824dc8691e8074ac44be08bd63fbc941de86c2c68f53e85d34d1c', 'a61537');
UPDATE Ticket SET used = 1 WHERE id_ticket = X'344327be8ce01843b20441a548f37f27621a2d099de2cc0f84d864313624290b';INSERT INTO History VALUES('2020-05-11 11:49:33.153290', X'344327be8ce01843b20441a548f37f27621a2d099de2cc0f84d864313624290b', 'a46736');
UPDATE Ticket SET used = 1 WHERE id_ticket = X'679b68d830e5c257fcccd02150f25379dc035a14aca3ee513fce67414fb702c4';INSERT INTO History VALUES('2020-05-28 04:59:05.048905', X'679b68d830e5c257fcccd02150f25379dc035a14aca3ee513fce67414fb702c4', 'a57258');
UPDATE Ticket SET used = 1 WHERE id_ticket = X'e4e891b612559e2b2dff99fbb78b9e775cbee3c901449200b4f0760efccaf392';INSERT INTO History VALUES('2020-06-18 00:34:12.524459', X'e4e891b612559e2b2dff99fbb78b9e775cbee3c901449200b4f0760efccaf392', 'a98435');
UPDATE Ticket SET used = 1 WHERE id_ticket = X'f39e6873a9331bd994213d0912af0b777824a0e531b35d401d564f0c32a02d1b';INSERT INTO History VALUES('2020-07-01 03:03:17.785630', X'f39e6873a9331bd994213d0912af0b777824a0e531b35d401d564f0c32a02d1b', 'a79346');
UPDATE Ticket SET used = 1 WHERE id_ticket = X'31115ae0de3a2879a738373d0ac5c616916a42b014bcf03e3a5e5c6b15e0efc4';INSERT INTO History VALUES('2020-05-18 20:37:43.281595', X'31115ae0de3a2879a738373d0ac5c616916a42b014bcf03e3a5e5c6b15e0efc4', 'a87120');
UPDATE Ticket SET used = 1 WHERE id_ticket = X'6b6346e94db41d4ae1fe250c16a6f8aa44e7654dc9640448a2bf6801843daf09';INSERT INTO History VALUES('2020-07-01 14:15:56.128549', X'6b6346e94db41d4ae1fe250c16a6f8aa44e7654dc9640448a2bf6801843daf09', 'a08585');
UPDATE Ticket SET used = 1 WHERE id_ticket = X'c137b54d87517cc573a5c0d53f093ede95bf1ca1fdc513e66cf2591367b9e866';INSERT INTO History VALUES('2020-06-05 07:49:40.672569', X'c137b54d87517cc573a5c0d53f093ede95bf1ca1fdc513e66cf2591367b9e866', 'a26053');
UPDATE Ticket SET used = 1 WHERE id_ticket = X'abef222c8e1b025e86549338716b79a5a31e5b95bbe1a97050ff97f5e945807c';INSERT INTO History VALUES('2020-05-23 22:52:11.307545', X'abef222c8e1b025e86549338716b79a5a31e5b95bbe1a97050ff97f5e945807c', 'a07408');
UPDATE Ticket SET used = 1 WHERE id_ticket = X'570391f52c1b91713964d8346fe75c3402c958a4d2dce293ed62eb45a3d7d32f';INSERT INTO History VALUES('2020-07-02 04:50:54.723596', X'570391f52c1b91713964d8346fe75c3402c958a4d2dce293ed62eb45a3d7d32f', 'a18700');
UPDATE Ticket SET used = 1 WHERE id_ticket = X'5f4be4971218e1ace7fb3a5257af60c7d684decd71637325dd420b2492ce247f';INSERT INTO History VALUES('2020-06-27 12:05:06.200985', X'5f4be4971218e1ace7fb3a5257af60c7d684decd71637325dd420b2492ce247f', 'a46982');
UPDATE Ticket SET used = 1 WHERE id_ticket = X'cde7b362c05e78a9b0836978e912ce36a1a1659871115a0240dd952d58d94d22';INSERT INTO History VALUES('2020-06-14 09:50:04.219089', X'cde7b362c05e78a9b0836978e912ce36a1a1659871115a0240dd952d58d94d22', 'a61887');
UPDATE Ticket SET used = 1 WHERE id_ticket = X'1a8aa62e07b36a8324aec0e109296e5099e1d02da1e7ee396f2985aa8b0cb8a2';INSERT INTO History VALUES('2020-06-05 15:34:47.851045', X'1a8aa62e07b36a8324aec0e109296e5099e1d02da1e7ee396f2985aa8b0cb8a2', 'a25353');
UPDATE Ticket SET used = 1 WHERE id_ticket = X'13f19a72215976b2be8dc6c7f1609ef072e15276e321a4cb131774ab5a8f83fb';INSERT INTO History VALUES('2020-06-29 18:21:10.550001', X'13f19a72215976b2be8dc6c7f1609ef072e15276e321a4cb131774ab5a8f83fb', 'a80247');
UPDATE Ticket SET used = 1 WHERE id_ticket = X'8cfd9c0cb42c4fc95a0555c9536fc78b50343ecc1d37ad285a1be35c478e4f28';INSERT INTO History VALUES('2020-06-21 12:45:30.451234', X'8cfd9c0cb42c4fc95a0555c9536fc78b50343ecc1d37ad285a1be35c478e4f28', 'a46982');
UPDATE Ticket SET used = 1 WHERE id_ticket = X'8e0185a2642b9fb5ac8360834b09764108a9401161192f9eb9d105e5f56f1f1d';INSERT INTO History VALUES('2020-06-06 17:23:46.553361', X'8e0185a2642b9fb5ac8360834b09764108a9401161192f9eb9d105e5f56f1f1d', 'a93451');
UPDATE Ticket SET used = 1 WHERE id_ticket = X'0b365addbfbbf60f2c5a035c57471ae96bc69ac123cd869be7b5e721ebbbfb53';INSERT INTO History VALUES('2020-07-02 11:42:33.382567', X'0b365addbfbbf60f2c5a035c57471ae96bc69ac123cd869be7b5e721ebbbfb53', 'a61537');
UPDATE Ticket SET used = 1 WHERE id_ticket = X'b8c7c98ce077d16f3de631e1a4139bb3e8169f8fd614394445dfb7bbddfed0da';INSERT INTO History VALUES('2020-06-19 23:58:22.812593', X'b8c7c98ce077d16f3de631e1a4139bb3e8169f8fd614394445dfb7bbddfed0da', 'a08158');
UPDATE Ticket SET used = 1 WHERE id_ticket = X'35a7e9c8173f1becee316ef49a8a3a710d5397080421cd83624ffbaab699ac4a';INSERT INTO History VALUES('2020-06-28 01:25:34.631498', X'35a7e9c8173f1becee316ef49a8a3a710d5397080421cd83624ffbaab699ac4a', 'a98435');
UPDATE Ticket SET used = 1 WHERE id_ticket = X'7ebb2f64c7cef844dbf510ccbe7744005aecd899626affd6562c0b5bb66f101d';INSERT INTO History VALUES('2020-06-21 21:27:55.174284', X'7ebb2f64c7cef844dbf510ccbe7744005aecd899626affd6562c0b5bb66f101d', 'a20044');
UPDATE Ticket SET used = 1 WHERE id_ticket = X'e5a5697d5303afb7c19452c61ddca464e0e808fcb5dfa8c2fbe827fd5451f98f';INSERT INTO History VALUES('2020-06-27 10:28:29.421911', X'e5a5697d5303afb7c19452c61ddca464e0e808fcb5dfa8c2fbe827fd5451f98f', 'a80899');
UPDATE Ticket SET used = 1 WHERE id_ticket = X'db3309649fd89dc42a9e9aaa9aec7f119d58c0a50818f5713c8ab03054560993';INSERT INTO History VALUES('2020-06-28 17:36:07.008169', X'db3309649fd89dc42a9e9aaa9aec7f119d58c0a50818f5713c8ab03054560993', 'a83006');
UPDATE Ticket SET used = 1 WHERE id_ticket = X'9b0f79c3a4513bb2943bfb143885a3c3714f84d3960a66899cfb9708a5883054';INSERT INTO History VALUES('2020-06-14 17:48:52.027325', X'9b0f79c3a4513bb2943bfb143885a3c3714f84d3960a66899cfb9708a5883054', 'a17359');
UPDATE Ticket SET used = 1 WHERE id_ticket = X'a8913d30e54f6e1a20ccdd8417552bafa7c1ca0cafe2071cca0bab770b948888';INSERT INTO History VALUES('2020-06-25 07:00:59.319499', X'a8913d30e54f6e1a20ccdd8417552bafa7c1ca0cafe2071cca0bab770b948888', 'a28488');
UPDATE Ticket SET used = 1 WHERE id_ticket = X'42966fb5f11c3f7ab9ddac4c86bbd130e8dd9bbcbf8e9ad670c7aa2a140fdade';INSERT INTO History VALUES('2020-04-26 05:08:43.053614', X'42966fb5f11c3f7ab9ddac4c86bbd130e8dd9bbcbf8e9ad670c7aa2a140fdade', 'a21855');
UPDATE Ticket SET used = 1 WHERE id_ticket = X'c64fa961380d439ca5d02a6b74c05167c19422f63c36e13310b001c09ae7be39';INSERT INTO History VALUES('2020-07-01 10:58:51.142048', X'c64fa961380d439ca5d02a6b74c05167c19422f63c36e13310b001c09ae7be39', 'a87120');
UPDATE Ticket SET used = 1 WHERE id_ticket = X'4b65a6dbd340574c1f90ba7bf6f56a9d5c2099523473473c91ee110a8da1fa79';INSERT INTO History VALUES('2020-05-12 03:30:14.458160', X'4b65a6dbd340574c1f90ba7bf6f56a9d5c2099523473473c91ee110a8da1fa79', 'a26053');
UPDATE Ticket SET used = 1 WHERE id_ticket = X'f08adfe2873a377d2577cfb2c57c58c52bbac02f2aff84b89d7901de7adafbce';INSERT INTO History VALUES('2020-06-17 08:34:41.750627', X'f08adfe2873a377d2577cfb2c57c58c52bbac02f2aff84b89d7901de7adafbce', 'a80247');
UPDATE Ticket SET used = 1 WHERE id_ticket = X'7cd6121df3de0efc0a3d34a1d13f9c52b6124533c3fbd26c1a27b3d70bf478aa';INSERT INTO History VALUES('2020-05-18 05:50:14.148210', X'7cd6121df3de0efc0a3d34a1d13f9c52b6124533c3fbd26c1a27b3d70bf478aa', 'a90978');
UPDATE Ticket SET used = 1 WHERE id_ticket = X'59071a29c574482402eec6a7d97b2567c4a9dae4c63d5c352518f42306b85470';INSERT INTO History VALUES('2020-06-28 02:54:28.483223', X'59071a29c574482402eec6a7d97b2567c4a9dae4c63d5c352518f42306b85470', 'a08585');
UPDATE Ticket SET used = 1 WHERE id_ticket = X'a1902d0800be27ad467d4999d7ca7a91aa8b174a9126ffe9d8185541401b79a7';INSERT INTO History VALUES('2020-06-01 15:53:25.288251', X'a1902d0800be27ad467d4999d7ca7a91aa8b174a9126ffe9d8185541401b79a7', 'a43248');
UPDATE Ticket SET used = 1 WHERE id_ticket = X'933b7089d0e34fb887f3dc676ed286d3c4af20e0ca4d093bb4e7595568c33aaf';INSERT INTO History VALUES('2020-06-13 15:30:16.967656', X'933b7089d0e34fb887f3dc676ed286d3c4af20e0ca4d093bb4e7595568c33aaf', 'a55528');
UPDATE Ticket SET used = 1 WHERE id_ticket = X'0aa767c6a6351e61717f7861a6f1a6a42ec299d457c3e1041cdeb643742ef024';INSERT INTO History VALUES('2020-05-27 15:49:04.604853', X'0aa767c6a6351e61717f7861a6f1a6a42ec299d457c3e1041cdeb643742ef024', 'a37326');
UPDATE Ticket SET used = 1 WHERE id_ticket = X'454ee58f6fe52e8e0266e4ce05b37193bd57e726fda686eb843c0362bc11e9d6';INSERT INTO History VALUES('2020-06-26 14:43:39.571196', X'454ee58f6fe52e8e0266e4ce05b37193bd57e726fda686eb843c0362bc11e9d6', 'a63317');
UPDATE Ticket SET used = 1 WHERE id_ticket = X'47bc393f78559e11dc38186f8e35ff2f6c6ee37a17cdb45efb0225c8e681a604';INSERT INTO History VALUES('2020-05-26 00:37:34.522483', X'47bc393f78559e11dc38186f8e35ff2f6c6ee37a17cdb45efb0225c8e681a604', 'a00286');
UPDATE Ticket SET used = 1 WHERE id_ticket = X'f701a18af19384f52174cebaa9eee66640dbd98288895c5aeda83ec5de99dede';INSERT INTO History VALUES('2020-06-29 13:36:34.830564', X'f701a18af19384f52174cebaa9eee66640dbd98288895c5aeda83ec5de99dede', 'a57258');
UPDATE Ticket SET used = 1 WHERE id_ticket = X'5abdb0083c762a1231c40d3cda4e8abef684776d06f1d6d7561276f0282b66a4';INSERT INTO History VALUES('2020-05-30 10:31:55.520184', X'5abdb0083c762a1231c40d3cda4e8abef684776d06f1d6d7561276f0282b66a4', 'a08158');
UPDATE Ticket SET used = 1 WHERE id_ticket = X'bf481ac67e531270211d71a90daef50a88cf66de0fe712c0704f404c1eda6383';INSERT INTO History VALUES('2020-06-08 02:48:43.092565', X'bf481ac67e531270211d71a90daef50a88cf66de0fe712c0704f404c1eda6383', 'a79790');
UPDATE Ticket SET used = 1 WHERE id_ticket = X'0f13f95848a35bae870e40019241775564043ff9d01124f8a6c938834b7386da';INSERT INTO History VALUES('2020-06-25 17:32:19.343285', X'0f13f95848a35bae870e40019241775564043ff9d01124f8a6c938834b7386da', 'a51166');
UPDATE Ticket SET used = 1 WHERE id_ticket = X'adae29eceeef86f9234e345896bfeef6ef71180e9ae1510b56828462627cbad1';INSERT INTO History VALUES('2020-05-30 14:22:34.607285', X'adae29eceeef86f9234e345896bfeef6ef71180e9ae1510b56828462627cbad1', 'a75124');
UPDATE Ticket SET used = 1 WHERE id_ticket = X'9dc0b73a57e41610e2a858fbe58c17afed1242db7d6ef6faefe67d60e8c6ed34';INSERT INTO History VALUES('2020-07-03 17:51:18.991165', X'9dc0b73a57e41610e2a858fbe58c17afed1242db7d6ef6faefe67d60e8c6ed34', 'a61312');
UPDATE Ticket SET used = 1 WHERE id_ticket = X'041e27864046f5357b11b59f577698d7ec6b7ff7f14c5b43bb33c8430be5da70';INSERT INTO History VALUES('2020-05-29 22:12:55.087213', X'041e27864046f5357b11b59f577698d7ec6b7ff7f14c5b43bb33c8430be5da70', 'a50692');
UPDATE Ticket SET used = 1 WHERE id_ticket = X'e1a50d1c5d1958f49db56db027d7a2e2488a0f8f2dbc062c36dade3440c6bb25';INSERT INTO History VALUES('2020-05-21 15:13:26.286155', X'e1a50d1c5d1958f49db56db027d7a2e2488a0f8f2dbc062c36dade3440c6bb25', 'a79863');
UPDATE Ticket SET used = 1 WHERE id_ticket = X'37adc1c75f8bf0fb4b48005b2860de266a74608b59403f6071b6ee63d991027b';INSERT INTO History VALUES('2020-07-01 19:35:20.301209', X'37adc1c75f8bf0fb4b48005b2860de266a74608b59403f6071b6ee63d991027b', 'a54437');
UPDATE Ticket SET used = 1 WHERE id_ticket = X'f59cb4ff0444cd21d510a4c5165c92a5c6b1a59950f2b8789eb238232590b457';INSERT INTO History VALUES('2020-06-20 07:14:53.672911', X'f59cb4ff0444cd21d510a4c5165c92a5c6b1a59950f2b8789eb238232590b457', 'a58814');
UPDATE Ticket SET used = 1 WHERE id_ticket = X'b9889da5ba93de53477fb859535884403db746fe583ed461651d871514a73c4b';INSERT INTO History VALUES('2020-06-26 07:36:03.766276', X'b9889da5ba93de53477fb859535884403db746fe583ed461651d871514a73c4b', 'a08585');
UPDATE Ticket SET used = 1 WHERE id_ticket = X'a1cc1f6efafbb5187e1682fb853d81da5122432800d919e759f4d76cc3d96b58';INSERT INTO History VALUES('2020-06-04 16:37:37.870748', X'a1cc1f6efafbb5187e1682fb853d81da5122432800d919e759f4d76cc3d96b58', 'a86788');
UPDATE Ticket SET used = 1 WHERE id_ticket = X'cf93938d239f873e37a1e68cbe38fc3ba4e236e5bade0267a13923f3ed93bb1a';INSERT INTO History VALUES('2020-06-14 03:44:19.675591', X'cf93938d239f873e37a1e68cbe38fc3ba4e236e5bade0267a13923f3ed93bb1a', 'a27360');
UPDATE Ticket SET used = 1 WHERE id_ticket = X'0b1d2edf75c6918b5f3a1b23a46df207525f858f9d93fab10e6cdfc519948151';INSERT INTO History VALUES('2020-06-29 11:01:38.915576', X'0b1d2edf75c6918b5f3a1b23a46df207525f858f9d93fab10e6cdfc519948151', 'a50692');
UPDATE Ticket SET used = 1 WHERE id_ticket = X'acddd19629d5c1e9701640e876cd8311ba6e8bb20c57bb67d00e82d4de55be5f';INSERT INTO History VALUES('2020-06-08 09:39:05.655475', X'acddd19629d5c1e9701640e876cd8311ba6e8bb20c57bb67d00e82d4de55be5f', 'a50784');
UPDATE Ticket SET used = 1 WHERE id_ticket = X'98fcf1384740ea04950ee7c9b8aa6c0f7871700fe88cb1dfefad59ca8663303e';INSERT INTO History VALUES('2020-06-28 20:13:01.036119', X'98fcf1384740ea04950ee7c9b8aa6c0f7871700fe88cb1dfefad59ca8663303e', 'a50559');
UPDATE Ticket SET used = 1 WHERE id_ticket = X'bd001ab7697f50659ca1214e853f64507b7067cf7e0968ce8f2c2892dc9bcb34';INSERT INTO History VALUES('2020-06-18 15:19:10.658818', X'bd001ab7697f50659ca1214e853f64507b7067cf7e0968ce8f2c2892dc9bcb34', 'a27668');
UPDATE Ticket SET used = 1 WHERE id_ticket = X'a9a05343911826811cbd9483ee3d9faa1700c4e43ab098460951ef05c702035c';INSERT INTO History VALUES('2020-05-19 04:46:35.792240', X'a9a05343911826811cbd9483ee3d9faa1700c4e43ab098460951ef05c702035c', 'a93451');
UPDATE Ticket SET used = 1 WHERE id_ticket = X'29d8dac62cfc808ceb51737bc300443372c3ea80441016bc0caff5c6e4669932';INSERT INTO History VALUES('2020-06-03 00:12:13.253613', X'29d8dac62cfc808ceb51737bc300443372c3ea80441016bc0caff5c6e4669932', 'a29258');
UPDATE Ticket SET used = 1 WHERE id_ticket = X'3839fdf5f68e43fdc87b06c9f3092a12b650b7c19aebc0c3b1bac1014ab559eb';INSERT INTO History VALUES('2020-06-28 10:22:03.264513', X'3839fdf5f68e43fdc87b06c9f3092a12b650b7c19aebc0c3b1bac1014ab559eb', 'a58814');
UPDATE Ticket SET used = 1 WHERE id_ticket = X'87b045c48aac2d07eab85f39317e4b83570a6b77af62790f8d5ea382fda2a72d';INSERT INTO History VALUES('2020-05-10 16:47:21.432844', X'87b045c48aac2d07eab85f39317e4b83570a6b77af62790f8d5ea382fda2a72d', 'a27668');
UPDATE Ticket SET used = 1 WHERE id_ticket = X'27bb017f3ad1ec65d0ccd17dc764a8996e054dc7c07c6683fb391622abbb138c';INSERT INTO History VALUES('2020-06-20 11:16:07.766050', X'27bb017f3ad1ec65d0ccd17dc764a8996e054dc7c07c6683fb391622abbb138c', 'a16297');
UPDATE Ticket SET used = 1 WHERE id_ticket = X'582d99d85a3384ceac9c0bd5acb4a368a94b01f27acb7ec9afe1e55e9caa8b79';INSERT INTO History VALUES('2020-06-14 10:36:55.082281', X'582d99d85a3384ceac9c0bd5acb4a368a94b01f27acb7ec9afe1e55e9caa8b79', 'a00286');
UPDATE Ticket SET used = 1 WHERE id_ticket = X'd4e7843e1be0745b92e6307b3dc8007a6e3be66eca314e7ac5aa04807b526859';INSERT INTO History VALUES('2020-06-21 14:45:44.794024', X'd4e7843e1be0745b92e6307b3dc8007a6e3be66eca314e7ac5aa04807b526859', 'a50559');
UPDATE Ticket SET used = 1 WHERE id_ticket = X'4b9c9ee5073dfc0c6610db697d9aefb9087d477fa14c793df2e6cd278c79a323';INSERT INTO History VALUES('2020-07-03 15:00:39.131934', X'4b9c9ee5073dfc0c6610db697d9aefb9087d477fa14c793df2e6cd278c79a323', 'a15225');
UPDATE Ticket SET used = 1 WHERE id_ticket = X'fd71365df2f47b4aa5ec35caff7f8351a28e6381e09a4b0c41271cbf9c550373';INSERT INTO History VALUES('2020-05-21 08:49:43.650935', X'fd71365df2f47b4aa5ec35caff7f8351a28e6381e09a4b0c41271cbf9c550373', 'a00759');
UPDATE Ticket SET used = 1 WHERE id_ticket = X'992dc6e61448114d35c7eab76cfd0b66a976a55d103c6f460cc8690199266b2a';INSERT INTO History VALUES('2020-05-26 05:54:17.014607', X'992dc6e61448114d35c7eab76cfd0b66a976a55d103c6f460cc8690199266b2a', 'a66484');
UPDATE Ticket SET used = 1 WHERE id_ticket = X'bd454e73e2f3393321c00cdd2265c3f9b3d422360faed245b4e0684fb15aefab';INSERT INTO History VALUES('2020-06-16 23:59:03.982974', X'bd454e73e2f3393321c00cdd2265c3f9b3d422360faed245b4e0684fb15aefab', 'a72926');
UPDATE Ticket SET used = 1 WHERE id_ticket = X'ebc7cd65366aebd80f525623cda3c967dd406b0e34e72afb75c76559b6e79327';INSERT INTO History VALUES('2020-05-17 05:06:19.210186', X'ebc7cd65366aebd80f525623cda3c967dd406b0e34e72afb75c76559b6e79327', 'a27360');
UPDATE Ticket SET used = 1 WHERE id_ticket = X'5d004ab1a7167f27ebd8ce33deb75d6aac363c64b83fb429304a7af59d727643';INSERT INTO History VALUES('2020-06-03 11:57:29.746845', X'5d004ab1a7167f27ebd8ce33deb75d6aac363c64b83fb429304a7af59d727643', 'a26053');
UPDATE Ticket SET used = 1 WHERE id_ticket = X'fdd2bda4d8775bbeafda4d2b4e3d6e8ee21a7789d84658fa46f6565a74ae93de';INSERT INTO History VALUES('2020-06-16 19:31:15.183412', X'fdd2bda4d8775bbeafda4d2b4e3d6e8ee21a7789d84658fa46f6565a74ae93de', 'a12462');
UPDATE Ticket SET used = 1 WHERE id_ticket = X'ed227b7794653bc7ffbfb2187fbe304fe84bfd25373f1509f4626b33da6ef9c4';INSERT INTO History VALUES('2020-04-22 11:13:09.223995', X'ed227b7794653bc7ffbfb2187fbe304fe84bfd25373f1509f4626b33da6ef9c4', 'a23468');
UPDATE Ticket SET used = 1 WHERE id_ticket = X'c8b7611669209abaa13410a215772401936303b3acb4fdc5852bf9c9ce791587';INSERT INTO History VALUES('2020-07-02 03:42:33.041510', X'c8b7611669209abaa13410a215772401936303b3acb4fdc5852bf9c9ce791587', 'a62910');
UPDATE Ticket SET used = 1 WHERE id_ticket = X'34abb31dd5ab70bcbab3dc9d09b6616f4e10eed5def886aeedd2262af5218792';INSERT INTO History VALUES('2020-05-29 16:04:06.001738', X'34abb31dd5ab70bcbab3dc9d09b6616f4e10eed5def886aeedd2262af5218792', 'a84440');
UPDATE Ticket SET used = 1 WHERE id_ticket = X'e986978588a31b716ef2e1f182999f66f8b3edf87ae9caf2dacf8b2b2ce87049';INSERT INTO History VALUES('2020-06-01 21:38:18.385693', X'e986978588a31b716ef2e1f182999f66f8b3edf87ae9caf2dacf8b2b2ce87049', 'a81593');
UPDATE Ticket SET used = 1 WHERE id_ticket = X'1bb990ec626536505eb1a2f1e4155f20ab1ea3d8b4ec64cc75826870c195e035';INSERT INTO History VALUES('2020-06-27 19:49:44.538645', X'1bb990ec626536505eb1a2f1e4155f20ab1ea3d8b4ec64cc75826870c195e035', 'a90978');
UPDATE Ticket SET used = 1 WHERE id_ticket = X'465ce9f372bed4fb05fb24e9d5a43da66e22b4833f9fb77ac3d548cc88080eb9';INSERT INTO History VALUES('2020-06-28 00:35:32.793917', X'465ce9f372bed4fb05fb24e9d5a43da66e22b4833f9fb77ac3d548cc88080eb9', 'a61537');
UPDATE Ticket SET used = 1 WHERE id_ticket = X'2a9c66a9afff74d1cb64c94ba3a7aac90022723a0edfe352ea2f15dadf2372ab';INSERT INTO History VALUES('2020-06-26 20:46:58.247345', X'2a9c66a9afff74d1cb64c94ba3a7aac90022723a0edfe352ea2f15dadf2372ab', 'a61537');
UPDATE Ticket SET used = 1 WHERE id_ticket = X'a4cded59a35bf0437b3cb05f64f7d21d3a1e0170d251d4a75f7d4b1a24791791';INSERT INTO History VALUES('2020-06-30 17:42:05.929391', X'a4cded59a35bf0437b3cb05f64f7d21d3a1e0170d251d4a75f7d4b1a24791791', 'a37326');
UPDATE Ticket SET used = 1 WHERE id_ticket = X'15b2341f4224813a25947aead942830648c4eeda702ba3f60c19410d0412e3a4';INSERT INTO History VALUES('2020-06-27 09:52:51.539240', X'15b2341f4224813a25947aead942830648c4eeda702ba3f60c19410d0412e3a4', 'a12462');
UPDATE Ticket SET used = 1 WHERE id_ticket = X'c9b84cbdddb66e4ac92e913dd9073b552df57f17f524202f027b3555eebd43cd';INSERT INTO History VALUES('2020-06-10 05:24:02.190161', X'c9b84cbdddb66e4ac92e913dd9073b552df57f17f524202f027b3555eebd43cd', 'a00286');
UPDATE Ticket SET used = 1 WHERE id_ticket = X'67523450ff7f093860bce27790ae1b541304a2d1964f6979662e2ee724575dc7';INSERT INTO History VALUES('2020-06-28 20:54:31.049345', X'67523450ff7f093860bce27790ae1b541304a2d1964f6979662e2ee724575dc7', 'a46471');
UPDATE Ticket SET used = 1 WHERE id_ticket = X'b4520d58e961900a9c3f9680b93677bee84f906fa5e65b0939f9a17b2cd6d144';INSERT INTO History VALUES('2020-07-02 13:54:29.447071', X'b4520d58e961900a9c3f9680b93677bee84f906fa5e65b0939f9a17b2cd6d144', 'a62141');

